Z:\Grateful Dead\# Dick's Picks #\01 - 1973-12-19 [Curtis Hixon Hall, Tampa, FL]\01 Here Comes Sunshine.flac|Here Comes Sunshine
Z:\Grateful Dead\# Dick's Picks #\01 - 1973-12-19 [Curtis Hixon Hall, Tampa, FL]\02 Big River.flac|Big River
Z:\Grateful Dead\# Dick's Picks #\01 - 1973-12-19 [Curtis Hixon Hall, Tampa, FL]\03 Mississippi Half-Step Uptown Toodleloo.flac|Mississippi Half-Step Uptown Toodleloo
Z:\Grateful Dead\# Dick's Picks #\01 - 1973-12-19 [Curtis Hixon Hall, Tampa, FL]\04 Weather Report Suite.flac|Weather Report Suite
Z:\Grateful Dead\# Dick's Picks #\01 - 1973-12-19 [Curtis Hixon Hall, Tampa, FL]\05 Big Railroad Blues.flac|Big Railroad Blues
Z:\Grateful Dead\# Dick's Picks #\01 - 1973-12-19 [Curtis Hixon Hall, Tampa, FL]\06 Playing in the Band.flac|Playing in the Band
Z:\Grateful Dead\# Dick's Picks #\01 - 1973-12-19 [Curtis Hixon Hall, Tampa, FL]\07 He's Gone.flac|He's Gone
Z:\Grateful Dead\# Dick's Picks #\01 - 1973-12-19 [Curtis Hixon Hall, Tampa, FL]\08 Truckin'.flac|Truckin'
Z:\Grateful Dead\# Dick's Picks #\01 - 1973-12-19 [Curtis Hixon Hall, Tampa, FL]\09 Nobody's Fault But Mine.flac|Nobody's Fault But Mine
Z:\Grateful Dead\# Dick's Picks #\01 - 1973-12-19 [Curtis Hixon Hall, Tampa, FL]\10 Jam.flac|Jam
Z:\Grateful Dead\# Dick's Picks #\01 - 1973-12-19 [Curtis Hixon Hall, Tampa, FL]\11 Other One.flac|Other One
Z:\Grateful Dead\# Dick's Picks #\01 - 1973-12-19 [Curtis Hixon Hall, Tampa, FL]\12 Jam.flac|Jam
Z:\Grateful Dead\# Dick's Picks #\01 - 1973-12-19 [Curtis Hixon Hall, Tampa, FL]\13 Stella Blue.flac|Stella Blue
Z:\Grateful Dead\# Dick's Picks #\01 - 1973-12-19 [Curtis Hixon Hall, Tampa, FL]\14 Around and Around.flac|Around and Around
Z:\Grateful Dead\# Dick's Picks #\02 - 1971-10-31 [Ohio Theatre, Columbus, OH]\01 Dark Star-Jam.flac|Dark Star-Jam
Z:\Grateful Dead\# Dick's Picks #\02 - 1971-10-31 [Ohio Theatre, Columbus, OH]\02 Sugar Magnolia.flac|Sugar Magnolia
Z:\Grateful Dead\# Dick's Picks #\02 - 1971-10-31 [Ohio Theatre, Columbus, OH]\03 St. Stephen.flac|St. Stephen
Z:\Grateful Dead\# Dick's Picks #\02 - 1971-10-31 [Ohio Theatre, Columbus, OH]\04 Not Fade Away.flac|Not Fade Away
Z:\Grateful Dead\# Dick's Picks #\02 - 1971-10-31 [Ohio Theatre, Columbus, OH]\05 Goin' Down the Road Feeling Bad.flac|Goin' Down the Road Feeling Bad
Z:\Grateful Dead\# Dick's Picks #\02 - 1971-10-31 [Ohio Theatre, Columbus, OH]\06 Not Fade Away.flac|Not Fade Away
Z:\Grateful Dead\# Dick's Picks #\02 - 1971-10-31 [Ohio Theatre, Columbus, OH] 24 Bit (96-2) Vinyl rip\01 - Dark Star - Jam.flac|Dark Star/Jam
Z:\Grateful Dead\# Dick's Picks #\02 - 1971-10-31 [Ohio Theatre, Columbus, OH] 24 Bit (96-2) Vinyl rip\02 - Sugar Magnolia.flac|Sugar Magnolia
Z:\Grateful Dead\# Dick's Picks #\02 - 1971-10-31 [Ohio Theatre, Columbus, OH] 24 Bit (96-2) Vinyl rip\03 - St. Stephen.flac|St. Stephen
Z:\Grateful Dead\# Dick's Picks #\02 - 1971-10-31 [Ohio Theatre, Columbus, OH] 24 Bit (96-2) Vinyl rip\04 - Not Fade Away.flac|Not Fade Away
Z:\Grateful Dead\# Dick's Picks #\02 - 1971-10-31 [Ohio Theatre, Columbus, OH] 24 Bit (96-2) Vinyl rip\05 - Goin' Down The Road Feeling Bad.flac|Goin' Down The Road Feeling Bad
Z:\Grateful Dead\# Dick's Picks #\02 - 1971-10-31 [Ohio Theatre, Columbus, OH] 24 Bit (96-2) Vinyl rip\06 - Not Fade Away.flac|Not Fade Away
Z:\Grateful Dead\# Dick's Picks #\03 - 1977-05-22 [Sportatorium, Pembroke Pines, FL]\101 Funiculì Funicula.flac|Funiculì Funicula
Z:\Grateful Dead\# Dick's Picks #\03 - 1977-05-22 [Sportatorium, Pembroke Pines, FL]\102 The Music Never Stopped.flac|The Music Never Stopped
Z:\Grateful Dead\# Dick's Picks #\03 - 1977-05-22 [Sportatorium, Pembroke Pines, FL]\103 Sugaree.flac|Sugaree
Z:\Grateful Dead\# Dick's Picks #\03 - 1977-05-22 [Sportatorium, Pembroke Pines, FL]\104 Lazy Lightning.flac|Lazy Lightning
Z:\Grateful Dead\# Dick's Picks #\03 - 1977-05-22 [Sportatorium, Pembroke Pines, FL]\105 Supplication.flac|Supplication
Z:\Grateful Dead\# Dick's Picks #\03 - 1977-05-22 [Sportatorium, Pembroke Pines, FL]\106 Dancing in the Street.flac|Dancing in the Street
Z:\Grateful Dead\# Dick's Picks #\03 - 1977-05-22 [Sportatorium, Pembroke Pines, FL]\107 Help on the Way.flac|Help on the Way
Z:\Grateful Dead\# Dick's Picks #\03 - 1977-05-22 [Sportatorium, Pembroke Pines, FL]\108 Slipknot!.flac|Slipknot!
Z:\Grateful Dead\# Dick's Picks #\03 - 1977-05-22 [Sportatorium, Pembroke Pines, FL]\109 Franklin's Tower.flac|Franklin's Tower
Z:\Grateful Dead\# Dick's Picks #\03 - 1977-05-22 [Sportatorium, Pembroke Pines, FL]\201 Samson and Delilah.flac|Samson and Delilah
Z:\Grateful Dead\# Dick's Picks #\03 - 1977-05-22 [Sportatorium, Pembroke Pines, FL]\202 Sunrise.flac|Sunrise
Z:\Grateful Dead\# Dick's Picks #\03 - 1977-05-22 [Sportatorium, Pembroke Pines, FL]\203 Estimated Prophet.flac|Estimated Prophet
Z:\Grateful Dead\# Dick's Picks #\03 - 1977-05-22 [Sportatorium, Pembroke Pines, FL]\204 Eyes of the World.flac|Eyes of the World
Z:\Grateful Dead\# Dick's Picks #\03 - 1977-05-22 [Sportatorium, Pembroke Pines, FL]\205 Wharf Rat.flac|Wharf Rat
Z:\Grateful Dead\# Dick's Picks #\03 - 1977-05-22 [Sportatorium, Pembroke Pines, FL]\206 Terrapin Station.flac|Terrapin Station
Z:\Grateful Dead\# Dick's Picks #\03 - 1977-05-22 [Sportatorium, Pembroke Pines, FL]\207 (Walk Me Out in the ) Morning Dew.flac|(Walk Me Out in the ) Morning Dew
Z:\Grateful Dead\# Dick's Picks #\04 - 1970-02-13 [ Fillmore East, New York, NY]\101 Intro by Zacherle.flac|Intro by Zacherle
Z:\Grateful Dead\# Dick's Picks #\04 - 1970-02-13 [ Fillmore East, New York, NY]\102 Casey Jones.flac|Casey Jones
Z:\Grateful Dead\# Dick's Picks #\04 - 1970-02-13 [ Fillmore East, New York, NY]\103 Dancing in the Street.flac|Dancing in the Street
Z:\Grateful Dead\# Dick's Picks #\04 - 1970-02-13 [ Fillmore East, New York, NY]\104 China Cat Sunflower.flac|China Cat Sunflower
Z:\Grateful Dead\# Dick's Picks #\04 - 1970-02-13 [ Fillmore East, New York, NY]\105 I Know You Rider.flac|I Know You Rider
Z:\Grateful Dead\# Dick's Picks #\04 - 1970-02-13 [ Fillmore East, New York, NY]\106 High Time.flac|High Time
Z:\Grateful Dead\# Dick's Picks #\04 - 1970-02-13 [ Fillmore East, New York, NY]\107 Dire Wolf.flac|Dire Wolf
Z:\Grateful Dead\# Dick's Picks #\04 - 1970-02-13 [ Fillmore East, New York, NY]\108 Dark Star.flac|Dark Star
Z:\Grateful Dead\# Dick's Picks #\04 - 1970-02-13 [ Fillmore East, New York, NY]\201 That's It for the Other One.flac|That's It for the Other One
Z:\Grateful Dead\# Dick's Picks #\04 - 1970-02-13 [ Fillmore East, New York, NY]\202 Turn on Your Love Light.flac|Turn on Your Love Light
Z:\Grateful Dead\# Dick's Picks #\04 - 1970-02-13 [ Fillmore East, New York, NY]\301 Alligator.flac|Alligator
Z:\Grateful Dead\# Dick's Picks #\04 - 1970-02-13 [ Fillmore East, New York, NY]\302 Drums.flac|Drums
Z:\Grateful Dead\# Dick's Picks #\04 - 1970-02-13 [ Fillmore East, New York, NY]\303 Me & My Uncle.flac|Me & My Uncle
Z:\Grateful Dead\# Dick's Picks #\04 - 1970-02-13 [ Fillmore East, New York, NY]\304 Not Fade Away.flac|Not Fade Away
Z:\Grateful Dead\# Dick's Picks #\04 - 1970-02-13 [ Fillmore East, New York, NY]\305 Mason's Children.flac|Mason's Children
Z:\Grateful Dead\# Dick's Picks #\04 - 1970-02-13 [ Fillmore East, New York, NY]\306 Caution (Do Not Stop on Tracks).flac|Caution (Do Not Stop on Tracks)
Z:\Grateful Dead\# Dick's Picks #\04 - 1970-02-13 [ Fillmore East, New York, NY]\307 Feedback.flac|Feedback
Z:\Grateful Dead\# Dick's Picks #\04 - 1970-02-13 [ Fillmore East, New York, NY]\308 We Bid You Goodnight.flac|We Bid You Goodnight
Z:\Grateful Dead\# Dick's Picks #\05 - 1979-12-26 [Oakland Auditorium Arena, Oakland, CA]\101 Cold Rain and Snow.flac|Cold Rain and Snow
Z:\Grateful Dead\# Dick's Picks #\05 - 1979-12-26 [Oakland Auditorium Arena, Oakland, CA]\102 C.C. Rider.flac|C.C. Rider
Z:\Grateful Dead\# Dick's Picks #\05 - 1979-12-26 [Oakland Auditorium Arena, Oakland, CA]\103 Dire Wolf.flac|Dire Wolf
Z:\Grateful Dead\# Dick's Picks #\05 - 1979-12-26 [Oakland Auditorium Arena, Oakland, CA]\104 Me & My Uncle.flac|Me & My Uncle
Z:\Grateful Dead\# Dick's Picks #\05 - 1979-12-26 [Oakland Auditorium Arena, Oakland, CA]\105 Big River.flac|Big River
Z:\Grateful Dead\# Dick's Picks #\05 - 1979-12-26 [Oakland Auditorium Arena, Oakland, CA]\106 Brown-Eyed Woman.flac|Brown-Eyed Woman
Z:\Grateful Dead\# Dick's Picks #\05 - 1979-12-26 [Oakland Auditorium Arena, Oakland, CA]\107 New Minglewood Blues.flac|New Minglewood Blues
Z:\Grateful Dead\# Dick's Picks #\05 - 1979-12-26 [Oakland Auditorium Arena, Oakland, CA]\108 Friend of the Devil.flac|Friend of the Devil
Z:\Grateful Dead\# Dick's Picks #\05 - 1979-12-26 [Oakland Auditorium Arena, Oakland, CA]\109 Looks Like Rain.flac|Looks Like Rain
Z:\Grateful Dead\# Dick's Picks #\05 - 1979-12-26 [Oakland Auditorium Arena, Oakland, CA]\110 Alabama Getaway.flac|Alabama Getaway
Z:\Grateful Dead\# Dick's Picks #\05 - 1979-12-26 [Oakland Auditorium Arena, Oakland, CA]\111 Promised Land.flac|Promised Land
Z:\Grateful Dead\# Dick's Picks #\05 - 1979-12-26 [Oakland Auditorium Arena, Oakland, CA]\201 Drums.flac|Drums
Z:\Grateful Dead\# Dick's Picks #\05 - 1979-12-26 [Oakland Auditorium Arena, Oakland, CA]\202 Uncle John's Band.flac|Uncle John's Band
Z:\Grateful Dead\# Dick's Picks #\05 - 1979-12-26 [Oakland Auditorium Arena, Oakland, CA]\203 Estimated Prophet.flac|Estimated Prophet
Z:\Grateful Dead\# Dick's Picks #\05 - 1979-12-26 [Oakland Auditorium Arena, Oakland, CA]\204 Jam, No. 1.flac|Jam, No. 1
Z:\Grateful Dead\# Dick's Picks #\05 - 1979-12-26 [Oakland Auditorium Arena, Oakland, CA]\205 He's Gone.flac|He's Gone
Z:\Grateful Dead\# Dick's Picks #\05 - 1979-12-26 [Oakland Auditorium Arena, Oakland, CA]\206 The Other One.flac|The Other One
Z:\Grateful Dead\# Dick's Picks #\05 - 1979-12-26 [Oakland Auditorium Arena, Oakland, CA]\301 Drums.flac|Drums
Z:\Grateful Dead\# Dick's Picks #\05 - 1979-12-26 [Oakland Auditorium Arena, Oakland, CA]\302 Jam, No. 2.flac|Jam, No. 2
Z:\Grateful Dead\# Dick's Picks #\05 - 1979-12-26 [Oakland Auditorium Arena, Oakland, CA]\303 Not Fade Away.flac|Not Fade Away
Z:\Grateful Dead\# Dick's Picks #\05 - 1979-12-26 [Oakland Auditorium Arena, Oakland, CA]\304 Brokedown Palace.flac|Brokedown Palace
Z:\Grateful Dead\# Dick's Picks #\05 - 1979-12-26 [Oakland Auditorium Arena, Oakland, CA]\305 Around and Around.flac|Around and Around
Z:\Grateful Dead\# Dick's Picks #\05 - 1979-12-26 [Oakland Auditorium Arena, Oakland, CA]\306 Johnny B. Goode.flac|Johnny B. Goode
Z:\Grateful Dead\# Dick's Picks #\05 - 1979-12-26 [Oakland Auditorium Arena, Oakland, CA]\307 Shakedown Street.flac|Shakedown Street
Z:\Grateful Dead\# Dick's Picks #\05 - 1979-12-26 [Oakland Auditorium Arena, Oakland, CA]\308 Uncle John's Band.flac|Uncle John's Band
Z:\Grateful Dead\# Dick's Picks #\06 - 1983-10-14 [Hartford Civic Center, Hartford, CT]\101 Alabama Getaway.flac|Alabama Getaway
Z:\Grateful Dead\# Dick's Picks #\06 - 1983-10-14 [Hartford Civic Center, Hartford, CT]\102 Greatest Story Ever Told.flac|Greatest Story Ever Told
Z:\Grateful Dead\# Dick's Picks #\06 - 1983-10-14 [Hartford Civic Center, Hartford, CT]\103 They Love Each Other.flac|They Love Each Other
Z:\Grateful Dead\# Dick's Picks #\06 - 1983-10-14 [Hartford Civic Center, Hartford, CT]\104 Mama Tried.flac|Mama Tried
Z:\Grateful Dead\# Dick's Picks #\06 - 1983-10-14 [Hartford Civic Center, Hartford, CT]\105 Big River.flac|Big River
Z:\Grateful Dead\# Dick's Picks #\06 - 1983-10-14 [Hartford Civic Center, Hartford, CT]\106 Althea.flac|Althea
Z:\Grateful Dead\# Dick's Picks #\06 - 1983-10-14 [Hartford Civic Center, Hartford, CT]\107 C.C. Rider.flac|C.C. Rider
Z:\Grateful Dead\# Dick's Picks #\06 - 1983-10-14 [Hartford Civic Center, Hartford, CT]\108 Tennessee Jed.flac|Tennessee Jed
Z:\Grateful Dead\# Dick's Picks #\06 - 1983-10-14 [Hartford Civic Center, Hartford, CT]\109 Hell in a Bucket.flac|Hell in a Bucket
Z:\Grateful Dead\# Dick's Picks #\06 - 1983-10-14 [Hartford Civic Center, Hartford, CT]\110 Keep Your Day Job.flac|Keep Your Day Job
Z:\Grateful Dead\# Dick's Picks #\06 - 1983-10-14 [Hartford Civic Center, Hartford, CT]\201 Scarlet Begonias.flac|Scarlet Begonias
Z:\Grateful Dead\# Dick's Picks #\06 - 1983-10-14 [Hartford Civic Center, Hartford, CT]\202 Fire on the Mountain.flac|Fire on the Mountain
Z:\Grateful Dead\# Dick's Picks #\06 - 1983-10-14 [Hartford Civic Center, Hartford, CT]\203 Estimated Prophet.flac|Estimated Prophet
Z:\Grateful Dead\# Dick's Picks #\06 - 1983-10-14 [Hartford Civic Center, Hartford, CT]\204 Eyes of the World.flac|Eyes of the World
Z:\Grateful Dead\# Dick's Picks #\06 - 1983-10-14 [Hartford Civic Center, Hartford, CT]\301 Drums.flac|Drums
Z:\Grateful Dead\# Dick's Picks #\06 - 1983-10-14 [Hartford Civic Center, Hartford, CT]\302 Spanish Jam.flac|Spanish Jam
Z:\Grateful Dead\# Dick's Picks #\06 - 1983-10-14 [Hartford Civic Center, Hartford, CT]\303 The Other One.flac|The Other One
Z:\Grateful Dead\# Dick's Picks #\06 - 1983-10-14 [Hartford Civic Center, Hartford, CT]\304 Stella Blue.flac|Stella Blue
Z:\Grateful Dead\# Dick's Picks #\06 - 1983-10-14 [Hartford Civic Center, Hartford, CT]\305 Sugar Magnolia (Encore).flac|Sugar Magnolia (Encore)
Z:\Grateful Dead\# Dick's Picks #\06 - 1983-10-14 [Hartford Civic Center, Hartford, CT]\306 U.S. Blues.flac|U.S. Blues
Z:\Grateful Dead\# Dick's Picks #\07 - 1974-09-09 [Alexandra Palace, London, England]\101 Scarlet Begonias.flac|Scarlet Begonias
Z:\Grateful Dead\# Dick's Picks #\07 - 1974-09-09 [Alexandra Palace, London, England]\102 Mexicali Blues.flac|Mexicali Blues
Z:\Grateful Dead\# Dick's Picks #\07 - 1974-09-09 [Alexandra Palace, London, England]\103 Row Jimmy.flac|Row Jimmy
Z:\Grateful Dead\# Dick's Picks #\07 - 1974-09-09 [Alexandra Palace, London, England]\104 Black-Throated Wind.flac|Black-Throated Wind
Z:\Grateful Dead\# Dick's Picks #\07 - 1974-09-09 [Alexandra Palace, London, England]\105 Mississippi Half-Step Uptown Toodleloo.flac|Mississippi Half-Step Uptown Toodleloo
Z:\Grateful Dead\# Dick's Picks #\07 - 1974-09-09 [Alexandra Palace, London, England]\106 Beat It on Down the Line.flac|Beat It on Down the Line
Z:\Grateful Dead\# Dick's Picks #\07 - 1974-09-09 [Alexandra Palace, London, England]\107 Tennessee Jed.flac|Tennessee Jed
Z:\Grateful Dead\# Dick's Picks #\07 - 1974-09-09 [Alexandra Palace, London, England]\108 Playing in the Band.flac|Playing in the Band
Z:\Grateful Dead\# Dick's Picks #\07 - 1974-09-09 [Alexandra Palace, London, England]\201 Weather Report Suite.flac|Weather Report Suite
Z:\Grateful Dead\# Dick's Picks #\07 - 1974-09-09 [Alexandra Palace, London, England]\202 Stella Blue.flac|Stella Blue
Z:\Grateful Dead\# Dick's Picks #\07 - 1974-09-09 [Alexandra Palace, London, England]\203 Jack Straw.flac|Jack Straw
Z:\Grateful Dead\# Dick's Picks #\07 - 1974-09-09 [Alexandra Palace, London, England]\204 Brown-Eyed Woman.flac|Brown-Eyed Woman
Z:\Grateful Dead\# Dick's Picks #\07 - 1974-09-09 [Alexandra Palace, London, England]\205 Big River.flac|Big River
Z:\Grateful Dead\# Dick's Picks #\07 - 1974-09-09 [Alexandra Palace, London, England]\206 Truckin'.flac|Truckin'
Z:\Grateful Dead\# Dick's Picks #\07 - 1974-09-09 [Alexandra Palace, London, England]\207 Wood Green Jam.flac|Wood Green Jam
Z:\Grateful Dead\# Dick's Picks #\07 - 1974-09-09 [Alexandra Palace, London, England]\208 Wharf Rat.flac|Wharf Rat
Z:\Grateful Dead\# Dick's Picks #\07 - 1974-09-09 [Alexandra Palace, London, England]\301 Me & My Uncle.flac|Me & My Uncle
Z:\Grateful Dead\# Dick's Picks #\07 - 1974-09-09 [Alexandra Palace, London, England]\302 Not Fade Away.flac|Not Fade Away
Z:\Grateful Dead\# Dick's Picks #\07 - 1974-09-09 [Alexandra Palace, London, England]\303 Dark Star.flac|Dark Star
Z:\Grateful Dead\# Dick's Picks #\07 - 1974-09-09 [Alexandra Palace, London, England]\304 Spam Jam.flac|Spam Jam
Z:\Grateful Dead\# Dick's Picks #\07 - 1974-09-09 [Alexandra Palace, London, England]\305 Morning Dew.flac|Morning Dew
Z:\Grateful Dead\# Dick's Picks #\07 - 1974-09-09 [Alexandra Palace, London, England]\306 U.S. Blues.flac|U.S. Blues
Z:\Grateful Dead\# Dick's Picks #\08 - 1970-05-02 [Harpur College, Binghampton, NY]\101 Don't Ease Me In.flac|Don't Ease Me In
Z:\Grateful Dead\# Dick's Picks #\08 - 1970-05-02 [Harpur College, Binghampton, NY]\102 I Know You Rider.flac|I Know You Rider
Z:\Grateful Dead\# Dick's Picks #\08 - 1970-05-02 [Harpur College, Binghampton, NY]\103 Friend of the Devil.flac|Friend of the Devil
Z:\Grateful Dead\# Dick's Picks #\08 - 1970-05-02 [Harpur College, Binghampton, NY]\104 Dire Wolf.flac|Dire Wolf
Z:\Grateful Dead\# Dick's Picks #\08 - 1970-05-02 [Harpur College, Binghampton, NY]\105 Beat It on Down the Line.flac|Beat It on Down the Line
Z:\Grateful Dead\# Dick's Picks #\08 - 1970-05-02 [Harpur College, Binghampton, NY]\106 Black Peter.flac|Black Peter
Z:\Grateful Dead\# Dick's Picks #\08 - 1970-05-02 [Harpur College, Binghampton, NY]\107 Candy Man.flac|Candy Man
Z:\Grateful Dead\# Dick's Picks #\08 - 1970-05-02 [Harpur College, Binghampton, NY]\108 Cumberland Blues.flac|Cumberland Blues
Z:\Grateful Dead\# Dick's Picks #\08 - 1970-05-02 [Harpur College, Binghampton, NY]\109 Deep Elem Blues.flac|Deep Elem Blues
Z:\Grateful Dead\# Dick's Picks #\08 - 1970-05-02 [Harpur College, Binghampton, NY]\110 Cold Jordan.flac|Cold Jordan
Z:\Grateful Dead\# Dick's Picks #\08 - 1970-05-02 [Harpur College, Binghampton, NY]\111 Uncle John's Band.flac|Uncle John's Band
Z:\Grateful Dead\# Dick's Picks #\08 - 1970-05-02 [Harpur College, Binghampton, NY]\201 St. Stephen.flac|St. Stephen
Z:\Grateful Dead\# Dick's Picks #\08 - 1970-05-02 [Harpur College, Binghampton, NY]\202 Cryptical Envelopment.flac|Cryptical Envelopment
Z:\Grateful Dead\# Dick's Picks #\08 - 1970-05-02 [Harpur College, Binghampton, NY]\203 Drums.flac|Drums
Z:\Grateful Dead\# Dick's Picks #\08 - 1970-05-02 [Harpur College, Binghampton, NY]\203 Looks Like Rain.flac|Looks Like Rain
Z:\Grateful Dead\# Dick's Picks #\08 - 1970-05-02 [Harpur College, Binghampton, NY]\204 The Other One.flac|The Other One
Z:\Grateful Dead\# Dick's Picks #\08 - 1970-05-02 [Harpur College, Binghampton, NY]\205 Cryptical Envelopment.flac|Cryptical Envelopment
Z:\Grateful Dead\# Dick's Picks #\08 - 1970-05-02 [Harpur College, Binghampton, NY]\206 Cosmic Charlie.flac|Cosmic Charlie
Z:\Grateful Dead\# Dick's Picks #\08 - 1970-05-02 [Harpur College, Binghampton, NY]\207 Casey Jones.flac|Casey Jones
Z:\Grateful Dead\# Dick's Picks #\08 - 1970-05-02 [Harpur College, Binghampton, NY]\208 Good Lovin'.flac|Good Lovin'
Z:\Grateful Dead\# Dick's Picks #\08 - 1970-05-02 [Harpur College, Binghampton, NY]\300 Cold Rain & Snow.flac|Cold Rain & Snow
Z:\Grateful Dead\# Dick's Picks #\08 - 1970-05-02 [Harpur College, Binghampton, NY]\301 It's a Man's Man's Man's World.flac|It's a Man's Man's Man's World
Z:\Grateful Dead\# Dick's Picks #\08 - 1970-05-02 [Harpur College, Binghampton, NY]\302 Dancing in the Street.flac|Dancing in the Street
Z:\Grateful Dead\# Dick's Picks #\08 - 1970-05-02 [Harpur College, Binghampton, NY]\303 Morning Dew.flac|Morning Dew
Z:\Grateful Dead\# Dick's Picks #\08 - 1970-05-02 [Harpur College, Binghampton, NY]\304 Viola Lee Blues.flac|Viola Lee Blues
Z:\Grateful Dead\# Dick's Picks #\08 - 1970-05-02 [Harpur College, Binghampton, NY]\305 We Bid You Goodnight.flac|We Bid You Goodnight
Z:\Grateful Dead\# Dick's Picks #\09 - 1990-09-16 [Madison Square Garden, New York, NY]\101 Hell in a Bucket.flac|Hell in a Bucket
Z:\Grateful Dead\# Dick's Picks #\09 - 1990-09-16 [Madison Square Garden, New York, NY]\102 Cold Rain and Snow.flac|Cold Rain and Snow
Z:\Grateful Dead\# Dick's Picks #\09 - 1990-09-16 [Madison Square Garden, New York, NY]\103 Little Red Rooster.flac|Little Red Rooster
Z:\Grateful Dead\# Dick's Picks #\09 - 1990-09-16 [Madison Square Garden, New York, NY]\104 Stagger Lee.flac|Stagger Lee
Z:\Grateful Dead\# Dick's Picks #\09 - 1990-09-16 [Madison Square Garden, New York, NY]\105 Queen Jane Approximately.flac|Queen Jane Approximately
Z:\Grateful Dead\# Dick's Picks #\09 - 1990-09-16 [Madison Square Garden, New York, NY]\106 Tennessee Jed.flac|Tennessee Jed
Z:\Grateful Dead\# Dick's Picks #\09 - 1990-09-16 [Madison Square Garden, New York, NY]\107 Cassidy.flac|Cassidy
Z:\Grateful Dead\# Dick's Picks #\09 - 1990-09-16 [Madison Square Garden, New York, NY]\108 Deal.flac|Deal
Z:\Grateful Dead\# Dick's Picks #\09 - 1990-09-16 [Madison Square Garden, New York, NY]\201  Samson And Delilah.flac|Samson And Delilah
Z:\Grateful Dead\# Dick's Picks #\09 - 1990-09-16 [Madison Square Garden, New York, NY]\202  Iko Iko.flac|Iko Iko
Z:\Grateful Dead\# Dick's Picks #\09 - 1990-09-16 [Madison Square Garden, New York, NY]\203  Looks Like Rain.flac|Looks Like Rain
Z:\Grateful Dead\# Dick's Picks #\09 - 1990-09-16 [Madison Square Garden, New York, NY]\204  He's Gone ».flac|He's Gone >
Z:\Grateful Dead\# Dick's Picks #\09 - 1990-09-16 [Madison Square Garden, New York, NY]\205  No MSG Jam ».flac|No MSG Jam >
Z:\Grateful Dead\# Dick's Picks #\09 - 1990-09-16 [Madison Square Garden, New York, NY]\206  Drums ».flac|Drums >
Z:\Grateful Dead\# Dick's Picks #\09 - 1990-09-16 [Madison Square Garden, New York, NY]\301 Space.flac|Space
Z:\Grateful Dead\# Dick's Picks #\09 - 1990-09-16 [Madison Square Garden, New York, NY]\302 Standing on the Moon.flac|Standing on the Moon
Z:\Grateful Dead\# Dick's Picks #\09 - 1990-09-16 [Madison Square Garden, New York, NY]\303 Lunatic Preserve.flac|Lunatic Preserve
Z:\Grateful Dead\# Dick's Picks #\09 - 1990-09-16 [Madison Square Garden, New York, NY]\304 I Need a Miracle.flac|I Need a Miracle
Z:\Grateful Dead\# Dick's Picks #\09 - 1990-09-16 [Madison Square Garden, New York, NY]\305 Morning Dew.flac|Morning Dew
Z:\Grateful Dead\# Dick's Picks #\09 - 1990-09-16 [Madison Square Garden, New York, NY]\306 It's All over Now, Baby Blue.flac|It's All over Now, Baby Blue
Z:\Grateful Dead\# Dick's Picks #\10 - 1977-12-29 [Winterland Arena, San Francisco, CA]\101 Jack Straw.flac|Jack Straw
Z:\Grateful Dead\# Dick's Picks #\10 - 1977-12-29 [Winterland Arena, San Francisco, CA]\102 They Love Each Other.flac|They Love Each Other
Z:\Grateful Dead\# Dick's Picks #\10 - 1977-12-29 [Winterland Arena, San Francisco, CA]\103 Mama Tried.flac|Mama Tried
Z:\Grateful Dead\# Dick's Picks #\10 - 1977-12-29 [Winterland Arena, San Francisco, CA]\104 Loser.flac|Loser
Z:\Grateful Dead\# Dick's Picks #\10 - 1977-12-29 [Winterland Arena, San Francisco, CA]\105 Looks Like Rain.flac|Looks Like Rain
Z:\Grateful Dead\# Dick's Picks #\10 - 1977-12-29 [Winterland Arena, San Francisco, CA]\106 Tennessee Jed.flac|Tennessee Jed
Z:\Grateful Dead\# Dick's Picks #\10 - 1977-12-29 [Winterland Arena, San Francisco, CA]\107 New Minglewood Blues.flac|New Minglewood Blues
Z:\Grateful Dead\# Dick's Picks #\10 - 1977-12-29 [Winterland Arena, San Francisco, CA]\108 Sugaree.flac|Sugaree
Z:\Grateful Dead\# Dick's Picks #\10 - 1977-12-29 [Winterland Arena, San Francisco, CA]\109 Promised Land.flac|Promised Land
Z:\Grateful Dead\# Dick's Picks #\10 - 1977-12-29 [Winterland Arena, San Francisco, CA]\201 Bertha.flac|Bertha
Z:\Grateful Dead\# Dick's Picks #\10 - 1977-12-29 [Winterland Arena, San Francisco, CA]\202 Good Lovin'.flac|Good Lovin'
Z:\Grateful Dead\# Dick's Picks #\10 - 1977-12-29 [Winterland Arena, San Francisco, CA]\203 Playing in the Band.flac|Playing in the Band
Z:\Grateful Dead\# Dick's Picks #\10 - 1977-12-29 [Winterland Arena, San Francisco, CA]\204 China Cat Sunflower.flac|China Cat Sunflower
Z:\Grateful Dead\# Dick's Picks #\10 - 1977-12-29 [Winterland Arena, San Francisco, CA]\205 I Know You Rider.flac|I Know You Rider
Z:\Grateful Dead\# Dick's Picks #\10 - 1977-12-29 [Winterland Arena, San Francisco, CA]\206 China Doll.flac|China Doll
Z:\Grateful Dead\# Dick's Picks #\10 - 1977-12-29 [Winterland Arena, San Francisco, CA]\207 Playing Jam.flac|Playing Jam
Z:\Grateful Dead\# Dick's Picks #\10 - 1977-12-29 [Winterland Arena, San Francisco, CA]\208 Drums.flac|Drums
Z:\Grateful Dead\# Dick's Picks #\10 - 1977-12-29 [Winterland Arena, San Francisco, CA]\209 Not Fade Away.flac|Not Fade Away
Z:\Grateful Dead\# Dick's Picks #\10 - 1977-12-29 [Winterland Arena, San Francisco, CA]\210 Playing in the Band.flac|Playing in the Band
Z:\Grateful Dead\# Dick's Picks #\10 - 1977-12-29 [Winterland Arena, San Francisco, CA]\301 Terrapin Station.flac|Terrapin Station
Z:\Grateful Dead\# Dick's Picks #\10 - 1977-12-29 [Winterland Arena, San Francisco, CA]\302 Johnny B. Goode.flac|Johnny B. Goode
Z:\Grateful Dead\# Dick's Picks #\10 - 1977-12-29 [Winterland Arena, San Francisco, CA]\303 Estimated Prophet.flac|Estimated Prophet
Z:\Grateful Dead\# Dick's Picks #\10 - 1977-12-29 [Winterland Arena, San Francisco, CA]\304 Eyes of the World.flac|Eyes of the World
Z:\Grateful Dead\# Dick's Picks #\10 - 1977-12-29 [Winterland Arena, San Francisco, CA]\305 St. Stephen.flac|St. Stephen
Z:\Grateful Dead\# Dick's Picks #\10 - 1977-12-29 [Winterland Arena, San Francisco, CA]\306 Sugar Magnolia.flac|Sugar Magnolia
Z:\Grateful Dead\# Dick's Picks #\11 - 1972-09-27 [Stanley Theater, New Jersey, NJ]\101 Morning Dew.flac|Morning Dew
Z:\Grateful Dead\# Dick's Picks #\11 - 1972-09-27 [Stanley Theater, New Jersey, NJ]\102 Beat It on Down the Line.flac|Beat It on Down the Line
Z:\Grateful Dead\# Dick's Picks #\11 - 1972-09-27 [Stanley Theater, New Jersey, NJ]\103 Friend of the Devil.flac|Friend of the Devil
Z:\Grateful Dead\# Dick's Picks #\11 - 1972-09-27 [Stanley Theater, New Jersey, NJ]\104 Black-Throated Wind.flac|Black-Throated Wind
Z:\Grateful Dead\# Dick's Picks #\11 - 1972-09-27 [Stanley Theater, New Jersey, NJ]\105 Tennessee Jed.flac|Tennessee Jed
Z:\Grateful Dead\# Dick's Picks #\11 - 1972-09-27 [Stanley Theater, New Jersey, NJ]\106 Mexicali Blues.flac|Mexicali Blues
Z:\Grateful Dead\# Dick's Picks #\11 - 1972-09-27 [Stanley Theater, New Jersey, NJ]\107 Bird Song.flac|Bird Song
Z:\Grateful Dead\# Dick's Picks #\11 - 1972-09-27 [Stanley Theater, New Jersey, NJ]\108 Big River.flac|Big River
Z:\Grateful Dead\# Dick's Picks #\11 - 1972-09-27 [Stanley Theater, New Jersey, NJ]\109 Brokedown Palace.flac|Brokedown Palace
Z:\Grateful Dead\# Dick's Picks #\11 - 1972-09-27 [Stanley Theater, New Jersey, NJ]\110 El Paso.flac|El Paso
Z:\Grateful Dead\# Dick's Picks #\11 - 1972-09-27 [Stanley Theater, New Jersey, NJ]\201 China Cat Sunflower.flac|China Cat Sunflower
Z:\Grateful Dead\# Dick's Picks #\11 - 1972-09-27 [Stanley Theater, New Jersey, NJ]\202 I Know You Rider.flac|I Know You Rider
Z:\Grateful Dead\# Dick's Picks #\11 - 1972-09-27 [Stanley Theater, New Jersey, NJ]\203 Playing in the Band.flac|Playing in the Band
Z:\Grateful Dead\# Dick's Picks #\11 - 1972-09-27 [Stanley Theater, New Jersey, NJ]\204 He's Gone.flac|He's Gone
Z:\Grateful Dead\# Dick's Picks #\11 - 1972-09-27 [Stanley Theater, New Jersey, NJ]\205 Me & My Uncle.flac|Me & My Uncle
Z:\Grateful Dead\# Dick's Picks #\11 - 1972-09-27 [Stanley Theater, New Jersey, NJ]\206 Deal.flac|Deal
Z:\Grateful Dead\# Dick's Picks #\11 - 1972-09-27 [Stanley Theater, New Jersey, NJ]\207 Greatest Story Ever Told.flac|Greatest Story Ever Told
Z:\Grateful Dead\# Dick's Picks #\11 - 1972-09-27 [Stanley Theater, New Jersey, NJ]\208 Ramble on Rose.flac|Ramble on Rose
Z:\Grateful Dead\# Dick's Picks #\11 - 1972-09-27 [Stanley Theater, New Jersey, NJ]\301 Dark Star.flac|Dark Star
Z:\Grateful Dead\# Dick's Picks #\11 - 1972-09-27 [Stanley Theater, New Jersey, NJ]\302 Cumberland Blues.flac|Cumberland Blues
Z:\Grateful Dead\# Dick's Picks #\11 - 1972-09-27 [Stanley Theater, New Jersey, NJ]\303 Attics of My Life.flac|Attics of My Life
Z:\Grateful Dead\# Dick's Picks #\11 - 1972-09-27 [Stanley Theater, New Jersey, NJ]\304 Promised Land.flac|Promised Land
Z:\Grateful Dead\# Dick's Picks #\11 - 1972-09-27 [Stanley Theater, New Jersey, NJ]\305 Uncle John's Band.flac|Uncle John's Band
Z:\Grateful Dead\# Dick's Picks #\11 - 1972-09-27 [Stanley Theater, New Jersey, NJ]\306 Casey Jones.flac|Casey Jones
Z:\Grateful Dead\# Dick's Picks #\11 - 1972-09-27 [Stanley Theater, New Jersey, NJ]\307 Around and Around.flac|Around and Around
Z:\Grateful Dead\# Dick's Picks #\12 - 1974-06-26 [Providence Civic Centre, Providence, RI]\101 Jam.flac|Jam
Z:\Grateful Dead\# Dick's Picks #\12 - 1974-06-26 [Providence Civic Centre, Providence, RI]\102 China Cat Sunflower.flac|China Cat Sunflower
Z:\Grateful Dead\# Dick's Picks #\12 - 1974-06-26 [Providence Civic Centre, Providence, RI]\103 Mind Left Body Jam.flac|Mind Left Body Jam
Z:\Grateful Dead\# Dick's Picks #\12 - 1974-06-26 [Providence Civic Centre, Providence, RI]\104 I Know You Rider.flac|I Know You Rider
Z:\Grateful Dead\# Dick's Picks #\12 - 1974-06-26 [Providence Civic Centre, Providence, RI]\105 Beer Barrel Polka.flac|Beer Barrel Polka
Z:\Grateful Dead\# Dick's Picks #\12 - 1974-06-26 [Providence Civic Centre, Providence, RI]\106 Truckin'.flac|Truckin'
Z:\Grateful Dead\# Dick's Picks #\12 - 1974-06-26 [Providence Civic Centre, Providence, RI]\107 Other One Jam.flac|Other One Jam
Z:\Grateful Dead\# Dick's Picks #\12 - 1974-06-26 [Providence Civic Centre, Providence, RI]\108 Spanish Jam.flac|Spanish Jam
Z:\Grateful Dead\# Dick's Picks #\12 - 1974-06-26 [Providence Civic Centre, Providence, RI]\109 Wharf Rat.flac|Wharf Rat
Z:\Grateful Dead\# Dick's Picks #\12 - 1974-06-26 [Providence Civic Centre, Providence, RI]\110 Sugar Magnolia.flac|Sugar Magnolia
Z:\Grateful Dead\# Dick's Picks #\12 - 1974-06-26 [Providence Civic Centre, Providence, RI]\201 Eyes of the World.flac|Eyes of the World
Z:\Grateful Dead\# Dick's Picks #\12 - 1974-06-26 [Providence Civic Centre, Providence, RI]\202 Seastones.flac|Seastones
Z:\Grateful Dead\# Dick's Picks #\12 - 1974-06-26 [Providence Civic Centre, Providence, RI]\203 Sugar Magnolia.flac|Sugar Magnolia
Z:\Grateful Dead\# Dick's Picks #\12 - 1974-06-26 [Providence Civic Centre, Providence, RI]\204 Scarlet Begonias.flac|Scarlet Begonias
Z:\Grateful Dead\# Dick's Picks #\12 - 1974-06-26 [Providence Civic Centre, Providence, RI]\205 Big River.flac|Big River
Z:\Grateful Dead\# Dick's Picks #\12 - 1974-06-26 [Providence Civic Centre, Providence, RI]\206 To Lay Me Down.flac|To Lay Me Down
Z:\Grateful Dead\# Dick's Picks #\12 - 1974-06-26 [Providence Civic Centre, Providence, RI]\207 Me & My Uncle.flac|Me & My Uncle
Z:\Grateful Dead\# Dick's Picks #\12 - 1974-06-26 [Providence Civic Centre, Providence, RI]\208 Row Jimmy.flac|Row Jimmy
Z:\Grateful Dead\# Dick's Picks #\12 - 1974-06-26 [Providence Civic Centre, Providence, RI]\301 Weather Report Suite- Prelude-Pt. 1-Pt. 2 Let It Grow.flac|Weather Report Suite- Prelude-Pt. 1-Pt. 2 Let It Grow
Z:\Grateful Dead\# Dick's Picks #\12 - 1974-06-26 [Providence Civic Centre, Providence, RI]\302 Jam.flac|Jam
Z:\Grateful Dead\# Dick's Picks #\12 - 1974-06-26 [Providence Civic Centre, Providence, RI]\303 U.S. Blues.flac|U.S. Blues
Z:\Grateful Dead\# Dick's Picks #\12 - 1974-06-26 [Providence Civic Centre, Providence, RI]\304 Promised Land.flac|Promised Land
Z:\Grateful Dead\# Dick's Picks #\12 - 1974-06-26 [Providence Civic Centre, Providence, RI]\305 Goin' Down the Road Feeling Bad.flac|Goin' Down the Road Feeling Bad
Z:\Grateful Dead\# Dick's Picks #\12 - 1974-06-26 [Providence Civic Centre, Providence, RI]\306 Sunshine Daydream.flac|Sunshine Daydream
Z:\Grateful Dead\# Dick's Picks #\12 - 1974-06-26 [Providence Civic Centre, Providence, RI]\307 Ship of Fools.flac|Ship of Fools
Z:\Grateful Dead\# Dick's Picks #\13 - 1981-05-06 [Nassau Vets Memorial Coliseum, Uniondale, NY]\101 Alabama Getaway.flac|Alabama Getaway
Z:\Grateful Dead\# Dick's Picks #\13 - 1981-05-06 [Nassau Vets Memorial Coliseum, Uniondale, NY]\102 Greatest Story Ever Told.flac|Greatest Story Ever Told
Z:\Grateful Dead\# Dick's Picks #\13 - 1981-05-06 [Nassau Vets Memorial Coliseum, Uniondale, NY]\103 They Love Each Other.flac|They Love Each Other
Z:\Grateful Dead\# Dick's Picks #\13 - 1981-05-06 [Nassau Vets Memorial Coliseum, Uniondale, NY]\104 Cassidy.flac|Cassidy
Z:\Grateful Dead\# Dick's Picks #\13 - 1981-05-06 [Nassau Vets Memorial Coliseum, Uniondale, NY]\105 Jack-A-Roe.flac|Jack-A-Roe
Z:\Grateful Dead\# Dick's Picks #\13 - 1981-05-06 [Nassau Vets Memorial Coliseum, Uniondale, NY]\106 Little Red Rooster.flac|Little Red Rooster
Z:\Grateful Dead\# Dick's Picks #\13 - 1981-05-06 [Nassau Vets Memorial Coliseum, Uniondale, NY]\107 Dire Wolf.flac|Dire Wolf
Z:\Grateful Dead\# Dick's Picks #\13 - 1981-05-06 [Nassau Vets Memorial Coliseum, Uniondale, NY]\108 Looks Like Rain.flac|Looks Like Rain
Z:\Grateful Dead\# Dick's Picks #\13 - 1981-05-06 [Nassau Vets Memorial Coliseum, Uniondale, NY]\109 Big Railroad Blues.flac|Big Railroad Blues
Z:\Grateful Dead\# Dick's Picks #\13 - 1981-05-06 [Nassau Vets Memorial Coliseum, Uniondale, NY]\110 Let It Grow.flac|Let It Grow
Z:\Grateful Dead\# Dick's Picks #\13 - 1981-05-06 [Nassau Vets Memorial Coliseum, Uniondale, NY]\111 Deal.flac|Deal
Z:\Grateful Dead\# Dick's Picks #\13 - 1981-05-06 [Nassau Vets Memorial Coliseum, Uniondale, NY]\201 New Minglewood Blues.flac|New Minglewood Blues
Z:\Grateful Dead\# Dick's Picks #\13 - 1981-05-06 [Nassau Vets Memorial Coliseum, Uniondale, NY]\202 High Time.flac|High Time
Z:\Grateful Dead\# Dick's Picks #\13 - 1981-05-06 [Nassau Vets Memorial Coliseum, Uniondale, NY]\203 Lost Sailor.flac|Lost Sailor
Z:\Grateful Dead\# Dick's Picks #\13 - 1981-05-06 [Nassau Vets Memorial Coliseum, Uniondale, NY]\204 Saint of Circumstance.flac|Saint of Circumstance
Z:\Grateful Dead\# Dick's Picks #\13 - 1981-05-06 [Nassau Vets Memorial Coliseum, Uniondale, NY]\301 He's Gone.flac|He's Gone
Z:\Grateful Dead\# Dick's Picks #\13 - 1981-05-06 [Nassau Vets Memorial Coliseum, Uniondale, NY]\302 Caution - Spanish Jam.flac|Caution - Spanish Jam
Z:\Grateful Dead\# Dick's Picks #\13 - 1981-05-06 [Nassau Vets Memorial Coliseum, Uniondale, NY]\303 Drums.flac|Drums
Z:\Grateful Dead\# Dick's Picks #\13 - 1981-05-06 [Nassau Vets Memorial Coliseum, Uniondale, NY]\304 Jam.flac|Jam
Z:\Grateful Dead\# Dick's Picks #\13 - 1981-05-06 [Nassau Vets Memorial Coliseum, Uniondale, NY]\305 The Other One.flac|The Other One
Z:\Grateful Dead\# Dick's Picks #\13 - 1981-05-06 [Nassau Vets Memorial Coliseum, Uniondale, NY]\306 Goin' Down the Road Feeling Bad.flac|Goin' Down the Road Feeling Bad
Z:\Grateful Dead\# Dick's Picks #\13 - 1981-05-06 [Nassau Vets Memorial Coliseum, Uniondale, NY]\307 Wharf Rat.flac|Wharf Rat
Z:\Grateful Dead\# Dick's Picks #\13 - 1981-05-06 [Nassau Vets Memorial Coliseum, Uniondale, NY]\308 Good Lovin'.flac|Good Lovin'
Z:\Grateful Dead\# Dick's Picks #\13 - 1981-05-06 [Nassau Vets Memorial Coliseum, Uniondale, NY]\309 Don't Ease Me In.flac|Don't Ease Me In
Z:\Grateful Dead\# Dick's Picks #\13 - 1981-05-06 [Nassau Vets Memorial Coliseum, Uniondale, NY]\998 Scarlet Begonias (hidden - 1979-11-01).flac|Scarlet Begonias (hidden - 1979-11-01)
Z:\Grateful Dead\# Dick's Picks #\13 - 1981-05-06 [Nassau Vets Memorial Coliseum, Uniondale, NY]\999 Fire On The Mountain (hidden - 1979-11-01).flac|Fire On The Mountain (hidden - 1979-11-01)
Z:\Grateful Dead\# Dick's Picks #\14 - 1973-11-30 [Boston Music Hall, Boston, MA]\101 Morning Dew.flac|Morning Dew
Z:\Grateful Dead\# Dick's Picks #\14 - 1973-11-30 [Boston Music Hall, Boston, MA]\102 Mexicali Blues.flac|Mexicali Blues
Z:\Grateful Dead\# Dick's Picks #\14 - 1973-11-30 [Boston Music Hall, Boston, MA]\103 Dire Wolf.flac|Dire Wolf
Z:\Grateful Dead\# Dick's Picks #\14 - 1973-11-30 [Boston Music Hall, Boston, MA]\104 Black-Throated Wind.flac|Black-Throated Wind
Z:\Grateful Dead\# Dick's Picks #\14 - 1973-11-30 [Boston Music Hall, Boston, MA]\105 Don't Ease Me In.flac|Don't Ease Me In
Z:\Grateful Dead\# Dick's Picks #\14 - 1973-11-30 [Boston Music Hall, Boston, MA]\106 Big River.flac|Big River
Z:\Grateful Dead\# Dick's Picks #\14 - 1973-11-30 [Boston Music Hall, Boston, MA]\107 They Love Each Other.flac|They Love Each Other
Z:\Grateful Dead\# Dick's Picks #\14 - 1973-11-30 [Boston Music Hall, Boston, MA]\108 Playing In The Band.flac|Playing In The Band
Z:\Grateful Dead\# Dick's Picks #\14 - 1973-11-30 [Boston Music Hall, Boston, MA]\201 Here Comes Sunshine.flac|Here Comes Sunshine
Z:\Grateful Dead\# Dick's Picks #\14 - 1973-11-30 [Boston Music Hall, Boston, MA]\202 Weather Report Suite (into).flac|Weather Report Suite (into)
Z:\Grateful Dead\# Dick's Picks #\14 - 1973-11-30 [Boston Music Hall, Boston, MA]\203 Dark Star Jam (into).flac|Dark Star Jam (into)
Z:\Grateful Dead\# Dick's Picks #\14 - 1973-11-30 [Boston Music Hall, Boston, MA]\204 Eyes Of The World (into).flac|Eyes Of The World (into)
Z:\Grateful Dead\# Dick's Picks #\14 - 1973-11-30 [Boston Music Hall, Boston, MA]\205 Sugar Magnolia.flac|Sugar Magnolia
Z:\Grateful Dead\# Dick's Picks #\14 - 1973-11-30 [Boston Music Hall, Boston, MA]\301 Cold Rain And Snow.flac|Cold Rain And Snow
Z:\Grateful Dead\# Dick's Picks #\14 - 1973-11-30 [Boston Music Hall, Boston, MA]\302 Beat It On Down The Line.flac|Beat It On Down The Line
Z:\Grateful Dead\# Dick's Picks #\14 - 1973-11-30 [Boston Music Hall, Boston, MA]\303 Brown-Eyed Woman & The Merry-Go-Round Broke Down Beer Barrel Polka.flac|Brown-Eyed Woman & The Merry-Go-Round Broke Down Beer Barrel Polka
Z:\Grateful Dead\# Dick's Picks #\14 - 1973-11-30 [Boston Music Hall, Boston, MA]\304 Jack Straw.flac|Jack Straw
Z:\Grateful Dead\# Dick's Picks #\14 - 1973-11-30 [Boston Music Hall, Boston, MA]\305 Ramble On Rose.flac|Ramble On Rose
Z:\Grateful Dead\# Dick's Picks #\14 - 1973-11-30 [Boston Music Hall, Boston, MA]\306 Weather Report Suite.flac|Weather Report Suite
Z:\Grateful Dead\# Dick's Picks #\14 - 1973-11-30 [Boston Music Hall, Boston, MA]\307 Wharf Rat (into).flac|Wharf Rat (into)
Z:\Grateful Dead\# Dick's Picks #\14 - 1973-11-30 [Boston Music Hall, Boston, MA]\308 Mississippi Half-Step Uptown Toodeloo (into...).flac|Mississippi Half-Step Uptown Toodeloo (into...)
Z:\Grateful Dead\# Dick's Picks #\14 - 1973-11-30 [Boston Music Hall, Boston, MA]\401 Playing In The Band (into).flac|Playing In The Band (into)
Z:\Grateful Dead\# Dick's Picks #\14 - 1973-11-30 [Boston Music Hall, Boston, MA]\402 Jam (into).flac|Jam (into)
Z:\Grateful Dead\# Dick's Picks #\14 - 1973-11-30 [Boston Music Hall, Boston, MA]\403 He's Gone (into).flac|He's Gone (into)
Z:\Grateful Dead\# Dick's Picks #\14 - 1973-11-30 [Boston Music Hall, Boston, MA]\404 Truckin' (into).flac|Truckin' (into)
Z:\Grateful Dead\# Dick's Picks #\14 - 1973-11-30 [Boston Music Hall, Boston, MA]\405 Stella Blue.flac|Stella Blue
Z:\Grateful Dead\# Dick's Picks #\14 - 1973-11-30 [Boston Music Hall, Boston, MA]\406 Morning Dew.flac|Morning Dew
Z:\Grateful Dead\# Dick's Picks #\15 - 1977-09-03 [Raceway Park, Englishtown, NJ]\101 Introduction.flac|Introduction
Z:\Grateful Dead\# Dick's Picks #\15 - 1977-09-03 [Raceway Park, Englishtown, NJ]\102 Promised Land.flac|Promised Land
Z:\Grateful Dead\# Dick's Picks #\15 - 1977-09-03 [Raceway Park, Englishtown, NJ]\103 They Love Each Other.flac|They Love Each Other
Z:\Grateful Dead\# Dick's Picks #\15 - 1977-09-03 [Raceway Park, Englishtown, NJ]\104 Me & My Uncle.flac|Me & My Uncle
Z:\Grateful Dead\# Dick's Picks #\15 - 1977-09-03 [Raceway Park, Englishtown, NJ]\105 Mississippi Half-Step Uptown Toodeloo.flac|Mississippi Half-Step Uptown Toodeloo
Z:\Grateful Dead\# Dick's Picks #\15 - 1977-09-03 [Raceway Park, Englishtown, NJ]\106 Looks Like Rain.flac|Looks Like Rain
Z:\Grateful Dead\# Dick's Picks #\15 - 1977-09-03 [Raceway Park, Englishtown, NJ]\107 Peggy-O.flac|Peggy-O
Z:\Grateful Dead\# Dick's Picks #\15 - 1977-09-03 [Raceway Park, Englishtown, NJ]\108 New Minglewood Blues.flac|New Minglewood Blues
Z:\Grateful Dead\# Dick's Picks #\15 - 1977-09-03 [Raceway Park, Englishtown, NJ]\109 Friend Of The Devil.flac|Friend Of The Devil
Z:\Grateful Dead\# Dick's Picks #\15 - 1977-09-03 [Raceway Park, Englishtown, NJ]\110 The Music Never Stopped.flac|The Music Never Stopped
Z:\Grateful Dead\# Dick's Picks #\15 - 1977-09-03 [Raceway Park, Englishtown, NJ]\201 Bertha.flac|Bertha
Z:\Grateful Dead\# Dick's Picks #\15 - 1977-09-03 [Raceway Park, Englishtown, NJ]\202 Good Lovin'.flac|Good Lovin'
Z:\Grateful Dead\# Dick's Picks #\15 - 1977-09-03 [Raceway Park, Englishtown, NJ]\203 Loser.flac|Loser
Z:\Grateful Dead\# Dick's Picks #\15 - 1977-09-03 [Raceway Park, Englishtown, NJ]\204 Estimated Prophet.flac|Estimated Prophet
Z:\Grateful Dead\# Dick's Picks #\15 - 1977-09-03 [Raceway Park, Englishtown, NJ]\205 Eyes Of The World.flac|Eyes Of The World
Z:\Grateful Dead\# Dick's Picks #\15 - 1977-09-03 [Raceway Park, Englishtown, NJ]\206 Samson & Delilah.flac|Samson & Delilah
Z:\Grateful Dead\# Dick's Picks #\15 - 1977-09-03 [Raceway Park, Englishtown, NJ]\207 He's Gone.flac|He's Gone
Z:\Grateful Dead\# Dick's Picks #\15 - 1977-09-03 [Raceway Park, Englishtown, NJ]\208 Not Fade Away.flac|Not Fade Away
Z:\Grateful Dead\# Dick's Picks #\15 - 1977-09-03 [Raceway Park, Englishtown, NJ]\209 Truckin'.flac|Truckin'
Z:\Grateful Dead\# Dick's Picks #\15 - 1977-09-03 [Raceway Park, Englishtown, NJ]\210 Terrapin Station.flac|Terrapin Station
Z:\Grateful Dead\# Dick's Picks #\16 - 1969-11-08 [Fillmore Auditorium, San Francisco, CA]\101 Good Morning Little Schoolgirl.flac|Good Morning Little Schoolgirl
Z:\Grateful Dead\# Dick's Picks #\16 - 1969-11-08 [Fillmore Auditorium, San Francisco, CA]\102 Casey Jones.flac|Casey Jones
Z:\Grateful Dead\# Dick's Picks #\16 - 1969-11-08 [Fillmore Auditorium, San Francisco, CA]\103 Dire Wolf.flac|Dire Wolf
Z:\Grateful Dead\# Dick's Picks #\16 - 1969-11-08 [Fillmore Auditorium, San Francisco, CA]\104 Easy Wind.flac|Easy Wind
Z:\Grateful Dead\# Dick's Picks #\16 - 1969-11-08 [Fillmore Auditorium, San Francisco, CA]\105 China Cat Sunflower.flac|China Cat Sunflower
Z:\Grateful Dead\# Dick's Picks #\16 - 1969-11-08 [Fillmore Auditorium, San Francisco, CA]\106 I Know You Rider.flac|I Know You Rider
Z:\Grateful Dead\# Dick's Picks #\16 - 1969-11-08 [Fillmore Auditorium, San Francisco, CA]\107 High Time.flac|High Time
Z:\Grateful Dead\# Dick's Picks #\16 - 1969-11-08 [Fillmore Auditorium, San Francisco, CA]\108 Mama Tried.flac|Mama Tried
Z:\Grateful Dead\# Dick's Picks #\16 - 1969-11-08 [Fillmore Auditorium, San Francisco, CA]\109 Good Lovin'.flac|Good Lovin'
Z:\Grateful Dead\# Dick's Picks #\16 - 1969-11-08 [Fillmore Auditorium, San Francisco, CA]\110 Cumberland Blues.flac|Cumberland Blues
Z:\Grateful Dead\# Dick's Picks #\16 - 1969-11-08 [Fillmore Auditorium, San Francisco, CA]\201 Dark Star.flac|Dark Star
Z:\Grateful Dead\# Dick's Picks #\16 - 1969-11-08 [Fillmore Auditorium, San Francisco, CA]\202 The Other One.flac|The Other One
Z:\Grateful Dead\# Dick's Picks #\16 - 1969-11-08 [Fillmore Auditorium, San Francisco, CA]\203 Dark Star.flac|Dark Star
Z:\Grateful Dead\# Dick's Picks #\16 - 1969-11-08 [Fillmore Auditorium, San Francisco, CA]\204 Uncle John's Band Jam.flac|Uncle John's Band Jam
Z:\Grateful Dead\# Dick's Picks #\16 - 1969-11-08 [Fillmore Auditorium, San Francisco, CA]\205 Dark Star.flac|Dark Star
Z:\Grateful Dead\# Dick's Picks #\16 - 1969-11-08 [Fillmore Auditorium, San Francisco, CA]\206 St. Stephen.flac|St. Stephen
Z:\Grateful Dead\# Dick's Picks #\16 - 1969-11-08 [Fillmore Auditorium, San Francisco, CA]\207 The Eleven.flac|The Eleven
Z:\Grateful Dead\# Dick's Picks #\16 - 1969-11-08 [Fillmore Auditorium, San Francisco, CA]\208 Caution.flac|Caution
Z:\Grateful Dead\# Dick's Picks #\16 - 1969-11-08 [Fillmore Auditorium, San Francisco, CA]\209 The Main Ten.flac|The Main Ten
Z:\Grateful Dead\# Dick's Picks #\16 - 1969-11-08 [Fillmore Auditorium, San Francisco, CA]\210 Caution.flac|Caution
Z:\Grateful Dead\# Dick's Picks #\16 - 1969-11-08 [Fillmore Auditorium, San Francisco, CA]\211 Feedback.flac|Feedback
Z:\Grateful Dead\# Dick's Picks #\16 - 1969-11-08 [Fillmore Auditorium, San Francisco, CA]\212 We Bid You Goodnight.flac|We Bid You Goodnight
Z:\Grateful Dead\# Dick's Picks #\16 - 1969-11-08 [Fillmore Auditorium, San Francisco, CA]\213 Turn On Your Lovelight.flac|Turn On Your Lovelight
Z:\Grateful Dead\# Dick's Picks #\17 - 1991-09-25 [Boston Garden, Boston, MA]\101 Help On The Way -».flac|Help On The Way >
Z:\Grateful Dead\# Dick's Picks #\17 - 1991-09-25 [Boston Garden, Boston, MA]\102 Slipknot! -».flac|Slipknot! >
Z:\Grateful Dead\# Dick's Picks #\17 - 1991-09-25 [Boston Garden, Boston, MA]\103 Franklin's Tower -».flac|Franklin's Tower >
Z:\Grateful Dead\# Dick's Picks #\17 - 1991-09-25 [Boston Garden, Boston, MA]\104 Walkin' Blues.flac|Walkin' Blues
Z:\Grateful Dead\# Dick's Picks #\17 - 1991-09-25 [Boston Garden, Boston, MA]\105 It Must Have Been The Roses -».flac|It Must Have Been The Roses >
Z:\Grateful Dead\# Dick's Picks #\17 - 1991-09-25 [Boston Garden, Boston, MA]\106 Dire Wolf.flac|Dire Wolf
Z:\Grateful Dead\# Dick's Picks #\17 - 1991-09-25 [Boston Garden, Boston, MA]\107 Queen Jane Approximately.flac|Queen Jane Approximately
Z:\Grateful Dead\# Dick's Picks #\17 - 1991-09-25 [Boston Garden, Boston, MA]\108 Tennessee Jed -».flac|Tennessee Jed >
Z:\Grateful Dead\# Dick's Picks #\17 - 1991-09-25 [Boston Garden, Boston, MA]\109 The Music Never Stopped.flac|The Music Never Stopped
Z:\Grateful Dead\# Dick's Picks #\17 - 1991-09-25 [Boston Garden, Boston, MA]\201  Victim Or The Crime.flac|Victim Or The Crime
Z:\Grateful Dead\# Dick's Picks #\17 - 1991-09-25 [Boston Garden, Boston, MA]\202  Crazy Fingers.flac|Crazy Fingers
Z:\Grateful Dead\# Dick's Picks #\17 - 1991-09-25 [Boston Garden, Boston, MA]\203  Playing In The Band.flac|Playing In The Band
Z:\Grateful Dead\# Dick's Picks #\17 - 1991-09-25 [Boston Garden, Boston, MA]\204  Terrapin Station.flac|Terrapin Station
Z:\Grateful Dead\# Dick's Picks #\17 - 1991-09-25 [Boston Garden, Boston, MA]\205  Boston Clam Jam.flac|Boston Clam Jam
Z:\Grateful Dead\# Dick's Picks #\17 - 1991-09-25 [Boston Garden, Boston, MA]\206  Drums.flac|Drums
Z:\Grateful Dead\# Dick's Picks #\17 - 1991-09-25 [Boston Garden, Boston, MA]\207  Space.flac|Space
Z:\Grateful Dead\# Dick's Picks #\17 - 1991-09-25 [Boston Garden, Boston, MA]\208 That Would Be Something ».flac|That Would Be Something >
Z:\Grateful Dead\# Dick's Picks #\17 - 1991-09-25 [Boston Garden, Boston, MA]\209 Playing in the Band ».flac|Playing in the Band >
Z:\Grateful Dead\# Dick's Picks #\17 - 1991-09-25 [Boston Garden, Boston, MA]\210 China Doll ».flac|China Doll >
Z:\Grateful Dead\# Dick's Picks #\17 - 1991-09-25 [Boston Garden, Boston, MA]\211 Throwing Stones ».flac|Throwing Stones >
Z:\Grateful Dead\# Dick's Picks #\17 - 1991-09-25 [Boston Garden, Boston, MA]\212 Not Fade Away.flac|Not Fade Away
Z:\Grateful Dead\# Dick's Picks #\17 - 1991-09-25 [Boston Garden, Boston, MA]\213 The Mighty Quinn.flac|The Mighty Quinn
Z:\Grateful Dead\# Dick's Picks #\17 - 1991-09-25 [Boston Garden, Boston, MA]\901 Samson and Delilah » (1991-03-31 - Greensboro').flac|Samson and Delilah > (1991-03-31 - Greensboro')
Z:\Grateful Dead\# Dick's Picks #\17 - 1991-09-25 [Boston Garden, Boston, MA]\902 Eyes of the World  (1991-03-31 - Greensboro').flac|Eyes of the World  (1991-03-31 - Greensboro')
Z:\Grateful Dead\# Dick's Picks #\18 - 1978-02-03 [Dane County Coliseum, Madison, WI]\101 Bertha.flac|Bertha
Z:\Grateful Dead\# Dick's Picks #\18 - 1978-02-03 [Dane County Coliseum, Madison, WI]\102 Good Lovin'.flac|Good Lovin'
Z:\Grateful Dead\# Dick's Picks #\18 - 1978-02-03 [Dane County Coliseum, Madison, WI]\103 Cold Rain And Snow.flac|Cold Rain And Snow
Z:\Grateful Dead\# Dick's Picks #\18 - 1978-02-03 [Dane County Coliseum, Madison, WI]\104 New Minglewood Blues.flac|New Minglewood Blues
Z:\Grateful Dead\# Dick's Picks #\18 - 1978-02-03 [Dane County Coliseum, Madison, WI]\105 They Love Each Other.flac|They Love Each Other
Z:\Grateful Dead\# Dick's Picks #\18 - 1978-02-03 [Dane County Coliseum, Madison, WI]\106 It's All Over Now.flac|It's All Over Now
Z:\Grateful Dead\# Dick's Picks #\18 - 1978-02-03 [Dane County Coliseum, Madison, WI]\107 Dupree's Diamond Blues.flac|Dupree's Diamond Blues
Z:\Grateful Dead\# Dick's Picks #\18 - 1978-02-03 [Dane County Coliseum, Madison, WI]\108 Looks Like Rain.flac|Looks Like Rain
Z:\Grateful Dead\# Dick's Picks #\18 - 1978-02-03 [Dane County Coliseum, Madison, WI]\109 Brown-Eyed Woman.flac|Brown-Eyed Woman
Z:\Grateful Dead\# Dick's Picks #\18 - 1978-02-03 [Dane County Coliseum, Madison, WI]\110 Passenger.flac|Passenger
Z:\Grateful Dead\# Dick's Picks #\18 - 1978-02-03 [Dane County Coliseum, Madison, WI]\111 Deal.flac|Deal
Z:\Grateful Dead\# Dick's Picks #\18 - 1978-02-03 [Dane County Coliseum, Madison, WI]\112 The Music Never Stopped.flac|The Music Never Stopped
Z:\Grateful Dead\# Dick's Picks #\18 - 1978-02-03 [Dane County Coliseum, Madison, WI]\201 Estimated Prophet.flac|Estimated Prophet
Z:\Grateful Dead\# Dick's Picks #\18 - 1978-02-03 [Dane County Coliseum, Madison, WI]\202 Eyes Of The World.flac|Eyes Of The World
Z:\Grateful Dead\# Dick's Picks #\18 - 1978-02-03 [Dane County Coliseum, Madison, WI]\203 Playing In The Band.flac|Playing In The Band
Z:\Grateful Dead\# Dick's Picks #\18 - 1978-02-03 [Dane County Coliseum, Madison, WI]\204 The Wheel.flac|The Wheel
Z:\Grateful Dead\# Dick's Picks #\18 - 1978-02-03 [Dane County Coliseum, Madison, WI]\205 Playing In The Band.flac|Playing In The Band
Z:\Grateful Dead\# Dick's Picks #\18 - 1978-02-03 [Dane County Coliseum, Madison, WI]\206 Johnny B. Goode.flac|Johnny B. Goode
Z:\Grateful Dead\# Dick's Picks #\18 - 1978-02-03 [Dane County Coliseum, Madison, WI]\207 Samson And Delilah.flac|Samson And Delilah
Z:\Grateful Dead\# Dick's Picks #\18 - 1978-02-03 [Dane County Coliseum, Madison, WI]\208 Scarlet Begonias.flac|Scarlet Begonias
Z:\Grateful Dead\# Dick's Picks #\18 - 1978-02-03 [Dane County Coliseum, Madison, WI]\209 Fire On The Mountain.flac|Fire On The Mountain
Z:\Grateful Dead\# Dick's Picks #\18 - 1978-02-03 [Dane County Coliseum, Madison, WI]\210 Truckin'.flac|Truckin'
Z:\Grateful Dead\# Dick's Picks #\18 - 1978-02-03 [Dane County Coliseum, Madison, WI]\211 Drums.flac|Drums
Z:\Grateful Dead\# Dick's Picks #\18 - 1978-02-03 [Dane County Coliseum, Madison, WI]\212 The Other One.flac|The Other One
Z:\Grateful Dead\# Dick's Picks #\18 - 1978-02-03 [Dane County Coliseum, Madison, WI]\213 Wharf Rat.flac|Wharf Rat
Z:\Grateful Dead\# Dick's Picks #\18 - 1978-02-03 [Dane County Coliseum, Madison, WI]\214 Around And Around.flac|Around And Around
Z:\Grateful Dead\# Dick's Picks #\19 - 1973-10-19 [Fairgrounds Arena, Oklahoma City, OK]\101 Promised Land.flac|Promised Land
Z:\Grateful Dead\# Dick's Picks #\19 - 1973-10-19 [Fairgrounds Arena, Oklahoma City, OK]\102 Sugaree.flac|Sugaree
Z:\Grateful Dead\# Dick's Picks #\19 - 1973-10-19 [Fairgrounds Arena, Oklahoma City, OK]\103 Mexicali Blues.flac|Mexicali Blues
Z:\Grateful Dead\# Dick's Picks #\19 - 1973-10-19 [Fairgrounds Arena, Oklahoma City, OK]\104 Tennessee Jed.flac|Tennessee Jed
Z:\Grateful Dead\# Dick's Picks #\19 - 1973-10-19 [Fairgrounds Arena, Oklahoma City, OK]\105 Looks Like Rain.flac|Looks Like Rain
Z:\Grateful Dead\# Dick's Picks #\19 - 1973-10-19 [Fairgrounds Arena, Oklahoma City, OK]\106 Don't Ease Me In.flac|Don't Ease Me In
Z:\Grateful Dead\# Dick's Picks #\19 - 1973-10-19 [Fairgrounds Arena, Oklahoma City, OK]\107 Jack Straw.flac|Jack Straw
Z:\Grateful Dead\# Dick's Picks #\19 - 1973-10-19 [Fairgrounds Arena, Oklahoma City, OK]\108 They Love Each Other.flac|They Love Each Other
Z:\Grateful Dead\# Dick's Picks #\19 - 1973-10-19 [Fairgrounds Arena, Oklahoma City, OK]\109 El Paso.flac|El Paso
Z:\Grateful Dead\# Dick's Picks #\19 - 1973-10-19 [Fairgrounds Arena, Oklahoma City, OK]\110 Row Jimmy.flac|Row Jimmy
Z:\Grateful Dead\# Dick's Picks #\19 - 1973-10-19 [Fairgrounds Arena, Oklahoma City, OK]\111 Playing In The Band.flac|Playing In The Band
Z:\Grateful Dead\# Dick's Picks #\19 - 1973-10-19 [Fairgrounds Arena, Oklahoma City, OK]\201 China Cat Sunflower -».flac|China Cat Sunflower >
Z:\Grateful Dead\# Dick's Picks #\19 - 1973-10-19 [Fairgrounds Arena, Oklahoma City, OK]\202 I Know You Rider.flac|I Know You Rider
Z:\Grateful Dead\# Dick's Picks #\19 - 1973-10-19 [Fairgrounds Arena, Oklahoma City, OK]\203 Me and My Uncle.flac|Me and My Uncle
Z:\Grateful Dead\# Dick's Picks #\19 - 1973-10-19 [Fairgrounds Arena, Oklahoma City, OK]\204 Mississippi Half-Step Uptown Toodeloo.flac|Mississippi Half-Step Uptown Toodeloo
Z:\Grateful Dead\# Dick's Picks #\19 - 1973-10-19 [Fairgrounds Arena, Oklahoma City, OK]\205 Big River.flac|Big River
Z:\Grateful Dead\# Dick's Picks #\19 - 1973-10-19 [Fairgrounds Arena, Oklahoma City, OK]\206 Dark Star -».flac|Dark Star >
Z:\Grateful Dead\# Dick's Picks #\19 - 1973-10-19 [Fairgrounds Arena, Oklahoma City, OK]\207 Mind Left Body Jam -».flac|Mind Left Body Jam >
Z:\Grateful Dead\# Dick's Picks #\19 - 1973-10-19 [Fairgrounds Arena, Oklahoma City, OK]\208 Morning Dew -».flac|Morning Dew >
Z:\Grateful Dead\# Dick's Picks #\19 - 1973-10-19 [Fairgrounds Arena, Oklahoma City, OK]\209 Sugar Magnolia -».flac|Sugar Magnolia >
Z:\Grateful Dead\# Dick's Picks #\19 - 1973-10-19 [Fairgrounds Arena, Oklahoma City, OK]\210 Eyes of the World -».flac|Eyes of the World >
Z:\Grateful Dead\# Dick's Picks #\19 - 1973-10-19 [Fairgrounds Arena, Oklahoma City, OK]\211 Stella Blue.flac|Stella Blue
Z:\Grateful Dead\# Dick's Picks #\19 - 1973-10-19 [Fairgrounds Arena, Oklahoma City, OK]\212 Johnny B. Goode.flac|Johnny B. Goode
Z:\Grateful Dead\# Dick's Picks #\20 - 1976-09-25 [Capitol Centre, Landover, MD]\101 Bertha.flac|Bertha
Z:\Grateful Dead\# Dick's Picks #\20 - 1976-09-25 [Capitol Centre, Landover, MD]\102 New Minglewood Blues.flac|New Minglewood Blues
Z:\Grateful Dead\# Dick's Picks #\20 - 1976-09-25 [Capitol Centre, Landover, MD]\103 Ramble on Rose.flac|Ramble on Rose
Z:\Grateful Dead\# Dick's Picks #\20 - 1976-09-25 [Capitol Centre, Landover, MD]\104 Cassidy.flac|Cassidy
Z:\Grateful Dead\# Dick's Picks #\20 - 1976-09-25 [Capitol Centre, Landover, MD]\105 Brown-Eyed Women.flac|Brown-Eyed Women
Z:\Grateful Dead\# Dick's Picks #\20 - 1976-09-25 [Capitol Centre, Landover, MD]\106 Mama Tried.flac|Mama Tried
Z:\Grateful Dead\# Dick's Picks #\20 - 1976-09-25 [Capitol Centre, Landover, MD]\107 Peggy-O.flac|Peggy-O
Z:\Grateful Dead\# Dick's Picks #\20 - 1976-09-25 [Capitol Centre, Landover, MD]\108 Loser.flac|Loser
Z:\Grateful Dead\# Dick's Picks #\20 - 1976-09-25 [Capitol Centre, Landover, MD]\109 Let It Grow.flac|Let It Grow
Z:\Grateful Dead\# Dick's Picks #\20 - 1976-09-25 [Capitol Centre, Landover, MD]\110 Sugaree.flac|Sugaree
Z:\Grateful Dead\# Dick's Picks #\20 - 1976-09-25 [Capitol Centre, Landover, MD]\201 Lazy Lightnin' -».flac|Lazy Lightnin' >
Z:\Grateful Dead\# Dick's Picks #\20 - 1976-09-25 [Capitol Centre, Landover, MD]\202 Supplication.flac|Supplication
Z:\Grateful Dead\# Dick's Picks #\20 - 1976-09-25 [Capitol Centre, Landover, MD]\203 Mississippi Half-Step Uptown Toodeloo.flac|Mississippi Half-Step Uptown Toodeloo
Z:\Grateful Dead\# Dick's Picks #\20 - 1976-09-25 [Capitol Centre, Landover, MD]\204 Dancing In The Streets.flac|Dancing In The Streets
Z:\Grateful Dead\# Dick's Picks #\20 - 1976-09-25 [Capitol Centre, Landover, MD]\205 Cosmic Charlie.flac|Cosmic Charlie
Z:\Grateful Dead\# Dick's Picks #\20 - 1976-09-25 [Capitol Centre, Landover, MD]\206 Scarlet Begonias.flac|Scarlet Begonias
Z:\Grateful Dead\# Dick's Picks #\20 - 1976-09-25 [Capitol Centre, Landover, MD]\207 St. Stephen.flac|St. Stephen
Z:\Grateful Dead\# Dick's Picks #\20 - 1976-09-25 [Capitol Centre, Landover, MD]\208 Not Fade Away.flac|Not Fade Away
Z:\Grateful Dead\# Dick's Picks #\20 - 1976-09-25 [Capitol Centre, Landover, MD]\209 Drums.flac|Drums
Z:\Grateful Dead\# Dick's Picks #\20 - 1976-09-25 [Capitol Centre, Landover, MD]\210 Jam.flac|Jam
Z:\Grateful Dead\# Dick's Picks #\20 - 1976-09-25 [Capitol Centre, Landover, MD]\211 St. Stephen.flac|St. Stephen
Z:\Grateful Dead\# Dick's Picks #\20 - 1976-09-25 [Capitol Centre, Landover, MD]\212 Sugar Magnolia.flac|Sugar Magnolia
Z:\Grateful Dead\# Dick's Picks #\20 - 1976-09-28 [Onondaga County War Memorial, Syracuse, NY]\101 Cold Rain & Snow.flac|Cold Rain & Snow
Z:\Grateful Dead\# Dick's Picks #\20 - 1976-09-28 [Onondaga County War Memorial, Syracuse, NY]\102 Big River.flac|Big River
Z:\Grateful Dead\# Dick's Picks #\20 - 1976-09-28 [Onondaga County War Memorial, Syracuse, NY]\103 Cassidy.flac|Cassidy
Z:\Grateful Dead\# Dick's Picks #\20 - 1976-09-28 [Onondaga County War Memorial, Syracuse, NY]\104 Tennessee Jed.flac|Tennessee Jed
Z:\Grateful Dead\# Dick's Picks #\20 - 1976-09-28 [Onondaga County War Memorial, Syracuse, NY]\105 New Minglewood Blues.flac|New Minglewood Blues
Z:\Grateful Dead\# Dick's Picks #\20 - 1976-09-28 [Onondaga County War Memorial, Syracuse, NY]\106 Candyman.flac|Candyman
Z:\Grateful Dead\# Dick's Picks #\20 - 1976-09-28 [Onondaga County War Memorial, Syracuse, NY]\107 It's All Over Now.flac|It's All Over Now
Z:\Grateful Dead\# Dick's Picks #\20 - 1976-09-28 [Onondaga County War Memorial, Syracuse, NY]\108 Friend of the Devil.flac|Friend of the Devil
Z:\Grateful Dead\# Dick's Picks #\20 - 1976-09-28 [Onondaga County War Memorial, Syracuse, NY]\109 Let it Grow -».flac|Let it Grow >
Z:\Grateful Dead\# Dick's Picks #\20 - 1976-09-28 [Onondaga County War Memorial, Syracuse, NY]\110 Goin Down the Road Feelin Bad.flac|Goin Down the Road Feelin Bad
Z:\Grateful Dead\# Dick's Picks #\20 - 1976-09-28 [Onondaga County War Memorial, Syracuse, NY]\201 Playing in the Band.flac|Playing in the Band
Z:\Grateful Dead\# Dick's Picks #\20 - 1976-09-28 [Onondaga County War Memorial, Syracuse, NY]\202 The Wheel.flac|The Wheel
Z:\Grateful Dead\# Dick's Picks #\20 - 1976-09-28 [Onondaga County War Memorial, Syracuse, NY]\203 Samson & Delilah.flac|Samson & Delilah
Z:\Grateful Dead\# Dick's Picks #\20 - 1976-09-28 [Onondaga County War Memorial, Syracuse, NY]\204 Jam.flac|Jam
Z:\Grateful Dead\# Dick's Picks #\20 - 1976-09-28 [Onondaga County War Memorial, Syracuse, NY]\205 Comes a Time.flac|Comes a Time
Z:\Grateful Dead\# Dick's Picks #\20 - 1976-09-28 [Onondaga County War Memorial, Syracuse, NY]\206 Drums.flac|Drums
Z:\Grateful Dead\# Dick's Picks #\20 - 1976-09-28 [Onondaga County War Memorial, Syracuse, NY]\207 Eyes of the World.flac|Eyes of the World
Z:\Grateful Dead\# Dick's Picks #\20 - 1976-09-28 [Onondaga County War Memorial, Syracuse, NY]\208 Orange Tango Jam.flac|Orange Tango Jam
Z:\Grateful Dead\# Dick's Picks #\20 - 1976-09-28 [Onondaga County War Memorial, Syracuse, NY]\209 Dancing in the Streets.flac|Dancing in the Streets
Z:\Grateful Dead\# Dick's Picks #\20 - 1976-09-28 [Onondaga County War Memorial, Syracuse, NY]\210 Playing in the Band.flac|Playing in the Band
Z:\Grateful Dead\# Dick's Picks #\20 - 1976-09-28 [Onondaga County War Memorial, Syracuse, NY]\211 Johnny B. Goode.flac|Johnny B. Goode
Z:\Grateful Dead\# Dick's Picks #\21 - 1980-09-02 [Community War Memorial, Rochester, NY] % filler\01 Space.flac|Space
Z:\Grateful Dead\# Dick's Picks #\21 - 1980-09-02 [Community War Memorial, Rochester, NY] % filler\02 Iko Iko.flac|Iko Iko
Z:\Grateful Dead\# Dick's Picks #\21 - 1980-09-02 [Community War Memorial, Rochester, NY] % filler\03 Morning Dew.flac|Morning Dew
Z:\Grateful Dead\# Dick's Picks #\21 - 1980-09-02 [Community War Memorial, Rochester, NY] % filler\04 Sugar Magnolia.flac|Sugar Magnolia
Z:\Grateful Dead\# Dick's Picks #\21 - 1985-11-01 [Richmond Coliseum, Richmond, VA]\101 Dancing In The Streets -».flac|Dancing In The Streets >
Z:\Grateful Dead\# Dick's Picks #\21 - 1985-11-01 [Richmond Coliseum, Richmond, VA]\102 Cold Rain And Snow.flac|Cold Rain And Snow
Z:\Grateful Dead\# Dick's Picks #\21 - 1985-11-01 [Richmond Coliseum, Richmond, VA]\103 Little Red Rooster.flac|Little Red Rooster
Z:\Grateful Dead\# Dick's Picks #\21 - 1985-11-01 [Richmond Coliseum, Richmond, VA]\104 Stagger Lee.flac|Stagger Lee
Z:\Grateful Dead\# Dick's Picks #\21 - 1985-11-01 [Richmond Coliseum, Richmond, VA]\105 Me And My Uncle -».flac|Me And My Uncle >
Z:\Grateful Dead\# Dick's Picks #\21 - 1985-11-01 [Richmond Coliseum, Richmond, VA]\106 Big River.flac|Big River
Z:\Grateful Dead\# Dick's Picks #\21 - 1985-11-01 [Richmond Coliseum, Richmond, VA]\107 Brown-Eyed Women.flac|Brown-Eyed Women
Z:\Grateful Dead\# Dick's Picks #\21 - 1985-11-01 [Richmond Coliseum, Richmond, VA]\108 Jack Straw -».flac|Jack Straw >
Z:\Grateful Dead\# Dick's Picks #\21 - 1985-11-01 [Richmond Coliseum, Richmond, VA]\109 Don't Ease Me In.flac|Don't Ease Me In
Z:\Grateful Dead\# Dick's Picks #\21 - 1985-11-01 [Richmond Coliseum, Richmond, VA]\201 Samson and Delilah.flac|Samson and Delilah
Z:\Grateful Dead\# Dick's Picks #\21 - 1985-11-01 [Richmond Coliseum, Richmond, VA]\202 High Time.flac|High Time
Z:\Grateful Dead\# Dick's Picks #\21 - 1985-11-01 [Richmond Coliseum, Richmond, VA]\203 He's Gone -».flac|He's Gone >
Z:\Grateful Dead\# Dick's Picks #\21 - 1985-11-01 [Richmond Coliseum, Richmond, VA]\204 Spoonful -».flac|Spoonful >
Z:\Grateful Dead\# Dick's Picks #\21 - 1985-11-01 [Richmond Coliseum, Richmond, VA]\205 Comes a Time -».flac|Comes a Time >
Z:\Grateful Dead\# Dick's Picks #\21 - 1985-11-01 [Richmond Coliseum, Richmond, VA]\206 Lost Sailor -».flac|Lost Sailor >
Z:\Grateful Dead\# Dick's Picks #\21 - 1985-11-01 [Richmond Coliseum, Richmond, VA]\207 Drums -».flac|Drums >
Z:\Grateful Dead\# Dick's Picks #\21 - 1985-11-01 [Richmond Coliseum, Richmond, VA]\208 Space -».flac|Space >
Z:\Grateful Dead\# Dick's Picks #\21 - 1985-11-01 [Richmond Coliseum, Richmond, VA]\209 Saint Of Circumstance -».flac|Saint Of Circumstance >
Z:\Grateful Dead\# Dick's Picks #\21 - 1985-11-01 [Richmond Coliseum, Richmond, VA]\210 Gimme Some Lovin' -».flac|Gimme Some Lovin' >
Z:\Grateful Dead\# Dick's Picks #\21 - 1985-11-01 [Richmond Coliseum, Richmond, VA]\211 She Belongs To Me -».flac|She Belongs To Me >
Z:\Grateful Dead\# Dick's Picks #\21 - 1985-11-01 [Richmond Coliseum, Richmond, VA]\212 Gloria.flac|Gloria
Z:\Grateful Dead\# Dick's Picks #\21 - 1985-11-01 [Richmond Coliseum, Richmond, VA]\213 Keep Your Day Job.flac|Keep Your Day Job
Z:\Grateful Dead\# Dick's Picks #\22 - 1968-02-23 [Kings Beach, Lake Tahoe, CA]\101 Viola Lee Blues.flac|Viola Lee Blues
Z:\Grateful Dead\# Dick's Picks #\22 - 1968-02-23 [Kings Beach, Lake Tahoe, CA]\102 Hurts Me Too.flac|Hurts Me Too
Z:\Grateful Dead\# Dick's Picks #\22 - 1968-02-23 [Kings Beach, Lake Tahoe, CA]\103 Dark Star ».flac|Dark Star >
Z:\Grateful Dead\# Dick's Picks #\22 - 1968-02-23 [Kings Beach, Lake Tahoe, CA]\104 China Cat Sunflower ».flac|China Cat Sunflower >
Z:\Grateful Dead\# Dick's Picks #\22 - 1968-02-23 [Kings Beach, Lake Tahoe, CA]\105 The Eleven ».flac|The Eleven >
Z:\Grateful Dead\# Dick's Picks #\22 - 1968-02-23 [Kings Beach, Lake Tahoe, CA]\106 Turn On your Lovelight.flac|Turn On your Lovelight
Z:\Grateful Dead\# Dick's Picks #\22 - 1968-02-23 [Kings Beach, Lake Tahoe, CA]\107 Born Cross-Eyed ».flac|Born Cross-Eyed >
Z:\Grateful Dead\# Dick's Picks #\22 - 1968-02-23 [Kings Beach, Lake Tahoe, CA]\108 Spanish Jam.flac|Spanish Jam
Z:\Grateful Dead\# Dick's Picks #\22 - 1968-02-23 [Kings Beach, Lake Tahoe, CA]\201 Morning Dew.flac|Morning Dew
Z:\Grateful Dead\# Dick's Picks #\22 - 1968-02-23 [Kings Beach, Lake Tahoe, CA]\202 Good Morning Little School Girl.flac|Good Morning Little School Girl
Z:\Grateful Dead\# Dick's Picks #\22 - 1968-02-23 [Kings Beach, Lake Tahoe, CA]\203 That's It For The Other One -».flac|That's It For The Other One >
Z:\Grateful Dead\# Dick's Picks #\22 - 1968-02-23 [Kings Beach, Lake Tahoe, CA]\204 New Potato Caboose.flac|New Potato Caboose
Z:\Grateful Dead\# Dick's Picks #\22 - 1968-02-23 [Kings Beach, Lake Tahoe, CA]\205 Alligator -».flac|Alligator >
Z:\Grateful Dead\# Dick's Picks #\22 - 1968-02-23 [Kings Beach, Lake Tahoe, CA]\206 China Cat Sunflower -».flac|China Cat Sunflower >
Z:\Grateful Dead\# Dick's Picks #\22 - 1968-02-23 [Kings Beach, Lake Tahoe, CA]\207 The Eleven -».flac|The Eleven >
Z:\Grateful Dead\# Dick's Picks #\22 - 1968-02-23 [Kings Beach, Lake Tahoe, CA]\208 Alligator -».flac|Alligator >
Z:\Grateful Dead\# Dick's Picks #\22 - 1968-02-23 [Kings Beach, Lake Tahoe, CA]\209 Caution -».flac|Caution >
Z:\Grateful Dead\# Dick's Picks #\22 - 1968-02-23 [Kings Beach, Lake Tahoe, CA]\210 Feedback.flac|Feedback
Z:\Grateful Dead\# Dick's Picks #\23 - 1972-09-17 [Baltimore Civic Center, Baltimore, MD]\101 Promised Land.flac|Promised Land
Z:\Grateful Dead\# Dick's Picks #\23 - 1972-09-17 [Baltimore Civic Center, Baltimore, MD]\102 Sugaree.flac|Sugaree
Z:\Grateful Dead\# Dick's Picks #\23 - 1972-09-17 [Baltimore Civic Center, Baltimore, MD]\103 Black-Throated Wind.flac|Black-Throated Wind
Z:\Grateful Dead\# Dick's Picks #\23 - 1972-09-17 [Baltimore Civic Center, Baltimore, MD]\104 Friend Of The Devil.flac|Friend Of The Devil
Z:\Grateful Dead\# Dick's Picks #\23 - 1972-09-17 [Baltimore Civic Center, Baltimore, MD]\105 El Paso.flac|El Paso
Z:\Grateful Dead\# Dick's Picks #\23 - 1972-09-17 [Baltimore Civic Center, Baltimore, MD]\106 Bird Song.flac|Bird Song
Z:\Grateful Dead\# Dick's Picks #\23 - 1972-09-17 [Baltimore Civic Center, Baltimore, MD]\107 Big River.flac|Big River
Z:\Grateful Dead\# Dick's Picks #\23 - 1972-09-17 [Baltimore Civic Center, Baltimore, MD]\108 Tennessee Jed.flac|Tennessee Jed
Z:\Grateful Dead\# Dick's Picks #\23 - 1972-09-17 [Baltimore Civic Center, Baltimore, MD]\109 Mexicali Blues.flac|Mexicali Blues
Z:\Grateful Dead\# Dick's Picks #\23 - 1972-09-17 [Baltimore Civic Center, Baltimore, MD]\110 China Cat Sunflower -».flac|China Cat Sunflower >
Z:\Grateful Dead\# Dick's Picks #\23 - 1972-09-17 [Baltimore Civic Center, Baltimore, MD]\111 I Know You Rider.flac|I Know You Rider
Z:\Grateful Dead\# Dick's Picks #\23 - 1972-09-17 [Baltimore Civic Center, Baltimore, MD]\112 Playing in the Band.flac|Playing in the Band
Z:\Grateful Dead\# Dick's Picks #\23 - 1972-09-17 [Baltimore Civic Center, Baltimore, MD]\113 Casey Jones.flac|Casey Jones
Z:\Grateful Dead\# Dick's Picks #\23 - 1972-09-17 [Baltimore Civic Center, Baltimore, MD]\201 Truckin'.flac|Truckin'
Z:\Grateful Dead\# Dick's Picks #\23 - 1972-09-17 [Baltimore Civic Center, Baltimore, MD]\202 Loser.flac|Loser
Z:\Grateful Dead\# Dick's Picks #\23 - 1972-09-17 [Baltimore Civic Center, Baltimore, MD]\203 Jack Straw.flac|Jack Straw
Z:\Grateful Dead\# Dick's Picks #\23 - 1972-09-17 [Baltimore Civic Center, Baltimore, MD]\204 Mississippi Half-Step Uptown Toodeloo -».flac|Mississippi Half-Step Uptown Toodeloo >
Z:\Grateful Dead\# Dick's Picks #\23 - 1972-09-17 [Baltimore Civic Center, Baltimore, MD]\205 Me and My Uncle.flac|Me and My Uncle
Z:\Grateful Dead\# Dick's Picks #\23 - 1972-09-17 [Baltimore Civic Center, Baltimore, MD]\206 He's Gone -».flac|He's Gone >
Z:\Grateful Dead\# Dick's Picks #\23 - 1972-09-17 [Baltimore Civic Center, Baltimore, MD]\207 The Other One -».flac|The Other One >
Z:\Grateful Dead\# Dick's Picks #\23 - 1972-09-17 [Baltimore Civic Center, Baltimore, MD]\208 Sing Me Back Home.flac|Sing Me Back Home
Z:\Grateful Dead\# Dick's Picks #\23 - 1972-09-17 [Baltimore Civic Center, Baltimore, MD]\209 Sugar Magnolia.flac|Sugar Magnolia
Z:\Grateful Dead\# Dick's Picks #\23 - 1972-09-17 [Baltimore Civic Center, Baltimore, MD]\210 Uncle John's Band.flac|Uncle John's Band
Z:\Grateful Dead\# Dick's Picks #\24 - 1974-03-23 [Cow Palace, Daly City, CA]\101 U.S. Blues.flac|U.S. Blues
Z:\Grateful Dead\# Dick's Picks #\24 - 1974-03-23 [Cow Palace, Daly City, CA]\102 Promised Land.flac|Promised Land
Z:\Grateful Dead\# Dick's Picks #\24 - 1974-03-23 [Cow Palace, Daly City, CA]\103 Brown-Eyed Women.flac|Brown-Eyed Women
Z:\Grateful Dead\# Dick's Picks #\24 - 1974-03-23 [Cow Palace, Daly City, CA]\104 Black-Throated Wind.flac|Black-Throated Wind
Z:\Grateful Dead\# Dick's Picks #\24 - 1974-03-23 [Cow Palace, Daly City, CA]\105 Scarlet Begonias.flac|Scarlet Begonias
Z:\Grateful Dead\# Dick's Picks #\24 - 1974-03-23 [Cow Palace, Daly City, CA]\106 Beat It On Down The Line.flac|Beat It On Down The Line
Z:\Grateful Dead\# Dick's Picks #\24 - 1974-03-23 [Cow Palace, Daly City, CA]\107 Deal.flac|Deal
Z:\Grateful Dead\# Dick's Picks #\24 - 1974-03-23 [Cow Palace, Daly City, CA]\108 Cassidy.flac|Cassidy
Z:\Grateful Dead\# Dick's Picks #\24 - 1974-03-23 [Cow Palace, Daly City, CA]\109 China Cat Sunflower-».flac|China Cat Sunflower-»
Z:\Grateful Dead\# Dick's Picks #\24 - 1974-03-23 [Cow Palace, Daly City, CA]\110 I Know You Rider.flac|I Know You Rider
Z:\Grateful Dead\# Dick's Picks #\24 - 1974-03-23 [Cow Palace, Daly City, CA]\111 Weather Report Suite.flac|Weather Report Suite
Z:\Grateful Dead\# Dick's Picks #\24 - 1974-03-23 [Cow Palace, Daly City, CA]\201 Playing in the Band -».flac|Playing in the Band >
Z:\Grateful Dead\# Dick's Picks #\24 - 1974-03-23 [Cow Palace, Daly City, CA]\202 Uncle John's Band -».flac|Uncle John's Band >
Z:\Grateful Dead\# Dick's Picks #\24 - 1974-03-23 [Cow Palace, Daly City, CA]\203 Morning Dew -».flac|Morning Dew >
Z:\Grateful Dead\# Dick's Picks #\24 - 1974-03-23 [Cow Palace, Daly City, CA]\204 Uncle John's Band reprise -».flac|Uncle John's Band reprise >
Z:\Grateful Dead\# Dick's Picks #\24 - 1974-03-23 [Cow Palace, Daly City, CA]\205 Playing in the Band reprise.flac|Playing in the Band reprise
Z:\Grateful Dead\# Dick's Picks #\24 - 1974-03-23 [Cow Palace, Daly City, CA]\206 Big River.flac|Big River
Z:\Grateful Dead\# Dick's Picks #\24 - 1974-03-23 [Cow Palace, Daly City, CA]\207 Bertha.flac|Bertha
Z:\Grateful Dead\# Dick's Picks #\24 - 1974-03-23 [Cow Palace, Daly City, CA]\208 Wharf Rat -».flac|Wharf Rat >
Z:\Grateful Dead\# Dick's Picks #\24 - 1974-03-23 [Cow Palace, Daly City, CA]\209 Sugar Magnolia.flac|Sugar Magnolia
Z:\Grateful Dead\# Dick's Picks #\25 - 1978-05-10 [New Haven Coliseum, New Haven, CT]\101 Jack Straw.flac|Jack Straw
Z:\Grateful Dead\# Dick's Picks #\25 - 1978-05-10 [New Haven Coliseum, New Haven, CT]\102 They Love Each Other.flac|They Love Each Other
Z:\Grateful Dead\# Dick's Picks #\25 - 1978-05-10 [New Haven Coliseum, New Haven, CT]\103 Cassidy.flac|Cassidy
Z:\Grateful Dead\# Dick's Picks #\25 - 1978-05-10 [New Haven Coliseum, New Haven, CT]\104 Ramble On Rose.flac|Ramble On Rose
Z:\Grateful Dead\# Dick's Picks #\25 - 1978-05-10 [New Haven Coliseum, New Haven, CT]\105 Me and My Uncle ».flac|Me and My Uncle >
Z:\Grateful Dead\# Dick's Picks #\25 - 1978-05-10 [New Haven Coliseum, New Haven, CT]\106 Big River.flac|Big River
Z:\Grateful Dead\# Dick's Picks #\25 - 1978-05-10 [New Haven Coliseum, New Haven, CT]\107 Peggy-O.flac|Peggy-O
Z:\Grateful Dead\# Dick's Picks #\25 - 1978-05-10 [New Haven Coliseum, New Haven, CT]\108 Let It Grow ».flac|Let It Grow >
Z:\Grateful Dead\# Dick's Picks #\25 - 1978-05-10 [New Haven Coliseum, New Haven, CT]\109 Deal.flac|Deal
Z:\Grateful Dead\# Dick's Picks #\25 - 1978-05-10 [New Haven Coliseum, New Haven, CT]\201 Bertha ».flac|Bertha >
Z:\Grateful Dead\# Dick's Picks #\25 - 1978-05-10 [New Haven Coliseum, New Haven, CT]\202 Good Lovin'.flac|Good Lovin'
Z:\Grateful Dead\# Dick's Picks #\25 - 1978-05-10 [New Haven Coliseum, New Haven, CT]\203 Estimated Prophet ].flac|Estimated Prophet >
Z:\Grateful Dead\# Dick's Picks #\25 - 1978-05-10 [New Haven Coliseum, New Haven, CT]\204 Eyes of the World ].flac|Eyes of the World >
Z:\Grateful Dead\# Dick's Picks #\25 - 1978-05-10 [New Haven Coliseum, New Haven, CT]\205 drumz ].flac|drumz >
Z:\Grateful Dead\# Dick's Picks #\25 - 1978-05-10 [New Haven Coliseum, New Haven, CT]\206 Other One ].flac|Other One >
Z:\Grateful Dead\# Dick's Picks #\25 - 1978-05-10 [New Haven Coliseum, New Haven, CT]\207 Wharf Rat ].flac|Wharf Rat >
Z:\Grateful Dead\# Dick's Picks #\25 - 1978-05-10 [New Haven Coliseum, New Haven, CT]\208 Sugar Magnolia.flac|Sugar Magnolia
Z:\Grateful Dead\# Dick's Picks #\25 - 1978-05-11 [Springfield Civic Centre Arena, Springfield]\101 Cold Rain and Snow.flac|Cold Rain and Snow
Z:\Grateful Dead\# Dick's Picks #\25 - 1978-05-11 [Springfield Civic Centre Arena, Springfield]\102 Beat It On Down the Line.flac|Beat It On Down the Line
Z:\Grateful Dead\# Dick's Picks #\25 - 1978-05-11 [Springfield Civic Centre Arena, Springfield]\103 Friend of the Devil.flac|Friend of the Devil
Z:\Grateful Dead\# Dick's Picks #\25 - 1978-05-11 [Springfield Civic Centre Arena, Springfield]\104 Looks Like Rain.flac|Looks Like Rain
Z:\Grateful Dead\# Dick's Picks #\25 - 1978-05-11 [Springfield Civic Centre Arena, Springfield]\105 Loser.flac|Loser
Z:\Grateful Dead\# Dick's Picks #\25 - 1978-05-11 [Springfield Civic Centre Arena, Springfield]\106 New Minglewood Blues.flac|New Minglewood Blues
Z:\Grateful Dead\# Dick's Picks #\25 - 1978-05-11 [Springfield Civic Centre Arena, Springfield]\107 Tennessee Jed.flac|Tennessee Jed
Z:\Grateful Dead\# Dick's Picks #\25 - 1978-05-11 [Springfield Civic Centre Arena, Springfield]\108 Lazy Lightnin' --».flac|Lazy Lightnin' >
Z:\Grateful Dead\# Dick's Picks #\25 - 1978-05-11 [Springfield Civic Centre Arena, Springfield]\109 Supplication.flac|Supplication
Z:\Grateful Dead\# Dick's Picks #\25 - 1978-05-11 [Springfield Civic Centre Arena, Springfield]\201 Scarlet Begonias --».flac|Scarlet Begonias >
Z:\Grateful Dead\# Dick's Picks #\25 - 1978-05-11 [Springfield Civic Centre Arena, Springfield]\202 Fire on the Mountain.flac|Fire on the Mountain
Z:\Grateful Dead\# Dick's Picks #\25 - 1978-05-11 [Springfield Civic Centre Arena, Springfield]\203 Dancing In The Streets.flac|Dancing In The Streets
Z:\Grateful Dead\# Dick's Picks #\25 - 1978-05-11 [Springfield Civic Centre Arena, Springfield]\204 Drums.flac|Drums
Z:\Grateful Dead\# Dick's Picks #\25 - 1978-05-11 [Springfield Civic Centre Arena, Springfield]\205 Not Fade Away.flac|Not Fade Away
Z:\Grateful Dead\# Dick's Picks #\25 - 1978-05-11 [Springfield Civic Centre Arena, Springfield]\206 Stella Blue.flac|Stella Blue
Z:\Grateful Dead\# Dick's Picks #\25 - 1978-05-11 [Springfield Civic Centre Arena, Springfield]\207 Around and Around.flac|Around And Around
Z:\Grateful Dead\# Dick's Picks #\25 - 1978-05-11 [Springfield Civic Centre Arena, Springfield]\208 Werewolves Of London.flac|Werewolves Of London
Z:\Grateful Dead\# Dick's Picks #\25 - 1978-05-11 [Springfield Civic Centre Arena, Springfield]\209 Johnny B. Goode.flac|Johnny B. Goode
Z:\Grateful Dead\# Dick's Picks #\26 - 1969-04-26 [Electric Theatre, Chicago, IL]\101 Duprees Diamond Blues».flac|Duprees Diamond Blues»
Z:\Grateful Dead\# Dick's Picks #\26 - 1969-04-26 [Electric Theatre, Chicago, IL]\102 Mountains of the Moon».flac|Mountains of the Moon»
Z:\Grateful Dead\# Dick's Picks #\26 - 1969-04-26 [Electric Theatre, Chicago, IL]\103 China Cat Sinflower».flac|China Cat Sinflower»
Z:\Grateful Dead\# Dick's Picks #\26 - 1969-04-26 [Electric Theatre, Chicago, IL]\104 Doin' That Rag.flac|Doin' That Rag
Z:\Grateful Dead\# Dick's Picks #\26 - 1969-04-26 [Electric Theatre, Chicago, IL]\105 Cryptical Envelopement».flac|Cryptical Envelopement»
Z:\Grateful Dead\# Dick's Picks #\26 - 1969-04-26 [Electric Theatre, Chicago, IL]\106 The Other One».flac|The Other One»
Z:\Grateful Dead\# Dick's Picks #\26 - 1969-04-26 [Electric Theatre, Chicago, IL]\107 The Eleven».flac|The Eleven»
Z:\Grateful Dead\# Dick's Picks #\26 - 1969-04-26 [Electric Theatre, Chicago, IL]\108 The Other One».flac|The Other One»
Z:\Grateful Dead\# Dick's Picks #\26 - 1969-04-26 [Electric Theatre, Chicago, IL]\109 I Know Its a Sin.flac|I Know Its a Sin
Z:\Grateful Dead\# Dick's Picks #\26 - 1969-04-26 [Electric Theatre, Chicago, IL]\110 Lovelight».flac|Lovelight»
Z:\Grateful Dead\# Dick's Picks #\26 - 1969-04-26 [Electric Theatre, Chicago, IL]\111 Me and My Uncle».flac|Me and My Uncle»
Z:\Grateful Dead\# Dick's Picks #\26 - 1969-04-26 [Electric Theatre, Chicago, IL]\112 Sitting On Top Of The World.flac|Sitting On Top Of The World
Z:\Grateful Dead\# Dick's Picks #\26 - 1969-04-26 [Electric Theatre, Chicago, IL]\113 Dark Star».flac|Dark Star»
Z:\Grateful Dead\# Dick's Picks #\26 - 1969-04-26 [Electric Theatre, Chicago, IL]\114 St. Stephen».flac|St. Stephen»
Z:\Grateful Dead\# Dick's Picks #\26 - 1969-04-26 [Electric Theatre, Chicago, IL]\115 The Eleven».flac|The Eleven»
Z:\Grateful Dead\# Dick's Picks #\26 - 1969-04-26 [Electric Theatre, Chicago, IL]\116 Lovelight.flac|Lovelight
Z:\Grateful Dead\# Dick's Picks #\26 - 1969-04-26 [Electric Theatre, Chicago, IL]\117 Morning Dew.flac|Morning Dew
Z:\Grateful Dead\# Dick's Picks #\27 - 1992-12-16 [Oakland Coliseum, Oakland, CA]\101 Feel Like A Stranger.flac|Feel Like A Stranger
Z:\Grateful Dead\# Dick's Picks #\27 - 1992-12-16 [Oakland Coliseum, Oakland, CA]\102 Brown-Eyed Women.flac|Brown-Eyed Women
Z:\Grateful Dead\# Dick's Picks #\27 - 1992-12-16 [Oakland Coliseum, Oakland, CA]\103 The Same Thing.flac|The Same Thing
Z:\Grateful Dead\# Dick's Picks #\27 - 1992-12-16 [Oakland Coliseum, Oakland, CA]\104 Loose Lucy.flac|Loose Lucy
Z:\Grateful Dead\# Dick's Picks #\27 - 1992-12-16 [Oakland Coliseum, Oakland, CA]\105 Stuck Inside Mobile w- The Memphis Blues.flac|Stuck Inside Mobile w- The Memphis Blues
Z:\Grateful Dead\# Dick's Picks #\27 - 1992-12-16 [Oakland Coliseum, Oakland, CA]\106 Row Jimmy.flac|Row Jimmy
Z:\Grateful Dead\# Dick's Picks #\27 - 1992-12-16 [Oakland Coliseum, Oakland, CA]\107 Let It Grow.flac|Let It Grow
Z:\Grateful Dead\# Dick's Picks #\27 - 1992-12-16 [Oakland Coliseum, Oakland, CA]\201 Shakedown Street.flac|Shakedown Street
Z:\Grateful Dead\# Dick's Picks #\27 - 1992-12-16 [Oakland Coliseum, Oakland, CA]\202 Samson And Delilah.flac|Samson And Delilah
Z:\Grateful Dead\# Dick's Picks #\27 - 1992-12-16 [Oakland Coliseum, Oakland, CA]\203 Ship Of Fools.flac|Ship Of Fools
Z:\Grateful Dead\# Dick's Picks #\27 - 1992-12-16 [Oakland Coliseum, Oakland, CA]\204 Playing In The Band.flac|Playing In The Band
Z:\Grateful Dead\# Dick's Picks #\27 - 1992-12-16 [Oakland Coliseum, Oakland, CA]\205 Drums.flac|Drums
Z:\Grateful Dead\# Dick's Picks #\27 - 1992-12-16 [Oakland Coliseum, Oakland, CA]\206 Space.flac|Space
Z:\Grateful Dead\# Dick's Picks #\27 - 1992-12-16 [Oakland Coliseum, Oakland, CA]\207 Dark Star.flac|Dark Star
Z:\Grateful Dead\# Dick's Picks #\27 - 1992-12-16 [Oakland Coliseum, Oakland, CA]\208 All Along The Watchtower.flac|All Along The Watchtower
Z:\Grateful Dead\# Dick's Picks #\27 - 1992-12-16 [Oakland Coliseum, Oakland, CA]\209 Stella Blue.flac|Stella Blue
Z:\Grateful Dead\# Dick's Picks #\27 - 1992-12-16 [Oakland Coliseum, Oakland, CA]\210 Good Lovin'.flac|Good Lovin'
Z:\Grateful Dead\# Dick's Picks #\27 - 1992-12-16 [Oakland Coliseum, Oakland, CA]\211 Casey Jones.flac|Casey Jones
Z:\Grateful Dead\# Dick's Picks #\27 - 1992-12-17 [Oakland Coliseum, Oakland, CA] filler\01 Throwing Stones.flac|Throwing Stones
Z:\Grateful Dead\# Dick's Picks #\27 - 1992-12-17 [Oakland Coliseum, Oakland, CA] filler\02 Not Fade Away.flac|Not Fade Away
Z:\Grateful Dead\# Dick's Picks #\27 - 1992-12-17 [Oakland Coliseum, Oakland, CA] filler\03 Baba O'Riley.flac|Baba O'Riley
Z:\Grateful Dead\# Dick's Picks #\27 - 1992-12-17 [Oakland Coliseum, Oakland, CA] filler\04 Tomorrow Never Knows.flac|Tomorrow Never Knows
Z:\Grateful Dead\# Dick's Picks #\28 - 1973-02-26 [Pershing Municipal Auditorium, Lincoln, NE]\101 Promised Land.flac|Promised Land
Z:\Grateful Dead\# Dick's Picks #\28 - 1973-02-26 [Pershing Municipal Auditorium, Lincoln, NE]\102 Loser.flac|Loser
Z:\Grateful Dead\# Dick's Picks #\28 - 1973-02-26 [Pershing Municipal Auditorium, Lincoln, NE]\103 Jack Straw.flac|Jack Straw
Z:\Grateful Dead\# Dick's Picks #\28 - 1973-02-26 [Pershing Municipal Auditorium, Lincoln, NE]\104 Don't Ease Me In.flac|Don't Ease Me In
Z:\Grateful Dead\# Dick's Picks #\28 - 1973-02-26 [Pershing Municipal Auditorium, Lincoln, NE]\105 Looks Like Rain.flac|Looks Like Rain
Z:\Grateful Dead\# Dick's Picks #\28 - 1973-02-26 [Pershing Municipal Auditorium, Lincoln, NE]\106 Loose Lucy.flac|Loose Lucy
Z:\Grateful Dead\# Dick's Picks #\28 - 1973-02-26 [Pershing Municipal Auditorium, Lincoln, NE]\107 Beer Barrel Polka.flac|Beer Barrel Polka
Z:\Grateful Dead\# Dick's Picks #\28 - 1973-02-26 [Pershing Municipal Auditorium, Lincoln, NE]\108 Big Railroad Blues.flac|Big Railroad Blues
Z:\Grateful Dead\# Dick's Picks #\28 - 1973-02-26 [Pershing Municipal Auditorium, Lincoln, NE]\109 Playin' In The Band.flac|Playin' In The Band
Z:\Grateful Dead\# Dick's Picks #\28 - 1973-02-26 [Pershing Municipal Auditorium, Lincoln, NE]\110 They Love Each Other.flac|They Love Each Other
Z:\Grateful Dead\# Dick's Picks #\28 - 1973-02-26 [Pershing Municipal Auditorium, Lincoln, NE]\111 Big River.flac|Big River
Z:\Grateful Dead\# Dick's Picks #\28 - 1973-02-26 [Pershing Municipal Auditorium, Lincoln, NE]\112 Tennessee Jed.flac|Tennessee Jed
Z:\Grateful Dead\# Dick's Picks #\28 - 1973-02-26 [Pershing Municipal Auditorium, Lincoln, NE]\201 Greatest Story Ever Told.flac|Greatest Story Ever Told
Z:\Grateful Dead\# Dick's Picks #\28 - 1973-02-26 [Pershing Municipal Auditorium, Lincoln, NE]\202 Dark Star --».flac|Dark Star >
Z:\Grateful Dead\# Dick's Picks #\28 - 1973-02-26 [Pershing Municipal Auditorium, Lincoln, NE]\203 Eyes Of The World --».flac|Eyes Of The World >
Z:\Grateful Dead\# Dick's Picks #\28 - 1973-02-26 [Pershing Municipal Auditorium, Lincoln, NE]\204 Mississippi Half-Step.flac|Mississippi Half-Step
Z:\Grateful Dead\# Dick's Picks #\28 - 1973-02-26 [Pershing Municipal Auditorium, Lincoln, NE]\205 Me And My Uncle.flac|Me And My Uncle
Z:\Grateful Dead\# Dick's Picks #\28 - 1973-02-26 [Pershing Municipal Auditorium, Lincoln, NE]\206 Not Fade Away --».flac|Not Fade Away >
Z:\Grateful Dead\# Dick's Picks #\28 - 1973-02-26 [Pershing Municipal Auditorium, Lincoln, NE]\207 Goin' Down The Road Feeling Bad --».flac|Goin' Down The Road Feeling Bad >
Z:\Grateful Dead\# Dick's Picks #\28 - 1973-02-26 [Pershing Municipal Auditorium, Lincoln, NE]\208 Not Fade Away.flac|Not Fade Away
Z:\Grateful Dead\# Dick's Picks #\28 - 1973-02-28 [Salt Palace, Salt Lake City, UT]\101 Cold Rain And Snow.flac|Cold Rain And Snow
Z:\Grateful Dead\# Dick's Picks #\28 - 1973-02-28 [Salt Palace, Salt Lake City, UT]\102 Beat It On Down The Line.flac|Beat It On Down The Line
Z:\Grateful Dead\# Dick's Picks #\28 - 1973-02-28 [Salt Palace, Salt Lake City, UT]\103 They Love Each Other.flac|They Love Each Other
Z:\Grateful Dead\# Dick's Picks #\28 - 1973-02-28 [Salt Palace, Salt Lake City, UT]\104 Mexicali Blues.flac|Mexicali Blues
Z:\Grateful Dead\# Dick's Picks #\28 - 1973-02-28 [Salt Palace, Salt Lake City, UT]\105 Sugaree.flac|Sugaree
Z:\Grateful Dead\# Dick's Picks #\28 - 1973-02-28 [Salt Palace, Salt Lake City, UT]\106 Box Of Rain.flac|Box Of Rain
Z:\Grateful Dead\# Dick's Picks #\28 - 1973-02-28 [Salt Palace, Salt Lake City, UT]\107 El Paso.flac|El Paso
Z:\Grateful Dead\# Dick's Picks #\28 - 1973-02-28 [Salt Palace, Salt Lake City, UT]\108 He's Gone.flac|He's Gone
Z:\Grateful Dead\# Dick's Picks #\28 - 1973-02-28 [Salt Palace, Salt Lake City, UT]\109 Jack Straw.flac|Jack Straw
Z:\Grateful Dead\# Dick's Picks #\28 - 1973-02-28 [Salt Palace, Salt Lake City, UT]\110 China Cat Sunflower --».flac|China Cat Sunflower >
Z:\Grateful Dead\# Dick's Picks #\28 - 1973-02-28 [Salt Palace, Salt Lake City, UT]\111 I Know You Rider.flac|I Know You Rider
Z:\Grateful Dead\# Dick's Picks #\28 - 1973-02-28 [Salt Palace, Salt Lake City, UT]\112 Big River.flac|Big River
Z:\Grateful Dead\# Dick's Picks #\28 - 1973-02-28 [Salt Palace, Salt Lake City, UT]\201 Row Jimmy.flac|Row Jimmy
Z:\Grateful Dead\# Dick's Picks #\28 - 1973-02-28 [Salt Palace, Salt Lake City, UT]\202 Truckin' --».flac|Truckin' >
Z:\Grateful Dead\# Dick's Picks #\28 - 1973-02-28 [Salt Palace, Salt Lake City, UT]\203 The Other One --».flac|The Other One >
Z:\Grateful Dead\# Dick's Picks #\28 - 1973-02-28 [Salt Palace, Salt Lake City, UT]\204 Eyes Of The World --».flac|Eyes Of The World >
Z:\Grateful Dead\# Dick's Picks #\28 - 1973-02-28 [Salt Palace, Salt Lake City, UT]\205 Morning Dew.flac|Morning Dew
Z:\Grateful Dead\# Dick's Picks #\28 - 1973-02-28 [Salt Palace, Salt Lake City, UT]\206 Sugar Magnolia.flac|Sugar Magnolia
Z:\Grateful Dead\# Dick's Picks #\28 - 1973-02-28 [Salt Palace, Salt Lake City, UT]\207 We Bid You Goodnight.flac|We Bid You Goodnight
Z:\Grateful Dead\# Dick's Picks #\29 - 1977-05-19 [Fox Theatre, Atlanta, GA]\101 Bertha.flac|Bertha
Z:\Grateful Dead\# Dick's Picks #\29 - 1977-05-19 [Fox Theatre, Atlanta, GA]\102 Me And My Uncle.flac|Me And My Uncle
Z:\Grateful Dead\# Dick's Picks #\29 - 1977-05-19 [Fox Theatre, Atlanta, GA]\103 They Love Each Other.flac|They Love Each Other
Z:\Grateful Dead\# Dick's Picks #\29 - 1977-05-19 [Fox Theatre, Atlanta, GA]\104 Cassidy.flac|Cassidy
Z:\Grateful Dead\# Dick's Picks #\29 - 1977-05-19 [Fox Theatre, Atlanta, GA]\105 Jack-A-Row.flac|Jack-A-Row
Z:\Grateful Dead\# Dick's Picks #\29 - 1977-05-19 [Fox Theatre, Atlanta, GA]\106 Jack Straw.flac|Jack Straw
Z:\Grateful Dead\# Dick's Picks #\29 - 1977-05-19 [Fox Theatre, Atlanta, GA]\107 Tennessee Jed.flac|Tennessee Jed
Z:\Grateful Dead\# Dick's Picks #\29 - 1977-05-19 [Fox Theatre, Atlanta, GA]\108 New Minglewood Blues.flac|New Minglewood Blues
Z:\Grateful Dead\# Dick's Picks #\29 - 1977-05-19 [Fox Theatre, Atlanta, GA]\109 Row Jimmy.flac|Row Jimmy
Z:\Grateful Dead\# Dick's Picks #\29 - 1977-05-19 [Fox Theatre, Atlanta, GA]\110 Passenger.flac|Passenger
Z:\Grateful Dead\# Dick's Picks #\29 - 1977-05-19 [Fox Theatre, Atlanta, GA]\111 Scarlet Begonias ».flac|Scarlet Begonias >
Z:\Grateful Dead\# Dick's Picks #\29 - 1977-05-19 [Fox Theatre, Atlanta, GA]\112 Fire on the Mountain.flac|Fire on the Mountain
Z:\Grateful Dead\# Dick's Picks #\29 - 1977-05-19 [Fox Theatre, Atlanta, GA]\201 Samson and Delilah.flac|Samson and Delilah
Z:\Grateful Dead\# Dick's Picks #\29 - 1977-05-19 [Fox Theatre, Atlanta, GA]\202 Brown-Eyed Woman.flac|Brown-Eyed Woman
Z:\Grateful Dead\# Dick's Picks #\29 - 1977-05-19 [Fox Theatre, Atlanta, GA]\203 Estimated Prophet ».flac|Estimated Prophet >
Z:\Grateful Dead\# Dick's Picks #\29 - 1977-05-19 [Fox Theatre, Atlanta, GA]\204 He's Gone ».flac|He's Gone >
Z:\Grateful Dead\# Dick's Picks #\29 - 1977-05-19 [Fox Theatre, Atlanta, GA]\205 Drums ».flac|Drums >
Z:\Grateful Dead\# Dick's Picks #\29 - 1977-05-19 [Fox Theatre, Atlanta, GA]\206 The Other One ».flac|The Other One >
Z:\Grateful Dead\# Dick's Picks #\29 - 1977-05-19 [Fox Theatre, Atlanta, GA]\207 Comes A Time ».flac|Comes A Time >
Z:\Grateful Dead\# Dick's Picks #\29 - 1977-05-19 [Fox Theatre, Atlanta, GA]\208 St. Stephen».flac|St. Stephen»
Z:\Grateful Dead\# Dick's Picks #\29 - 1977-05-19 [Fox Theatre, Atlanta, GA]\209 Not Fade Away ».flac|Not Fade Away >
Z:\Grateful Dead\# Dick's Picks #\29 - 1977-05-19 [Fox Theatre, Atlanta, GA]\210 St.Stephen ».flac|St.Stephen >
Z:\Grateful Dead\# Dick's Picks #\29 - 1977-05-19 [Fox Theatre, Atlanta, GA]\211 One More Saturday Night.flac|One More Saturday Night
Z:\Grateful Dead\# Dick's Picks #\29 - 1977-05-19 [Fox Theatre, Atlanta, GA]\998 Dancing in the Streets (filler) 1977-10-11.flac|Dancing in the Streets (filler) 1977-10-11
Z:\Grateful Dead\# Dick's Picks #\29 - 1977-05-19 [Fox Theatre, Atlanta, GA]\999 Dire Wolf (filler) 1977-10-11.flac|Dire Wolf (filler) 1977-10-11
Z:\Grateful Dead\# Dick's Picks #\29 - 1977-05-21 [Lakeland Civic Center, Lakekand, FL]\101 Promised Land.flac|Promised Land
Z:\Grateful Dead\# Dick's Picks #\29 - 1977-05-21 [Lakeland Civic Center, Lakekand, FL]\102 Sugaree.flac|Sugaree
Z:\Grateful Dead\# Dick's Picks #\29 - 1977-05-21 [Lakeland Civic Center, Lakekand, FL]\103 El Paso.flac|El Paso
Z:\Grateful Dead\# Dick's Picks #\29 - 1977-05-21 [Lakeland Civic Center, Lakekand, FL]\104 Peggy-O.flac|Peggy-O
Z:\Grateful Dead\# Dick's Picks #\29 - 1977-05-21 [Lakeland Civic Center, Lakekand, FL]\105 Looks Like Rain.flac|Looks Like Rain
Z:\Grateful Dead\# Dick's Picks #\29 - 1977-05-21 [Lakeland Civic Center, Lakekand, FL]\106 Row Jimmy.flac|Row Jimmy
Z:\Grateful Dead\# Dick's Picks #\29 - 1977-05-21 [Lakeland Civic Center, Lakekand, FL]\107 Passenger.flac|Passenger
Z:\Grateful Dead\# Dick's Picks #\29 - 1977-05-21 [Lakeland Civic Center, Lakekand, FL]\108 Loser.flac|Loser
Z:\Grateful Dead\# Dick's Picks #\29 - 1977-05-21 [Lakeland Civic Center, Lakekand, FL]\201 Dancing In The Streets.flac|Dancing In The Streets
Z:\Grateful Dead\# Dick's Picks #\29 - 1977-05-21 [Lakeland Civic Center, Lakekand, FL]\202 Samson and Delilah.flac|Samson and Delilah
Z:\Grateful Dead\# Dick's Picks #\29 - 1977-05-21 [Lakeland Civic Center, Lakekand, FL]\203 Ramble On Rose.flac|Ramble On Rose
Z:\Grateful Dead\# Dick's Picks #\29 - 1977-05-21 [Lakeland Civic Center, Lakekand, FL]\204 Estimated Prophet.flac|Estimated Prophet
Z:\Grateful Dead\# Dick's Picks #\29 - 1977-05-21 [Lakeland Civic Center, Lakekand, FL]\301 Terrrapin Station-].flac|Terrrapin Station >
Z:\Grateful Dead\# Dick's Picks #\29 - 1977-05-21 [Lakeland Civic Center, Lakekand, FL]\302 Playing In The Band-].flac|Playing In The Band >
Z:\Grateful Dead\# Dick's Picks #\29 - 1977-05-21 [Lakeland Civic Center, Lakekand, FL]\303 Uncle John's Band-].flac|Uncle John's Band >
Z:\Grateful Dead\# Dick's Picks #\29 - 1977-05-21 [Lakeland Civic Center, Lakekand, FL]\304 Drums-].flac|Drums >
Z:\Grateful Dead\# Dick's Picks #\29 - 1977-05-21 [Lakeland Civic Center, Lakekand, FL]\305 The Wheel-].flac|The Wheel >
Z:\Grateful Dead\# Dick's Picks #\29 - 1977-05-21 [Lakeland Civic Center, Lakekand, FL]\306 China Doll-].flac|China Doll >
Z:\Grateful Dead\# Dick's Picks #\29 - 1977-05-21 [Lakeland Civic Center, Lakekand, FL]\307 Playing In The Band.flac|Playing In The Band
Z:\Grateful Dead\# Dick's Picks #\29 - 1977-05-21 [Lakeland Civic Center, Lakekand, FL]\997 Drums-] Not Fade Away (filler - 77-10-11).flac|Drums > Not Fade Away (filler - 77-10-11)
Z:\Grateful Dead\# Dick's Picks #\29 - 1977-05-21 [Lakeland Civic Center, Lakekand, FL]\998 Wharf Rat (filler - 77-10-11).flac|Wharf Rat (filler - 77-10-11)
Z:\Grateful Dead\# Dick's Picks #\29 - 1977-05-21 [Lakeland Civic Center, Lakekand, FL]\999 Round and Round (filler - 77-10-11).flac|Round and Round (filler - 77-10-11)
Z:\Grateful Dead\# Dick's Picks #\30 - 1972-03-25 [Academy Of Music, New York, NY]\101 Hey Bo Diddley.flac|Hey Bo Diddley
Z:\Grateful Dead\# Dick's Picks #\30 - 1972-03-25 [Academy Of Music, New York, NY]\102 I'm A Man.flac|I'm A Man
Z:\Grateful Dead\# Dick's Picks #\30 - 1972-03-25 [Academy Of Music, New York, NY]\103 I've Seen Them All.flac|I've Seen Them All
Z:\Grateful Dead\# Dick's Picks #\30 - 1972-03-25 [Academy Of Music, New York, NY]\104 Jam.flac|Jam
Z:\Grateful Dead\# Dick's Picks #\30 - 1972-03-25 [Academy Of Music, New York, NY]\105 Mona.flac|Mona
Z:\Grateful Dead\# Dick's Picks #\30 - 1972-03-25 [Academy Of Music, New York, NY]\106 How Sweet It Is.flac|How Sweet It Is
Z:\Grateful Dead\# Dick's Picks #\30 - 1972-03-25 [Academy Of Music, New York, NY]\107 Are You Lonely For Me.flac|Are You Lonely For Me
Z:\Grateful Dead\# Dick's Picks #\30 - 1972-03-25 [Academy Of Music, New York, NY]\108 Smokestack Lightnin'.flac|Smokestack Lightnin'
Z:\Grateful Dead\# Dick's Picks #\30 - 1972-03-25 [Academy Of Music, New York, NY]\109 Playing In The Band.flac|Playing In The Band
Z:\Grateful Dead\# Dick's Picks #\30 - 1972-03-25 [Academy Of Music, New York, NY]\201 Truckin'.flac|Truckin'
Z:\Grateful Dead\# Dick's Picks #\30 - 1972-03-25 [Academy Of Music, New York, NY]\202 Tennessee Jed.flac|Tennessee Jed
Z:\Grateful Dead\# Dick's Picks #\30 - 1972-03-25 [Academy Of Music, New York, NY]\203 Chinatown Shuffle.flac|Chinatown Shuffle
Z:\Grateful Dead\# Dick's Picks #\30 - 1972-03-25 [Academy Of Music, New York, NY]\204 Black-Throated Wind.flac|Black-Throated Wind
Z:\Grateful Dead\# Dick's Picks #\30 - 1972-03-25 [Academy Of Music, New York, NY]\205 You Win Again.flac|You Win Again
Z:\Grateful Dead\# Dick's Picks #\30 - 1972-03-25 [Academy Of Music, New York, NY]\206 Mr. Charlie.flac|Mr. Charlie
Z:\Grateful Dead\# Dick's Picks #\30 - 1972-03-25 [Academy Of Music, New York, NY]\207 Mexicali Blues.flac|Mexicali Blues
Z:\Grateful Dead\# Dick's Picks #\30 - 1972-03-25 [Academy Of Music, New York, NY]\208 Brokedown Palace.flac|Brokedown Palace
Z:\Grateful Dead\# Dick's Picks #\30 - 1972-03-25 [Academy Of Music, New York, NY]\209 Next Time You See Me.flac|Next Time You See Me
Z:\Grateful Dead\# Dick's Picks #\30 - 1972-03-25 [Academy Of Music, New York, NY]\210 Cumberland Blues.flac|Cumberland Blues
Z:\Grateful Dead\# Dick's Picks #\30 - 1972-03-25 [Academy Of Music, New York, NY]\301 Looks Like Rain.flac|Looks Like Rain
Z:\Grateful Dead\# Dick's Picks #\30 - 1972-03-25 [Academy Of Music, New York, NY]\302 Big Railroad Blues.flac|Big Railroad Blues
Z:\Grateful Dead\# Dick's Picks #\30 - 1972-03-25 [Academy Of Music, New York, NY]\303 El Paso.flac|El Paso
Z:\Grateful Dead\# Dick's Picks #\30 - 1972-03-25 [Academy Of Music, New York, NY]\304 China Cat Sunflower.flac|China Cat Sunflower
Z:\Grateful Dead\# Dick's Picks #\30 - 1972-03-25 [Academy Of Music, New York, NY]\305 I Know You Rider.flac|I Know You Rider
Z:\Grateful Dead\# Dick's Picks #\30 - 1972-03-25 [Academy Of Music, New York, NY]\306 Casey Jones.flac|Casey Jones
Z:\Grateful Dead\# Dick's Picks #\30 - 1972-03-25 [Academy Of Music, New York, NY]\307 Playing In The Band.flac|Playing In The Band
Z:\Grateful Dead\# Dick's Picks #\30 - 1972-03-25 [Academy Of Music, New York, NY]\308 Sugaree.flac|Sugaree
Z:\Grateful Dead\# Dick's Picks #\30 - 1972-03-25 [Academy Of Music, New York, NY]\309 The Stranger (Two Souls In Communion).flac|The Stranger (Two Souls In Communion)
Z:\Grateful Dead\# Dick's Picks #\30 - 1972-03-25 [Academy Of Music, New York, NY]\401 Sugar Magnolia.flac|Sugar Magnolia
Z:\Grateful Dead\# Dick's Picks #\30 - 1972-03-25 [Academy Of Music, New York, NY]\402 The Other One.flac|The Other One
Z:\Grateful Dead\# Dick's Picks #\30 - 1972-03-25 [Academy Of Music, New York, NY]\403 Hurts Me Too.flac|Hurts Me Too
Z:\Grateful Dead\# Dick's Picks #\30 - 1972-03-25 [Academy Of Music, New York, NY]\404 Not Fade Away.flac|Not Fade Away
Z:\Grateful Dead\# Dick's Picks #\30 - 1972-03-25 [Academy Of Music, New York, NY]\405 Goin' Down The Road Feeling Bad.flac|Goin' Down The Road Feeling Bad
Z:\Grateful Dead\# Dick's Picks #\30 - 1972-03-25 [Academy Of Music, New York, NY]\406 Not Fade Away.flac|Not Fade Away
Z:\Grateful Dead\# Dick's Picks #\30 - 1972-03-25 [Academy Of Music, New York, NY]\407 Sidewalks Of New York.flac|Sidewalks Of New York
Z:\Grateful Dead\# Dick's Picks #\30 - 1972-03-25 [Academy Of Music, New York, NY]\408 One More Saturday Night.flac|One More Saturday Night
Z:\Grateful Dead\# Dick's Picks #\31 - 1974-08-04 [Civic Center, Philadelphia, PA]\01 Playing In The Band.flac|Playing In The Band
Z:\Grateful Dead\# Dick's Picks #\31 - 1974-08-04 [Civic Center, Philadelphia, PA]\02 Scarlet Begonias.flac|Scarlet Begonias
Z:\Grateful Dead\# Dick's Picks #\31 - 1974-08-04 [Civic Center, Philadelphia, PA]\03 Jack Straw.flac|Jack Straw
Z:\Grateful Dead\# Dick's Picks #\31 - 1974-08-04 [Civic Center, Philadelphia, PA]\04 Peggy-O.flac|Peggy-O
Z:\Grateful Dead\# Dick's Picks #\31 - 1974-08-04 [Civic Center, Philadelphia, PA]\05 Ship of Fools.flac|Ship of Fools
Z:\Grateful Dead\# Dick's Picks #\31 - 1974-08-04 [Civic Center, Philadelphia, PA]\06 Loose Lucy.flac|Loose Lucy
Z:\Grateful Dead\# Dick's Picks #\31 - 1974-08-04 [Civic Center, Philadelphia, PA]\07 Weather Report Suite.flac|Weather Report Suite
Z:\Grateful Dead\# Dick's Picks #\31 - 1974-08-04 [Civic Center, Philadelphia, PA]\08 Jam.flac|Jam
Z:\Grateful Dead\# Dick's Picks #\31 - 1974-08-04 [Civic Center, Philadelphia, PA]\09 Wharf Rat.flac|Wharf Rat
Z:\Grateful Dead\# Dick's Picks #\31 - 1974-08-04 [Civic Center, Philadelphia, PA]\10 U.S. Blues.flac|U.S. Blues
Z:\Grateful Dead\# Dick's Picks #\31 - 1974-08-04 [Civic Center, Philadelphia, PA]\11 Sugar Magnolia.flac|Sugar Magnolia
Z:\Grateful Dead\# Dick's Picks #\31 - 1974-08-04 [Civic Center, Philadelphia, PA]\12 Casey Jones.flac|Casey Jones
Z:\Grateful Dead\# Dick's Picks #\31 - 1974-08-05 [Civic Center, Philadelphia, PA]\01 Me & Bobby McGee.flac|Me & Bobby McGee
Z:\Grateful Dead\# Dick's Picks #\31 - 1974-08-05 [Civic Center, Philadelphia, PA]\02 China Cat Sunflower.flac|China Cat Sunflower
Z:\Grateful Dead\# Dick's Picks #\31 - 1974-08-05 [Civic Center, Philadelphia, PA]\03 I Know You Rider.flac|I Know You Rider
Z:\Grateful Dead\# Dick's Picks #\31 - 1974-08-05 [Civic Center, Philadelphia, PA]\04 Around And Around.flac|Around And Around
Z:\Grateful Dead\# Dick's Picks #\31 - 1974-08-05 [Civic Center, Philadelphia, PA]\05 Mississippi Half-Step Uptown Toodeloo.flac|Mississippi Half-Step Uptown Toodeloo
Z:\Grateful Dead\# Dick's Picks #\31 - 1974-08-05 [Civic Center, Philadelphia, PA]\06 It Must Have Been The Roses.flac|It Must Have Been The Roses
Z:\Grateful Dead\# Dick's Picks #\31 - 1974-08-05 [Civic Center, Philadelphia, PA]\07 Big River.flac|Big River
Z:\Grateful Dead\# Dick's Picks #\31 - 1974-08-05 [Civic Center, Philadelphia, PA]\08 He's Gone.flac|He's Gone
Z:\Grateful Dead\# Dick's Picks #\31 - 1974-08-05 [Civic Center, Philadelphia, PA]\09 Truckin'.flac|Truckin'
Z:\Grateful Dead\# Dick's Picks #\31 - 1974-08-05 [Civic Center, Philadelphia, PA]\10 Jam.flac|Jam
Z:\Grateful Dead\# Dick's Picks #\31 - 1974-08-05 [Civic Center, Philadelphia, PA]\11 Other One Jam.flac|Other One Jam
Z:\Grateful Dead\# Dick's Picks #\31 - 1974-08-05 [Civic Center, Philadelphia, PA]\12 Space.flac|Space
Z:\Grateful Dead\# Dick's Picks #\31 - 1974-08-05 [Civic Center, Philadelphia, PA]\13 Stella Blue.flac|Stella Blue
Z:\Grateful Dead\# Dick's Picks #\31 - 1974-08-05 [Civic Center, Philadelphia, PA]\14 One More Saturday Night.flac|One More Saturday Night
Z:\Grateful Dead\# Dick's Picks #\31 - 1974-08-06 [Roosevelt Stadium, Jersey City, NJ]\01 Eyes Of The World.flac|Eyes Of The World
Z:\Grateful Dead\# Dick's Picks #\31 - 1974-08-06 [Roosevelt Stadium, Jersey City, NJ]\02 Playing In The Band.flac|Playing In The Band
Z:\Grateful Dead\# Dick's Picks #\31 - 1974-08-06 [Roosevelt Stadium, Jersey City, NJ]\03 Scarlet Begonias.flac|Scarlet Begonias
Z:\Grateful Dead\# Dick's Picks #\31 - 1974-08-06 [Roosevelt Stadium, Jersey City, NJ]\04 Playing In The Band.flac|Playing In The Band
Z:\Grateful Dead\# Dick's Picks #\31 - 1974-08-06 [Roosevelt Stadium, Jersey City, NJ]\05 Uncle John's Band.flac|Uncle John's Band
Z:\Grateful Dead\# Dick's Picks #\32 - 1982-08-07 [Alpine Valley, East Troy, WI]\101 The Music Never Stopped -».flac|The Music Never Stopped >
Z:\Grateful Dead\# Dick's Picks #\32 - 1982-08-07 [Alpine Valley, East Troy, WI]\102 Sugaree -».flac|Sugaree >
Z:\Grateful Dead\# Dick's Picks #\32 - 1982-08-07 [Alpine Valley, East Troy, WI]\103 The Music Never Stopped.flac|The Music Never Stopped
Z:\Grateful Dead\# Dick's Picks #\32 - 1982-08-07 [Alpine Valley, East Troy, WI]\104 Me And My Uncle -».flac|Me And My Uncle >
Z:\Grateful Dead\# Dick's Picks #\32 - 1982-08-07 [Alpine Valley, East Troy, WI]\105 Big River.flac|Big River
Z:\Grateful Dead\# Dick's Picks #\32 - 1982-08-07 [Alpine Valley, East Troy, WI]\106 It Must Have Been The Roses.flac|It Must Have Been The Roses
Z:\Grateful Dead\# Dick's Picks #\32 - 1982-08-07 [Alpine Valley, East Troy, WI]\107 C.C. Rider.flac|C.C. Rider
Z:\Grateful Dead\# Dick's Picks #\32 - 1982-08-07 [Alpine Valley, East Troy, WI]\108 Ramble On Rose.flac|Ramble On Rose
Z:\Grateful Dead\# Dick's Picks #\32 - 1982-08-07 [Alpine Valley, East Troy, WI]\109 Beat It On Down The Line -».flac|Beat It On Down The Line >
Z:\Grateful Dead\# Dick's Picks #\32 - 1982-08-07 [Alpine Valley, East Troy, WI]\110 On The Road Again.flac|On The Road Again
Z:\Grateful Dead\# Dick's Picks #\32 - 1982-08-07 [Alpine Valley, East Troy, WI]\111 Althea.flac|Althea
Z:\Grateful Dead\# Dick's Picks #\32 - 1982-08-07 [Alpine Valley, East Troy, WI]\112 Let It Grow.flac|Let It Grow
Z:\Grateful Dead\# Dick's Picks #\32 - 1982-08-07 [Alpine Valley, East Troy, WI]\201 China Cat Sunflower.flac|China Cat Sunflower
Z:\Grateful Dead\# Dick's Picks #\32 - 1982-08-07 [Alpine Valley, East Troy, WI]\202 I Know You Rider.flac|I Know You Rider
Z:\Grateful Dead\# Dick's Picks #\32 - 1982-08-07 [Alpine Valley, East Troy, WI]\203 Man Smart, Woman Smarter.flac|Man Smart, Woman Smarter
Z:\Grateful Dead\# Dick's Picks #\32 - 1982-08-07 [Alpine Valley, East Troy, WI]\204 Ship Of Fools.flac|Ship Of Fools
Z:\Grateful Dead\# Dick's Picks #\32 - 1982-08-07 [Alpine Valley, East Troy, WI]\205 Playing In The Band.flac|Playing In The Band
Z:\Grateful Dead\# Dick's Picks #\32 - 1982-08-07 [Alpine Valley, East Troy, WI]\206 Drums.flac|Drums
Z:\Grateful Dead\# Dick's Picks #\32 - 1982-08-07 [Alpine Valley, East Troy, WI]\207 Space.flac|Space
Z:\Grateful Dead\# Dick's Picks #\32 - 1982-08-07 [Alpine Valley, East Troy, WI]\208 The Wheel.flac|The Wheel
Z:\Grateful Dead\# Dick's Picks #\32 - 1982-08-07 [Alpine Valley, East Troy, WI]\209 Playing In The Band.flac|Playing In The Band
Z:\Grateful Dead\# Dick's Picks #\32 - 1982-08-07 [Alpine Valley, East Troy, WI]\210 Morning Dew.flac|Morning Dew
Z:\Grateful Dead\# Dick's Picks #\32 - 1982-08-07 [Alpine Valley, East Troy, WI]\211 One More Saturday Night.flac|One More Saturday Night
Z:\Grateful Dead\# Dick's Picks #\32 - 1982-08-07 [Alpine Valley, East Troy, WI]\212 U.S. Blues.flac|U.S. Blues
Z:\Grateful Dead\# Dick's Picks #\33 - 1976-10-09 [Oakland Stadium, CA]\101 Promised Land.flac|Promised Land
Z:\Grateful Dead\# Dick's Picks #\33 - 1976-10-09 [Oakland Stadium, CA]\102 Mississippi Half-Step Uptown Toodeloo.flac|Mississippi Half-Step Uptown Toodeloo
Z:\Grateful Dead\# Dick's Picks #\33 - 1976-10-09 [Oakland Stadium, CA]\103 Cassidy.flac|Cassidy
Z:\Grateful Dead\# Dick's Picks #\33 - 1976-10-09 [Oakland Stadium, CA]\104 Tennessee Jed.flac|Tennessee Jed
Z:\Grateful Dead\# Dick's Picks #\33 - 1976-10-09 [Oakland Stadium, CA]\105 Looks Like Rain.flac|Looks Like Rain
Z:\Grateful Dead\# Dick's Picks #\33 - 1976-10-09 [Oakland Stadium, CA]\106 They Love Each Other.flac|They Love Each Other
Z:\Grateful Dead\# Dick's Picks #\33 - 1976-10-09 [Oakland Stadium, CA]\107 New Minglewood Blues.flac|New Minglewood Blues
Z:\Grateful Dead\# Dick's Picks #\33 - 1976-10-09 [Oakland Stadium, CA]\108 Scarlet Begonias.flac|Scarlet Begonias
Z:\Grateful Dead\# Dick's Picks #\33 - 1976-10-09 [Oakland Stadium, CA]\109 Lazy Lightnin'.flac|Lazy Lightnin'
Z:\Grateful Dead\# Dick's Picks #\33 - 1976-10-09 [Oakland Stadium, CA]\110 Supplication.flac|Supplication
Z:\Grateful Dead\# Dick's Picks #\33 - 1976-10-09 [Oakland Stadium, CA]\111 Sugaree.flac|Sugaree
Z:\Grateful Dead\# Dick's Picks #\33 - 1976-10-09 [Oakland Stadium, CA]\201 St. Stephen ».flac|St. Stephen >
Z:\Grateful Dead\# Dick's Picks #\33 - 1976-10-09 [Oakland Stadium, CA]\202 Not Fade Away ».flac|Not Fade Away >
Z:\Grateful Dead\# Dick's Picks #\33 - 1976-10-09 [Oakland Stadium, CA]\203 St. Stephen ».flac|St. Stephen >
Z:\Grateful Dead\# Dick's Picks #\33 - 1976-10-09 [Oakland Stadium, CA]\204 Help On The Way ».flac|Help On The Way >
Z:\Grateful Dead\# Dick's Picks #\33 - 1976-10-09 [Oakland Stadium, CA]\205 Slipknot ».flac|Slipknot >
Z:\Grateful Dead\# Dick's Picks #\33 - 1976-10-09 [Oakland Stadium, CA]\206 Drums ».flac|Drums >
Z:\Grateful Dead\# Dick's Picks #\33 - 1976-10-09 [Oakland Stadium, CA]\207 Samson & Delilah ».flac|Samson & Delilah >
Z:\Grateful Dead\# Dick's Picks #\33 - 1976-10-09 [Oakland Stadium, CA]\208 Slipknot ».flac|Slipknot >
Z:\Grateful Dead\# Dick's Picks #\33 - 1976-10-09 [Oakland Stadium, CA]\209 Franklin's Tower ».flac|Franklin's Tower >
Z:\Grateful Dead\# Dick's Picks #\33 - 1976-10-09 [Oakland Stadium, CA]\210 One More Saturday Night.flac|One More Saturday Night
Z:\Grateful Dead\# Dick's Picks #\33 - 1976-10-09 [Oakland Stadium, CA]\211 U.S. Blues.flac|U.S. Blues
Z:\Grateful Dead\# Dick's Picks #\33 - 1976-10-10 [Oakland Stadium, CA]\101 Might As Well.flac|Might As Well
Z:\Grateful Dead\# Dick's Picks #\33 - 1976-10-10 [Oakland Stadium, CA]\102 Mama Tried.flac|Mama Tried
Z:\Grateful Dead\# Dick's Picks #\33 - 1976-10-10 [Oakland Stadium, CA]\103 Ramble On Rose.flac|Ramble On Rose
Z:\Grateful Dead\# Dick's Picks #\33 - 1976-10-10 [Oakland Stadium, CA]\104 Cassidy.flac|Cassidy
Z:\Grateful Dead\# Dick's Picks #\33 - 1976-10-10 [Oakland Stadium, CA]\105 Deal.flac|Deal
Z:\Grateful Dead\# Dick's Picks #\33 - 1976-10-10 [Oakland Stadium, CA]\106 El Paso.flac|El Paso
Z:\Grateful Dead\# Dick's Picks #\33 - 1976-10-10 [Oakland Stadium, CA]\107 Loser.flac|Loser
Z:\Grateful Dead\# Dick's Picks #\33 - 1976-10-10 [Oakland Stadium, CA]\108 Promised Land.flac|Promised Land
Z:\Grateful Dead\# Dick's Picks #\33 - 1976-10-10 [Oakland Stadium, CA]\109 Friend Of The Devil.flac|Friend Of The Devil
Z:\Grateful Dead\# Dick's Picks #\33 - 1976-10-10 [Oakland Stadium, CA]\110 Dancing In The Streets.flac|Dancing In The Streets
Z:\Grateful Dead\# Dick's Picks #\33 - 1976-10-10 [Oakland Stadium, CA]\111 Wharf Rat.flac|Wharf Rat
Z:\Grateful Dead\# Dick's Picks #\33 - 1976-10-10 [Oakland Stadium, CA]\112 Dancing In The Streets.flac|Dancing In The Streets
Z:\Grateful Dead\# Dick's Picks #\33 - 1976-10-10 [Oakland Stadium, CA]\201 Samson & Delilah.flac|Samson & Delilah
Z:\Grateful Dead\# Dick's Picks #\33 - 1976-10-10 [Oakland Stadium, CA]\202 Brown-Eyed Woman.flac|Brown-Eyed Woman
Z:\Grateful Dead\# Dick's Picks #\33 - 1976-10-10 [Oakland Stadium, CA]\203 Playing In The Band.flac|Playing In The Band
Z:\Grateful Dead\# Dick's Picks #\33 - 1976-10-10 [Oakland Stadium, CA]\204 Drums.flac|Drums
Z:\Grateful Dead\# Dick's Picks #\33 - 1976-10-10 [Oakland Stadium, CA]\205 The Wheel.flac|The Wheel
Z:\Grateful Dead\# Dick's Picks #\33 - 1976-10-10 [Oakland Stadium, CA]\206 Space.flac|Space
Z:\Grateful Dead\# Dick's Picks #\33 - 1976-10-10 [Oakland Stadium, CA]\207 The Other One.flac|The Other One
Z:\Grateful Dead\# Dick's Picks #\33 - 1976-10-10 [Oakland Stadium, CA]\208 Stella Blue.flac|Stella Blue
Z:\Grateful Dead\# Dick's Picks #\33 - 1976-10-10 [Oakland Stadium, CA]\209 Playing In The Band.flac|Playing In The Band
Z:\Grateful Dead\# Dick's Picks #\33 - 1976-10-10 [Oakland Stadium, CA]\210 Sugar Magnolia.flac|Sugar Magnolia
Z:\Grateful Dead\# Dick's Picks #\33 - 1976-10-10 [Oakland Stadium, CA]\211 Johnny B. Goode.flac|Johnny B. Goode
Z:\Grateful Dead\# Dick's Picks #\34 - 1977-11-02 [Field House - Seneca College, Toronto, ON] filler\109 Lazy Lightnin'.flac|Lazy Lightnin'
Z:\Grateful Dead\# Dick's Picks #\34 - 1977-11-02 [Field House - Seneca College, Toronto, ON] filler\110 Might As Well.flac|Might As Well
Z:\Grateful Dead\# Dick's Picks #\34 - 1977-11-02 [Field House - Seneca College, Toronto, ON] filler\110 Saint Stephen.flac|Saint Stephen
Z:\Grateful Dead\# Dick's Picks #\34 - 1977-11-02 [Field House - Seneca College, Toronto, ON] filler\110 Supplication.flac|Supplication
Z:\Grateful Dead\# Dick's Picks #\34 - 1977-11-02 [Field House - Seneca College, Toronto, ON] filler\207 Estimated Prophet.flac|Estimated Prophet
Z:\Grateful Dead\# Dick's Picks #\34 - 1977-11-02 [Field House - Seneca College, Toronto, ON] filler\209 Truckin'.flac|Truckin'
Z:\Grateful Dead\# Dick's Picks #\34 - 1977-11-02 [Field House - Seneca College, Toronto, ON] filler\210 Around And Around.flac|Around And Around
Z:\Grateful Dead\# Dick's Picks #\34 - 1977-11-05 [Community War Memorial, Rochester, NY]\101 New Minglewood Blues.flac|New Minglewood Blues
Z:\Grateful Dead\# Dick's Picks #\34 - 1977-11-05 [Community War Memorial, Rochester, NY]\102 Mississippi Half-Step Uptown Toodeloo.flac|Mississippi Half-Step Uptown Toodeloo
Z:\Grateful Dead\# Dick's Picks #\34 - 1977-11-05 [Community War Memorial, Rochester, NY]\103 Looks Like Rain.flac|Looks Like Rain
Z:\Grateful Dead\# Dick's Picks #\34 - 1977-11-05 [Community War Memorial, Rochester, NY]\104 Dire Wolf.flac|Dire Wolf
Z:\Grateful Dead\# Dick's Picks #\34 - 1977-11-05 [Community War Memorial, Rochester, NY]\105 Mama Tried.flac|Mama Tried
Z:\Grateful Dead\# Dick's Picks #\34 - 1977-11-05 [Community War Memorial, Rochester, NY]\106 Big River.flac|Big River
Z:\Grateful Dead\# Dick's Picks #\34 - 1977-11-05 [Community War Memorial, Rochester, NY]\107 Candyman.flac|Candyman
Z:\Grateful Dead\# Dick's Picks #\34 - 1977-11-05 [Community War Memorial, Rochester, NY]\108 Jack Straw.flac|Jack Straw
Z:\Grateful Dead\# Dick's Picks #\34 - 1977-11-05 [Community War Memorial, Rochester, NY]\109 Deal.flac|Deal
Z:\Grateful Dead\# Dick's Picks #\34 - 1977-11-05 [Community War Memorial, Rochester, NY]\201 Phil Solo.flac|Phil Solo
Z:\Grateful Dead\# Dick's Picks #\34 - 1977-11-05 [Community War Memorial, Rochester, NY]\202 Take A Step Back.flac|Take A Step Back
Z:\Grateful Dead\# Dick's Picks #\34 - 1977-11-05 [Community War Memorial, Rochester, NY]\203 Eyes Of The World.flac|Eyes Of The World
Z:\Grateful Dead\# Dick's Picks #\34 - 1977-11-05 [Community War Memorial, Rochester, NY]\204 Samson & Delilah.flac|Samson & Delilah
Z:\Grateful Dead\# Dick's Picks #\34 - 1977-11-05 [Community War Memorial, Rochester, NY]\205 It Must Have Been The Roses.flac|It Must Have Been The Roses
Z:\Grateful Dead\# Dick's Picks #\34 - 1977-11-05 [Community War Memorial, Rochester, NY]\206 Estimated Prophet.flac|Estimated Prophet
Z:\Grateful Dead\# Dick's Picks #\34 - 1977-11-05 [Community War Memorial, Rochester, NY]\207 He's Gone.flac|He's Gone
Z:\Grateful Dead\# Dick's Picks #\34 - 1977-11-05 [Community War Memorial, Rochester, NY]\208 Rhythm Devils.flac|Rhythm Devils
Z:\Grateful Dead\# Dick's Picks #\34 - 1977-11-05 [Community War Memorial, Rochester, NY]\209 The Other One.flac|The Other One
Z:\Grateful Dead\# Dick's Picks #\34 - 1977-11-05 [Community War Memorial, Rochester, NY]\210 Black Peter.flac|Black Peter
Z:\Grateful Dead\# Dick's Picks #\34 - 1977-11-05 [Community War Memorial, Rochester, NY]\211 Sugar Magnolia.flac|Sugar Magnolia
Z:\Grateful Dead\# Dick's Picks #\34 - 1977-11-05 [Community War Memorial, Rochester, NY]\212 One More Saturday Night.flac|One More Saturday Night
Z:\Grateful Dead\# Dick's Picks #\35 - 1971-08-06 [Hollywood Palladium, Hollywood, CA] %II\204 The Other One.flac|The Other One
Z:\Grateful Dead\# Dick's Picks #\35 - 1971-08-06 [Hollywood Palladium, Hollywood, CA] %II\205 Me & My Uncle.flac|Me & My Uncle
Z:\Grateful Dead\# Dick's Picks #\35 - 1971-08-06 [Hollywood Palladium, Hollywood, CA] %II\206 The Other One.flac|The Other One
Z:\Grateful Dead\# Dick's Picks #\35 - 1971-08-06 [Hollywood Palladium, Hollywood, CA] %II\207 Deal.flac|Deal
Z:\Grateful Dead\# Dick's Picks #\35 - 1971-08-06 [Hollywood Palladium, Hollywood, CA] %II\208 Sugar Magnolia.flac|Sugar Magnolia
Z:\Grateful Dead\# Dick's Picks #\35 - 1971-08-06 [Hollywood Palladium, Hollywood, CA] %II\209 Morning Dew.flac|Morning Dew
Z:\Grateful Dead\# Dick's Picks #\35 - 1971-08-06 [Hollywood Palladium, Hollywood, CA] %II\210 Turn On Your Lovelight.flac|Turn On Your Lovelight
Z:\Grateful Dead\# Dick's Picks #\35 - 1971-08-07 [Golden Hall, San Diego, CA]\101 Big Railroad Blues.flac|Big Railroad Blues
Z:\Grateful Dead\# Dick's Picks #\35 - 1971-08-07 [Golden Hall, San Diego, CA]\102 El Paso.flac|El Paso
Z:\Grateful Dead\# Dick's Picks #\35 - 1971-08-07 [Golden Hall, San Diego, CA]\103 Mr. Charlie.flac|Mr. Charlie
Z:\Grateful Dead\# Dick's Picks #\35 - 1971-08-07 [Golden Hall, San Diego, CA]\104 Sugaree.flac|Sugaree
Z:\Grateful Dead\# Dick's Picks #\35 - 1971-08-07 [Golden Hall, San Diego, CA]\105 Mama Tried.flac|Mama Tried
Z:\Grateful Dead\# Dick's Picks #\35 - 1971-08-07 [Golden Hall, San Diego, CA]\106 Bertha.flac|Bertha
Z:\Grateful Dead\# Dick's Picks #\35 - 1971-08-07 [Golden Hall, San Diego, CA]\107 Big Boss Man.flac|Big Boss Man
Z:\Grateful Dead\# Dick's Picks #\35 - 1971-08-07 [Golden Hall, San Diego, CA]\108 Promised Land.flac|Promised Land
Z:\Grateful Dead\# Dick's Picks #\35 - 1971-08-07 [Golden Hall, San Diego, CA]\109 Hard To Handle.flac|Hard To Handle
Z:\Grateful Dead\# Dick's Picks #\35 - 1971-08-07 [Golden Hall, San Diego, CA]\110 Cumberland Blues.flac|Cumberland Blues
Z:\Grateful Dead\# Dick's Picks #\35 - 1971-08-07 [Golden Hall, San Diego, CA]\111 Casey Jones.flac|Casey Jones
Z:\Grateful Dead\# Dick's Picks #\35 - 1971-08-07 [Golden Hall, San Diego, CA]\201 Truckin'.flac|Truckin'
Z:\Grateful Dead\# Dick's Picks #\35 - 1971-08-07 [Golden Hall, San Diego, CA]\202 China Cat Sunflower.flac|China Cat Sunflower
Z:\Grateful Dead\# Dick's Picks #\35 - 1971-08-07 [Golden Hall, San Diego, CA]\203 I Know You Rider.flac|I Know You Rider
Z:\Grateful Dead\# Dick's Picks #\35 - 1971-08-07 [Golden Hall, San Diego, CA]\204 Next Time You See Me.flac|Next Time You See Me
Z:\Grateful Dead\# Dick's Picks #\35 - 1971-08-07 [Golden Hall, San Diego, CA]\205 Sugar Magnolia.flac|Sugar Magnolia
Z:\Grateful Dead\# Dick's Picks #\35 - 1971-08-07 [Golden Hall, San Diego, CA]\206 Sing Me Back Home.flac|Sing Me Back Home
Z:\Grateful Dead\# Dick's Picks #\35 - 1971-08-07 [Golden Hall, San Diego, CA]\207 Me & My Uncle.flac|Me & My Uncle
Z:\Grateful Dead\# Dick's Picks #\35 - 1971-08-07 [Golden Hall, San Diego, CA]\208 Not Fade Away.flac|Not Fade Away
Z:\Grateful Dead\# Dick's Picks #\35 - 1971-08-07 [Golden Hall, San Diego, CA]\209 Goin' Down The Road Feeling Bad.flac|Goin' Down The Road Feeling Bad
Z:\Grateful Dead\# Dick's Picks #\35 - 1971-08-07 [Golden Hall, San Diego, CA]\210 Jam.flac|Jam
Z:\Grateful Dead\# Dick's Picks #\35 - 1971-08-07 [Golden Hall, San Diego, CA]\211 Johnny B. Goode.flac|Johnny B. Goode
Z:\Grateful Dead\# Dick's Picks #\35 - 1971-08-24 [Auditorium Theatre, Chicago, IL]\101 Uncle John's Band.flac|Uncle John's Band
Z:\Grateful Dead\# Dick's Picks #\35 - 1971-08-24 [Auditorium Theatre, Chicago, IL]\102 Playing In The Band.flac|Playing In The Band
Z:\Grateful Dead\# Dick's Picks #\35 - 1971-08-24 [Auditorium Theatre, Chicago, IL]\103 Loser.flac|Loser
Z:\Grateful Dead\# Dick's Picks #\35 - 1971-08-24 [Auditorium Theatre, Chicago, IL]\104 Hurts Me Too.flac|Hurts Me Too
Z:\Grateful Dead\# Dick's Picks #\35 - 1971-08-24 [Auditorium Theatre, Chicago, IL]\105 Cumberland Blues.flac|Cumberland Blues
Z:\Grateful Dead\# Dick's Picks #\35 - 1971-08-24 [Auditorium Theatre, Chicago, IL]\106 Empty Pages.flac|Empty Pages
Z:\Grateful Dead\# Dick's Picks #\35 - 1971-08-24 [Auditorium Theatre, Chicago, IL]\107 Beat It On Down The Line.flac|Beat It On Down The Line
Z:\Grateful Dead\# Dick's Picks #\35 - 1971-08-24 [Auditorium Theatre, Chicago, IL]\108 Brown Eyed Women.flac|Brown Eyed Women
Z:\Grateful Dead\# Dick's Picks #\35 - 1971-08-24 [Auditorium Theatre, Chicago, IL]\109 St. Stephen.flac|St. Stephen
Z:\Grateful Dead\# Dick's Picks #\35 - 1971-08-24 [Auditorium Theatre, Chicago, IL]\110 Not Fade Away.flac|Not Fade Away
Z:\Grateful Dead\# Dick's Picks #\35 - 1971-08-24 [Auditorium Theatre, Chicago, IL]\111 Goin' Down The Road Feeling Bad.flac|Goin' Down The Road Feeling Bad
Z:\Grateful Dead\# Dick's Picks #\35 - 1971-08-24 [Auditorium Theatre, Chicago, IL]\112 Not Fade Away.flac|Not Fade Away
Z:\Grateful Dead\# Dick's Picks #\35 - 1971-08-24 [Auditorium Theatre, Chicago, IL]\113 Me And Bobby McGee.flac|Me And Bobby McGee
Z:\Grateful Dead\# Dick's Picks #\35 - 1971-08-24 [Auditorium Theatre, Chicago, IL]\114 Big Boss Man.flac|Big Boss Man
Z:\Grateful Dead\# Dick's Picks #\35 - 1971-08-24 [Auditorium Theatre, Chicago, IL]\115 Brokedown Palace.flac|Brokedown Palace
Z:\Grateful Dead\# Dick's Picks #\35 - 1971-08-24 [Auditorium Theatre, Chicago, IL]\116 Good Lovin'.flac|Good Lovin'
Z:\Grateful Dead\# Dick's Picks #\35 - 1971-08-24 [Auditorium Theatre, Chicago, IL]\205 Dark Star.flac|Dark Star
Z:\Grateful Dead\# Dick's Picks #\35 - 1971-08-24 [Auditorium Theatre, Chicago, IL]\206 Morning Dew.flac|Morning Dew
Z:\Grateful Dead\# Dick's Picks #\35 - 1971-08-24 [Auditorium Theatre, Chicago, IL]\207 Beat It On Down The Line.flac|Beat It On Down The Line
Z:\Grateful Dead\# Dick's Picks #\35 - 1971-08-24 [Auditorium Theatre, Chicago, IL]\208 Mississippi Half-Step Uptown Toodeloo.flac|Mississippi Half-Step Uptown Toodeloo
Z:\Grateful Dead\# Dick's Picks #\35 - 1971-08-24 [Auditorium Theatre, Chicago, IL]\209 Sugar Magnolia.flac|Sugar Magnolia
Z:\Grateful Dead\# Dick's Picks #\35 - 1971-08-24 [Auditorium Theatre, Chicago, IL]\210 Friend Of The Devil.flac|Friend Of The Devil
Z:\Grateful Dead\# Dick's Picks #\36 - 1972-09-21 [The Spectrum, Philadelphia, PA]\101 Promised Land.flac|Promised Land
Z:\Grateful Dead\# Dick's Picks #\36 - 1972-09-21 [The Spectrum, Philadelphia, PA]\102 Bird Song.flac|Bird Song
Z:\Grateful Dead\# Dick's Picks #\36 - 1972-09-21 [The Spectrum, Philadelphia, PA]\103 El Paso.flac|El Paso
Z:\Grateful Dead\# Dick's Picks #\36 - 1972-09-21 [The Spectrum, Philadelphia, PA]\104 China Cat Sunflower.flac|China Cat Sunflower
Z:\Grateful Dead\# Dick's Picks #\36 - 1972-09-21 [The Spectrum, Philadelphia, PA]\105 I Know You Rider.flac|I Know You Rider
Z:\Grateful Dead\# Dick's Picks #\36 - 1972-09-21 [The Spectrum, Philadelphia, PA]\106 Black Throated Wind.flac|Black Throated Wind
Z:\Grateful Dead\# Dick's Picks #\36 - 1972-09-21 [The Spectrum, Philadelphia, PA]\107 Big Railroad Blues.flac|Big Railroad Blues
Z:\Grateful Dead\# Dick's Picks #\36 - 1972-09-21 [The Spectrum, Philadelphia, PA]\108 Jack Straw.flac|Jack Straw
Z:\Grateful Dead\# Dick's Picks #\36 - 1972-09-21 [The Spectrum, Philadelphia, PA]\109 Loser.flac|Loser
Z:\Grateful Dead\# Dick's Picks #\36 - 1972-09-21 [The Spectrum, Philadelphia, PA]\110 Big River.flac|Big River
Z:\Grateful Dead\# Dick's Picks #\36 - 1972-09-21 [The Spectrum, Philadelphia, PA]\111 Ramble On Rose.flac|Ramble On Rose
Z:\Grateful Dead\# Dick's Picks #\36 - 1972-09-21 [The Spectrum, Philadelphia, PA]\112 Cumberland Blues.flac|Cumberland Blues
Z:\Grateful Dead\# Dick's Picks #\36 - 1972-09-21 [The Spectrum, Philadelphia, PA]\113 Playing In The Band.flac|Playing In The Band
Z:\Grateful Dead\# Dick's Picks #\36 - 1972-09-21 [The Spectrum, Philadelphia, PA]\201 He's Gone.flac|He's Gone
Z:\Grateful Dead\# Dick's Picks #\36 - 1972-09-21 [The Spectrum, Philadelphia, PA]\202 Truckin'.flac|Truckin'
Z:\Grateful Dead\# Dick's Picks #\36 - 1972-09-21 [The Spectrum, Philadelphia, PA]\204 Black Peter.flac|Black Peter
Z:\Grateful Dead\# Dick's Picks #\36 - 1972-09-21 [The Spectrum, Philadelphia, PA]\204 Mexicali Blues.flac|Mexicali Blues
Z:\Grateful Dead\# Dick's Picks #\36 - 1972-09-21 [The Spectrum, Philadelphia, PA]\211 Not Fade Away.flac|Not Fade Away
Z:\Grateful Dead\# Dick's Picks #\36 - 1972-09-21 [The Spectrum, Philadelphia, PA]\212 Going Down The Road Feelin' Bad.flac|Going Down The Road Feelin' Bad
Z:\Grateful Dead\# Dick's Picks #\36 - 1972-09-21 [The Spectrum, Philadelphia, PA]\213 Not Fade Away.flac|Not Fade Away
Z:\Grateful Dead\# Dick's Picks #\36 - 1972-09-21 [The Spectrum, Philadelphia, PA]\214 One More Saturday Night.flac|One More Saturday Night
Z:\Grateful Dead\# Dick's Picks #\36 - 1972-09-21 [The Spectrum, Philadelphia, PA]\997 He's Gone (filler 9-3-72 Folsom Field, Boulder, CO).flac|He's Gone (filler 9-3-72 Folsom Field, Boulder, CO)
Z:\Grateful Dead\# Dick's Picks #\36 - 1972-09-21 [The Spectrum, Philadelphia, PA]\998 The Other One (filler 9-3-72 Folsom Field, Boulder, CO).flac|The Other One (filler 9-3-72 Folsom Field, Boulder, CO)
Z:\Grateful Dead\# Dick's Picks #\36 - 1972-09-21 [The Spectrum, Philadelphia, PA]\999 Wharf Rat (filler 9-3-72 Folsom Field, Boulder, CO).flac|Wharf Rat (filler 9-3-72 Folsom Field, Boulder, CO)
Z:\Grateful Dead\# Dave's Picks #\01 - 1977-05-25 [The Mosque, Richmond, VA]\101 Mississippi Half-Step Uptown Toodeloo.flac|Mississippi Half-Step Uptown Toodeloo
Z:\Grateful Dead\# Dave's Picks #\01 - 1977-05-25 [The Mosque, Richmond, VA]\102 Jack Straw.flac|Jack Straw
Z:\Grateful Dead\# Dave's Picks #\01 - 1977-05-25 [The Mosque, Richmond, VA]\103 They Love Each Other.flac|They Love Each Other
Z:\Grateful Dead\# Dave's Picks #\01 - 1977-05-25 [The Mosque, Richmond, VA]\104 Mexicali Blues.flac|Mexicali Blues
Z:\Grateful Dead\# Dave's Picks #\01 - 1977-05-25 [The Mosque, Richmond, VA]\105 Peggy-O.flac|Peggy-O
Z:\Grateful Dead\# Dave's Picks #\01 - 1977-05-25 [The Mosque, Richmond, VA]\106 Cassidy.flac|Cassidy
Z:\Grateful Dead\# Dave's Picks #\01 - 1977-05-25 [The Mosque, Richmond, VA]\107 Loser.flac|Loser
Z:\Grateful Dead\# Dave's Picks #\01 - 1977-05-25 [The Mosque, Richmond, VA]\108 Lazy Lightning ].flac|Lazy Lightning ]
Z:\Grateful Dead\# Dave's Picks #\01 - 1977-05-25 [The Mosque, Richmond, VA]\109 Supplication.flac|Supplication
Z:\Grateful Dead\# Dave's Picks #\01 - 1977-05-25 [The Mosque, Richmond, VA]\110 Brown-Eyed Women.flac|Brown-Eyed Women
Z:\Grateful Dead\# Dave's Picks #\01 - 1977-05-25 [The Mosque, Richmond, VA]\111 Promised Land.flac|Promised Land
Z:\Grateful Dead\# Dave's Picks #\01 - 1977-05-25 [The Mosque, Richmond, VA]\201 Scarlet Begonias ].flac|Scarlet Begonias ]
Z:\Grateful Dead\# Dave's Picks #\01 - 1977-05-25 [The Mosque, Richmond, VA]\202 Fire on the Mountain.flac|Fire on the Mountain
Z:\Grateful Dead\# Dave's Picks #\01 - 1977-05-25 [The Mosque, Richmond, VA]\203 Estimated Prophet ].flac|Estimated Prophet ]
Z:\Grateful Dead\# Dave's Picks #\01 - 1977-05-25 [The Mosque, Richmond, VA]\204 He's Gone ].flac|He's Gone ]
Z:\Grateful Dead\# Dave's Picks #\01 - 1977-05-25 [The Mosque, Richmond, VA]\205 Drums.flac|Drums
Z:\Grateful Dead\# Dave's Picks #\01 - 1977-05-25 [The Mosque, Richmond, VA]\206 The Other One ].flac|The Other One ]
Z:\Grateful Dead\# Dave's Picks #\01 - 1977-05-25 [The Mosque, Richmond, VA]\207 Wharf Rat ].flac|Wharf Rat ]
Z:\Grateful Dead\# Dave's Picks #\01 - 1977-05-25 [The Mosque, Richmond, VA]\208 The Other One ].flac|The Other One ]
Z:\Grateful Dead\# Dave's Picks #\01 - 1977-05-25 [The Mosque, Richmond, VA]\209 The Wheel ].flac|The Wheel ]
Z:\Grateful Dead\# Dave's Picks #\01 - 1977-05-25 [The Mosque, Richmond, VA]\210 Around and Around.flac|Around and Around
Z:\Grateful Dead\# Dave's Picks #\01 - 1977-05-25 [The Mosque, Richmond, VA]\211 Johnny B. Goode.flac|Johnny B. Goode
Z:\Grateful Dead\# Dave's Picks #\02 - 1974-07-31 [Dillon Stadium, Hartford, CT]\101 Scarlet Begonias.flac|Scarlet Begonias
Z:\Grateful Dead\# Dave's Picks #\02 - 1974-07-31 [Dillon Stadium, Hartford, CT]\102 Me and My Uncle.flac|Me and My Uncle
Z:\Grateful Dead\# Dave's Picks #\02 - 1974-07-31 [Dillon Stadium, Hartford, CT]\103 Brown-Eyed Women.flac|Brown-Eyed Women
Z:\Grateful Dead\# Dave's Picks #\02 - 1974-07-31 [Dillon Stadium, Hartford, CT]\104 Beat It On Down The Line.flac|Beat It On Down The Line
Z:\Grateful Dead\# Dave's Picks #\02 - 1974-07-31 [Dillon Stadium, Hartford, CT]\105 Mississippi Half-Step Uptown Toodeloo.flac|Mississippi Half-Step Uptown Toodeloo
Z:\Grateful Dead\# Dave's Picks #\02 - 1974-07-31 [Dillon Stadium, Hartford, CT]\106 It Must Have Been The Roses.flac|It Must Have Been The Roses
Z:\Grateful Dead\# Dave's Picks #\02 - 1974-07-31 [Dillon Stadium, Hartford, CT]\107 Mexicalli Blues.flac|Mexicalli Blues
Z:\Grateful Dead\# Dave's Picks #\02 - 1974-07-31 [Dillon Stadium, Hartford, CT]\108 Row Jimmy.flac|Row Jimmy
Z:\Grateful Dead\# Dave's Picks #\02 - 1974-07-31 [Dillon Stadium, Hartford, CT]\109 Jack Straw.flac|Jack Straw
Z:\Grateful Dead\# Dave's Picks #\02 - 1974-07-31 [Dillon Stadium, Hartford, CT]\110 China Cat Sunflower.flac|China Cat Sunflower
Z:\Grateful Dead\# Dave's Picks #\02 - 1974-07-31 [Dillon Stadium, Hartford, CT]\111 I Know You Rider.flac|I Know You Rider
Z:\Grateful Dead\# Dave's Picks #\02 - 1974-07-31 [Dillon Stadium, Hartford, CT]\112 Around and Around.flac|Around and Around
Z:\Grateful Dead\# Dave's Picks #\02 - 1974-07-31 [Dillon Stadium, Hartford, CT]\201 Bertha.flac|Bertha
Z:\Grateful Dead\# Dave's Picks #\02 - 1974-07-31 [Dillon Stadium, Hartford, CT]\202 Big River.flac|Big River
Z:\Grateful Dead\# Dave's Picks #\02 - 1974-07-31 [Dillon Stadium, Hartford, CT]\203 Eyes Of The World].flac|Eyes Of The World]
Z:\Grateful Dead\# Dave's Picks #\02 - 1974-07-31 [Dillon Stadium, Hartford, CT]\204 China Doll.flac|China Doll
Z:\Grateful Dead\# Dave's Picks #\02 - 1974-07-31 [Dillon Stadium, Hartford, CT]\205 Promised Land.flac|Promised Land
Z:\Grateful Dead\# Dave's Picks #\02 - 1974-07-31 [Dillon Stadium, Hartford, CT]\206 Ship Of Fools.flac|Ship Of Fools
Z:\Grateful Dead\# Dave's Picks #\02 - 1974-07-31 [Dillon Stadium, Hartford, CT]\207 Weather Report Suite.flac|Weather Report Suite
Z:\Grateful Dead\# Dave's Picks #\02 - 1974-07-31 [Dillon Stadium, Hartford, CT]\208 El Paso.flac|El Paso
Z:\Grateful Dead\# Dave's Picks #\02 - 1974-07-31 [Dillon Stadium, Hartford, CT]\209 Ramble On Rose.flac|Ramble On Rose
Z:\Grateful Dead\# Dave's Picks #\02 - 1974-07-31 [Dillon Stadium, Hartford, CT]\210 Greatest Story Ever Told.flac|Greatest Story Ever Told
Z:\Grateful Dead\# Dave's Picks #\02 - 1974-07-31 [Dillon Stadium, Hartford, CT]\301 To Lay Me Down.flac|To Lay Me Down
Z:\Grateful Dead\# Dave's Picks #\02 - 1974-07-31 [Dillon Stadium, Hartford, CT]\302 Truckin'].flac|Truckin']
Z:\Grateful Dead\# Dave's Picks #\02 - 1974-07-31 [Dillon Stadium, Hartford, CT]\303 Mind Left Body Jam].flac|Mind Left Body Jam]
Z:\Grateful Dead\# Dave's Picks #\02 - 1974-07-31 [Dillon Stadium, Hartford, CT]\304 Spanish Jam].flac|Spanish Jam]
Z:\Grateful Dead\# Dave's Picks #\02 - 1974-07-31 [Dillon Stadium, Hartford, CT]\305 Wharf Rat.flac|Wharf Rat
Z:\Grateful Dead\# Dave's Picks #\02 - 1974-07-31 [Dillon Stadium, Hartford, CT]\306 U.S. Blues.flac|U.S. Blues
Z:\Grateful Dead\# Dave's Picks #\02 - 1974-07-31 [Dillon Stadium, Hartford, CT]\307 One More Saturday Night.flac|One More Saturday Night
Z:\Grateful Dead\# Dave's Picks #\02 - 1974-07-31 [Dillon Stadium, Hartford, CT]\308 Uncle John's Band.flac|Uncle John's Band
Z:\Grateful Dead\# Dave's Picks #\03 - 1971-10-21 [Auditorium Theatre, Chicago, IL] % filler\01 Truckin'.flac|Truckin'
Z:\Grateful Dead\# Dave's Picks #\03 - 1971-10-21 [Auditorium Theatre, Chicago, IL] % filler\02 Big Railroad Blues.flac|Big Railroad Blues
Z:\Grateful Dead\# Dave's Picks #\03 - 1971-10-21 [Auditorium Theatre, Chicago, IL] % filler\03 The Frozen Logger.flac|The Frozen Logger
Z:\Grateful Dead\# Dave's Picks #\03 - 1971-10-21 [Auditorium Theatre, Chicago, IL] % filler\04 Dark Star.flac|Dark Star
Z:\Grateful Dead\# Dave's Picks #\03 - 1971-10-21 [Auditorium Theatre, Chicago, IL] % filler\05 Sitting On Top of the World.flac|Sitting On Top of the World
Z:\Grateful Dead\# Dave's Picks #\03 - 1971-10-21 [Auditorium Theatre, Chicago, IL] % filler\06 Dark Star.flac|Dark Star
Z:\Grateful Dead\# Dave's Picks #\03 - 1971-10-21 [Auditorium Theatre, Chicago, IL] % filler\07 Me and Bobby McGee.flac|Me and Bobby McGee
Z:\Grateful Dead\# Dave's Picks #\03 - 1971-10-21 [Auditorium Theatre, Chicago, IL] % filler\08 Brown-Eyed Women.flac|Brown-Eyed Women
Z:\Grateful Dead\# Dave's Picks #\03 - 1971-10-21 [Auditorium Theatre, Chicago, IL] % filler\09 St. Stephen.flac|St. Stephen
Z:\Grateful Dead\# Dave's Picks #\03 - 1971-10-21 [Auditorium Theatre, Chicago, IL] % filler\10 Johnny B. Goode.flac|Johnny B. Goode
Z:\Grateful Dead\# Dave's Picks #\03 - 1971-10-22 [Auditorium Theatre, Chicago, IL]\101 Bertha.flac|Bertha
Z:\Grateful Dead\# Dave's Picks #\03 - 1971-10-22 [Auditorium Theatre, Chicago, IL]\102 Me and My Uncle.flac|Me and My Uncle
Z:\Grateful Dead\# Dave's Picks #\03 - 1971-10-22 [Auditorium Theatre, Chicago, IL]\103 Tennessee Jed.flac|Tennessee Jed
Z:\Grateful Dead\# Dave's Picks #\03 - 1971-10-22 [Auditorium Theatre, Chicago, IL]\104 Jack Straw.flac|Jack Straw
Z:\Grateful Dead\# Dave's Picks #\03 - 1971-10-22 [Auditorium Theatre, Chicago, IL]\105 Loser.flac|Loser
Z:\Grateful Dead\# Dave's Picks #\03 - 1971-10-22 [Auditorium Theatre, Chicago, IL]\106 Playing in the Band.flac|Playing in the Band
Z:\Grateful Dead\# Dave's Picks #\03 - 1971-10-22 [Auditorium Theatre, Chicago, IL]\107 Sugaree.flac|Sugaree
Z:\Grateful Dead\# Dave's Picks #\03 - 1971-10-22 [Auditorium Theatre, Chicago, IL]\108 Beat It On Down the Line.flac|Beat It On Down the Line
Z:\Grateful Dead\# Dave's Picks #\03 - 1971-10-22 [Auditorium Theatre, Chicago, IL]\109 Black Peter.flac|Black Peter
Z:\Grateful Dead\# Dave's Picks #\03 - 1971-10-22 [Auditorium Theatre, Chicago, IL]\110 Mexicali Blues.flac|Mexicali Blues
Z:\Grateful Dead\# Dave's Picks #\03 - 1971-10-22 [Auditorium Theatre, Chicago, IL]\111 Cold Rain & Snow.flac|Cold Rain & Snow
Z:\Grateful Dead\# Dave's Picks #\03 - 1971-10-22 [Auditorium Theatre, Chicago, IL]\112 Me and Bobby McGee.flac|Me and Bobby McGee
Z:\Grateful Dead\# Dave's Picks #\03 - 1971-10-22 [Auditorium Theatre, Chicago, IL]\113 Comes a Time.flac|Comes a Time
Z:\Grateful Dead\# Dave's Picks #\03 - 1971-10-22 [Auditorium Theatre, Chicago, IL]\114 One More Saturday Night.flac|One More Saturday Night
Z:\Grateful Dead\# Dave's Picks #\03 - 1971-10-22 [Auditorium Theatre, Chicago, IL]\201 Ramble On Rose.flac|Ramble On Rose
Z:\Grateful Dead\# Dave's Picks #\03 - 1971-10-22 [Auditorium Theatre, Chicago, IL]\202 Cumberland Blues.flac|Cumberland Blues
Z:\Grateful Dead\# Dave's Picks #\03 - 1971-10-22 [Auditorium Theatre, Chicago, IL]\203 That's It for the Other One.flac|That's It for the Other One
Z:\Grateful Dead\# Dave's Picks #\03 - 1971-10-22 [Auditorium Theatre, Chicago, IL]\204 Deal.flac|Deal
Z:\Grateful Dead\# Dave's Picks #\03 - 1971-10-22 [Auditorium Theatre, Chicago, IL]\205 Sugar Magnolia.flac|Sugar Magnolia
Z:\Grateful Dead\# Dave's Picks #\03 - 1971-10-22 [Auditorium Theatre, Chicago, IL]\206 Casey Jones.flac|Casey Jones
Z:\Grateful Dead\# Dave's Picks #\03 - 1971-10-22 [Auditorium Theatre, Chicago, IL]\207 Johnny B. Goode.flac|Johnny B. Goode
Z:\Grateful Dead\# Dave's Picks #\04 - 1976-09-24 [College Of William & Mary, Williamsburg, VA]\101 promised land.flac|Promised Land
Z:\Grateful Dead\# Dave's Picks #\04 - 1976-09-24 [College Of William & Mary, Williamsburg, VA]\102 deal.flac|Deal
Z:\Grateful Dead\# Dave's Picks #\04 - 1976-09-24 [College Of William & Mary, Williamsburg, VA]\103 cassidy.flac|Cassidy
Z:\Grateful Dead\# Dave's Picks #\04 - 1976-09-24 [College Of William & Mary, Williamsburg, VA]\104 sugaree.flac|Sugaree
Z:\Grateful Dead\# Dave's Picks #\04 - 1976-09-24 [College Of William & Mary, Williamsburg, VA]\105 looks like rain.flac|Looks Like Rain
Z:\Grateful Dead\# Dave's Picks #\04 - 1976-09-24 [College Of William & Mary, Williamsburg, VA]\106 row jimmy row.flac|Row Jimmy Row
Z:\Grateful Dead\# Dave's Picks #\04 - 1976-09-24 [College Of William & Mary, Williamsburg, VA]\107 big river.flac|Big River
Z:\Grateful Dead\# Dave's Picks #\04 - 1976-09-24 [College Of William & Mary, Williamsburg, VA]\108 tennessee jed.flac|Tennessee Jed
Z:\Grateful Dead\# Dave's Picks #\04 - 1976-09-24 [College Of William & Mary, Williamsburg, VA]\109 playing in the band.flac|Playing In The Band
Z:\Grateful Dead\# Dave's Picks #\04 - 1976-09-24 [College Of William & Mary, Williamsburg, VA]\110 supplication.flac|Supplication
Z:\Grateful Dead\# Dave's Picks #\04 - 1976-09-24 [College Of William & Mary, Williamsburg, VA]\111 playing in the band.flac|Playing In The Band
Z:\Grateful Dead\# Dave's Picks #\04 - 1976-09-24 [College Of William & Mary, Williamsburg, VA]\201 might as well.flac|Might As Well
Z:\Grateful Dead\# Dave's Picks #\04 - 1976-09-24 [College Of William & Mary, Williamsburg, VA]\202 samson & delilah.flac|Samson & Delilah
Z:\Grateful Dead\# Dave's Picks #\04 - 1976-09-24 [College Of William & Mary, Williamsburg, VA]\203 loser.flac|Loser
Z:\Grateful Dead\# Dave's Picks #\04 - 1976-09-24 [College Of William & Mary, Williamsburg, VA]\204 new minglewood blues.flac|New Minglewood Blues
Z:\Grateful Dead\# Dave's Picks #\04 - 1976-09-24 [College Of William & Mary, Williamsburg, VA]\205 help on the way.flac|Help On The Way
Z:\Grateful Dead\# Dave's Picks #\04 - 1976-09-24 [College Of William & Mary, Williamsburg, VA]\206 slipknot!.flac|Slipknot!
Z:\Grateful Dead\# Dave's Picks #\04 - 1976-09-24 [College Of William & Mary, Williamsburg, VA]\207 drums.flac|Drums
Z:\Grateful Dead\# Dave's Picks #\04 - 1976-09-24 [College Of William & Mary, Williamsburg, VA]\208 slipknot!.flac|Slipknot!
Z:\Grateful Dead\# Dave's Picks #\04 - 1976-09-24 [College Of William & Mary, Williamsburg, VA]\209 franklin's tower.flac|Franklin's Tower
Z:\Grateful Dead\# Dave's Picks #\04 - 1976-09-24 [College Of William & Mary, Williamsburg, VA]\210 the music never stopped.flac|The Music Never Stopped
Z:\Grateful Dead\# Dave's Picks #\04 - 1976-09-24 [College Of William & Mary, Williamsburg, VA]\211 stella blue.flac|Stella Blue
Z:\Grateful Dead\# Dave's Picks #\04 - 1976-09-24 [College Of William & Mary, Williamsburg, VA]\212 around & around.flac|Around & Around
Z:\Grateful Dead\# Dave's Picks #\04 - 1976-09-24 [College Of William & Mary, Williamsburg, VA]\213 US Blues.flac|US Blues
Z:\Grateful Dead\# Dave's Picks #\05 - 1973-11-17 [Pauley Pavilion, UCLA, LA]\101 Me And My Uncle.flac|Me And My Uncle
Z:\Grateful Dead\# Dave's Picks #\05 - 1973-11-17 [Pauley Pavilion, UCLA, LA]\102 Here Comes Sunshine.flac|Here Comes Sunshine
Z:\Grateful Dead\# Dave's Picks #\05 - 1973-11-17 [Pauley Pavilion, UCLA, LA]\103 Looks Like Rain.flac|Looks Like Rain
Z:\Grateful Dead\# Dave's Picks #\05 - 1973-11-17 [Pauley Pavilion, UCLA, LA]\104 Deal.flac|Deal
Z:\Grateful Dead\# Dave's Picks #\05 - 1973-11-17 [Pauley Pavilion, UCLA, LA]\105 Mexicali Blues.flac|Mexicali Blues
Z:\Grateful Dead\# Dave's Picks #\05 - 1973-11-17 [Pauley Pavilion, UCLA, LA]\106 Tennessee Jed.flac|Tennessee Jed
Z:\Grateful Dead\# Dave's Picks #\05 - 1973-11-17 [Pauley Pavilion, UCLA, LA]\107 The Race Is On.flac|The Race Is On
Z:\Grateful Dead\# Dave's Picks #\05 - 1973-11-17 [Pauley Pavilion, UCLA, LA]\108 China Cat Sunflower ].flac|China Cat Sunflower ]
Z:\Grateful Dead\# Dave's Picks #\05 - 1973-11-17 [Pauley Pavilion, UCLA, LA]\109 I Know You Rider.flac|I Know You Rider
Z:\Grateful Dead\# Dave's Picks #\05 - 1973-11-17 [Pauley Pavilion, UCLA, LA]\110 Big River.flac|Big River
Z:\Grateful Dead\# Dave's Picks #\05 - 1973-11-17 [Pauley Pavilion, UCLA, LA]\111 Brown-Eyed Women.flac|Brown-Eyed Women
Z:\Grateful Dead\# Dave's Picks #\05 - 1973-11-17 [Pauley Pavilion, UCLA, LA]\112 Around And Around.flac|Around And Around
Z:\Grateful Dead\# Dave's Picks #\05 - 1973-11-17 [Pauley Pavilion, UCLA, LA]\201 Row Jimmy.flac|Row Jimmy
Z:\Grateful Dead\# Dave's Picks #\05 - 1973-11-17 [Pauley Pavilion, UCLA, LA]\202 Jack Straw.flac|Jack Straw
Z:\Grateful Dead\# Dave's Picks #\05 - 1973-11-17 [Pauley Pavilion, UCLA, LA]\203 Ramble On Rose.flac|Ramble On Rose
Z:\Grateful Dead\# Dave's Picks #\05 - 1973-11-17 [Pauley Pavilion, UCLA, LA]\204 Playing In The Band ].flac|Playing In The Band ]
Z:\Grateful Dead\# Dave's Picks #\05 - 1973-11-17 [Pauley Pavilion, UCLA, LA]\205 Uncle John's Band ].flac|Uncle John's Band ]
Z:\Grateful Dead\# Dave's Picks #\05 - 1973-11-17 [Pauley Pavilion, UCLA, LA]\206 Morning Dew ].flac|Morning Dew ]
Z:\Grateful Dead\# Dave's Picks #\05 - 1973-11-17 [Pauley Pavilion, UCLA, LA]\207 Uncle John's Band ].flac|Uncle John's Band ]
Z:\Grateful Dead\# Dave's Picks #\05 - 1973-11-17 [Pauley Pavilion, UCLA, LA]\208 Playing In The Band.flac|Playing In The Band
Z:\Grateful Dead\# Dave's Picks #\05 - 1973-11-17 [Pauley Pavilion, UCLA, LA]\209 Stella Blue.flac|Stella Blue
Z:\Grateful Dead\# Dave's Picks #\05 - 1973-11-17 [Pauley Pavilion, UCLA, LA]\210 El Paso.flac|El Paso
Z:\Grateful Dead\# Dave's Picks #\05 - 1973-11-17 [Pauley Pavilion, UCLA, LA]\211 Eyes Of The World ].flac|Eyes Of The World ]
Z:\Grateful Dead\# Dave's Picks #\05 - 1973-11-17 [Pauley Pavilion, UCLA, LA]\212 Sugar Magnolia.flac|Sugar Magnolia
Z:\Grateful Dead\# Dave's Picks #\05 - 1973-11-17 [Pauley Pavilion, UCLA, LA]\213 Casey Jones.flac|Casey Jones
Z:\Grateful Dead\# Dave's Picks #\06 - 1969-12-20 [Fillmore Auditorium, San Francisco, CA]\01 Mason's Children.flac|Mason's Children
Z:\Grateful Dead\# Dave's Picks #\06 - 1969-12-20 [Fillmore Auditorium, San Francisco, CA]\02 China Cat Sunflower.flac|China Cat Sunflower
Z:\Grateful Dead\# Dave's Picks #\06 - 1969-12-20 [Fillmore Auditorium, San Francisco, CA]\03 I Know You Rider.flac|I Know You Rider
Z:\Grateful Dead\# Dave's Picks #\06 - 1969-12-20 [Fillmore Auditorium, San Francisco, CA]\04 High Time.flac|High Time
Z:\Grateful Dead\# Dave's Picks #\06 - 1969-12-20 [Fillmore Auditorium, San Francisco, CA]\05 Me & My Uncle.flac|Me & My Uncle
Z:\Grateful Dead\# Dave's Picks #\06 - 1969-12-20 [Fillmore Auditorium, San Francisco, CA]\06 Hard To Handle.flac|Hard To Handle
Z:\Grateful Dead\# Dave's Picks #\06 - 1969-12-20 [Fillmore Auditorium, San Francisco, CA]\07 Cumberland Blues.flac|Cumberland Blues
Z:\Grateful Dead\# Dave's Picks #\06 - 1969-12-20 [Fillmore Auditorium, San Francisco, CA]\08 Dark Star.flac|Dark Star
Z:\Grateful Dead\# Dave's Picks #\06 - 1969-12-20 [Fillmore Auditorium, San Francisco, CA]\09 St. Stephen.flac|St. Stephen
Z:\Grateful Dead\# Dave's Picks #\06 - 1969-12-20 [Fillmore Auditorium, San Francisco, CA]\10 The Eleven.flac|The Eleven
Z:\Grateful Dead\# Dave's Picks #\06 - 1969-12-20 [Fillmore Auditorium, San Francisco, CA]\11 New Speedway Boogie.flac|New Speedway Boogie
Z:\Grateful Dead\# Dave's Picks #\06 - 1969-12-20 [Fillmore Auditorium, San Francisco, CA]\12 Turn On Your Lovelight.flac|Turn On Your Lovelight
Z:\Grateful Dead\# Dave's Picks #\06 - 1970-02-02 [Fox Theater, St. Louis, MO]\01 Casey Jones.flac|Casey Jones
Z:\Grateful Dead\# Dave's Picks #\06 - 1970-02-02 [Fox Theater, St. Louis, MO]\02 Mama Tried.flac|Mama Tried
Z:\Grateful Dead\# Dave's Picks #\06 - 1970-02-02 [Fox Theater, St. Louis, MO]\03 Hard To Handle.flac|Hard To Handle
Z:\Grateful Dead\# Dave's Picks #\06 - 1970-02-02 [Fox Theater, St. Louis, MO]\04 Cold Rain & Snow.flac|Cold Rain & Snow
Z:\Grateful Dead\# Dave's Picks #\06 - 1970-02-02 [Fox Theater, St. Louis, MO]\05 Black Peter.flac|Black Peter
Z:\Grateful Dead\# Dave's Picks #\06 - 1970-02-02 [Fox Theater, St. Louis, MO]\06 Cumberland Blues.flac|Cumberland Blues
Z:\Grateful Dead\# Dave's Picks #\06 - 1970-02-02 [Fox Theater, St. Louis, MO]\07 Dark Star.flac|Dark Star
Z:\Grateful Dead\# Dave's Picks #\06 - 1970-02-02 [Fox Theater, St. Louis, MO]\08 St. Stephen.flac|St. Stephen
Z:\Grateful Dead\# Dave's Picks #\06 - 1970-02-02 [Fox Theater, St. Louis, MO]\09 Mason's Children.flac|Mason's Children
Z:\Grateful Dead\# Dave's Picks #\06 - 1970-02-02 [Fox Theater, St. Louis, MO]\10 Good Lovin'.flac|Good Lovin'
Z:\Grateful Dead\# Dave's Picks #\06 - 1970-02-02 [Fox Theater, St. Louis, MO]\11 Uncle John's Band.flac|Uncle John's Band
Z:\Grateful Dead\# Dave's Picks #\06 - 1970-02-02 [Fox Theater, St. Louis, MO]\12 Turn On Your Lovelight.flac|Turn On Your Lovelight
Z:\Grateful Dead\# Dave's Picks #\06 - 1970-02-02 [Fox Theater, St. Louis, MO]\13 Not Fade Away.flac|Not Fade Away
Z:\Grateful Dead\# Dave's Picks #\06 - 1970-02-02 [Fox Theater, St. Louis, MO]\14 Turn On Your Lovelight.flac|Turn On Your Lovelight
Z:\Grateful Dead\# Dave's Picks #\06 - 1970-02-02 [Fox Theater, St. Louis, MO]\15 And We Bid You Goodnight.flac|And We Bid You Goodnight
Z:\Grateful Dead\# Dave's Picks #\07 - 1978-04-24 [Horton Field House - Illinois State University, Normal, IL]\101 Promised Land.flac|Promised Land
Z:\Grateful Dead\# Dave's Picks #\07 - 1978-04-24 [Horton Field House - Illinois State University, Normal, IL]\102 Ramble on Rose.flac|Ramble on Rose
Z:\Grateful Dead\# Dave's Picks #\07 - 1978-04-24 [Horton Field House - Illinois State University, Normal, IL]\103 Me and My Uncle ».flac|Me and My Uncle »
Z:\Grateful Dead\# Dave's Picks #\07 - 1978-04-24 [Horton Field House - Illinois State University, Normal, IL]\104 Big River.flac|Big River
Z:\Grateful Dead\# Dave's Picks #\07 - 1978-04-24 [Horton Field House - Illinois State University, Normal, IL]\105 Friend of the Devil.flac|Friend of the Devil
Z:\Grateful Dead\# Dave's Picks #\07 - 1978-04-24 [Horton Field House - Illinois State University, Normal, IL]\106 Cassidy.flac|Cassidy
Z:\Grateful Dead\# Dave's Picks #\07 - 1978-04-24 [Horton Field House - Illinois State University, Normal, IL]\107 Brown-Eyed Women.flac|Brown-Eyed Women
Z:\Grateful Dead\# Dave's Picks #\07 - 1978-04-24 [Horton Field House - Illinois State University, Normal, IL]\108 Passenger.flac|Passenger
Z:\Grateful Dead\# Dave's Picks #\07 - 1978-04-24 [Horton Field House - Illinois State University, Normal, IL]\109 It Must Have Been the Roses.flac|It Must Have Been the Roses
Z:\Grateful Dead\# Dave's Picks #\07 - 1978-04-24 [Horton Field House - Illinois State University, Normal, IL]\110 The Music Never Stopped.flac|The Music Never Stopped
Z:\Grateful Dead\# Dave's Picks #\07 - 1978-04-24 [Horton Field House - Illinois State University, Normal, IL]\201 Scarlet Begonias.flac|Scarlet Begonias
Z:\Grateful Dead\# Dave's Picks #\07 - 1978-04-24 [Horton Field House - Illinois State University, Normal, IL]\202 Fire On The Mountain.flac|Fire On The Mountain
Z:\Grateful Dead\# Dave's Picks #\07 - 1978-04-24 [Horton Field House - Illinois State University, Normal, IL]\203 Good Lovin'.flac|Good Lovin'
Z:\Grateful Dead\# Dave's Picks #\07 - 1978-04-24 [Horton Field House - Illinois State University, Normal, IL]\204 Terrapin Station.flac|Terrapin Station
Z:\Grateful Dead\# Dave's Picks #\07 - 1978-04-24 [Horton Field House - Illinois State University, Normal, IL]\205 Rhythm Devils.flac|Rhythm Devils
Z:\Grateful Dead\# Dave's Picks #\07 - 1978-04-24 [Horton Field House - Illinois State University, Normal, IL]\206 Space.flac|Space
Z:\Grateful Dead\# Dave's Picks #\07 - 1978-04-24 [Horton Field House - Illinois State University, Normal, IL]\207 Not Fade Away.flac|Not Fade Away
Z:\Grateful Dead\# Dave's Picks #\07 - 1978-04-24 [Horton Field House - Illinois State University, Normal, IL]\208 Black Peter.flac|Black Peter
Z:\Grateful Dead\# Dave's Picks #\07 - 1978-04-24 [Horton Field House - Illinois State University, Normal, IL]\209 Around And Around.flac|Around And Around
Z:\Grateful Dead\# Dave's Picks #\07 - 1978-04-24 [Horton Field House - Illinois State University, Normal, IL]\210 Werewolves Of London.flac|Werewolves Of London
Z:\Grateful Dead\# Dave's Picks #\08 - 1980-11-30 [Fox Theatre, Atlanta, GA]\101 Feel Like A Stranger.flac|Feel Like A Stranger
Z:\Grateful Dead\# Dave's Picks #\08 - 1980-11-30 [Fox Theatre, Atlanta, GA]\102 Loser.flac|Loser
Z:\Grateful Dead\# Dave's Picks #\08 - 1980-11-30 [Fox Theatre, Atlanta, GA]\103 Cassidy.flac|Cassidy
Z:\Grateful Dead\# Dave's Picks #\08 - 1980-11-30 [Fox Theatre, Atlanta, GA]\104 Ramble On Rose.flac|Ramble On Rose
Z:\Grateful Dead\# Dave's Picks #\08 - 1980-11-30 [Fox Theatre, Atlanta, GA]\105 Little Red Rooster.flac|Little Red Rooster
Z:\Grateful Dead\# Dave's Picks #\08 - 1980-11-30 [Fox Theatre, Atlanta, GA]\106 Bird Song.flac|Bird Song
Z:\Grateful Dead\# Dave's Picks #\08 - 1980-11-30 [Fox Theatre, Atlanta, GA]\107 Me And My Uncle.flac|Me And My Uncle
Z:\Grateful Dead\# Dave's Picks #\08 - 1980-11-30 [Fox Theatre, Atlanta, GA]\108 Big River.flac|Big River
Z:\Grateful Dead\# Dave's Picks #\08 - 1980-11-30 [Fox Theatre, Atlanta, GA]\109 It Must Have Been The Roses.flac|It Must Have Been The Roses
Z:\Grateful Dead\# Dave's Picks #\08 - 1980-11-30 [Fox Theatre, Atlanta, GA]\110 Lost Sailor.flac|Lost Sailor
Z:\Grateful Dead\# Dave's Picks #\08 - 1980-11-30 [Fox Theatre, Atlanta, GA]\111 Saint Of Circumstance.flac|Saint Of Circumstance
Z:\Grateful Dead\# Dave's Picks #\08 - 1980-11-30 [Fox Theatre, Atlanta, GA]\112 Deal.flac|Deal
Z:\Grateful Dead\# Dave's Picks #\08 - 1980-11-30 [Fox Theatre, Atlanta, GA]\201 Scarlet Begonias.flac|Scarlet Begonias
Z:\Grateful Dead\# Dave's Picks #\08 - 1980-11-30 [Fox Theatre, Atlanta, GA]\202 Fire On The Mountain.flac|Fire On The Mountain
Z:\Grateful Dead\# Dave's Picks #\08 - 1980-11-30 [Fox Theatre, Atlanta, GA]\203 Samson And Delilah.flac|Samson And Delilah
Z:\Grateful Dead\# Dave's Picks #\08 - 1980-11-30 [Fox Theatre, Atlanta, GA]\204 Ship Of Fools.flac|Ship Of Fools
Z:\Grateful Dead\# Dave's Picks #\08 - 1980-11-30 [Fox Theatre, Atlanta, GA]\205 Playing In The Band.flac|Playing In The Band
Z:\Grateful Dead\# Dave's Picks #\08 - 1980-11-30 [Fox Theatre, Atlanta, GA]\206 Drums.flac|Drums
Z:\Grateful Dead\# Dave's Picks #\08 - 1980-11-30 [Fox Theatre, Atlanta, GA]\207 Space.flac|Space
Z:\Grateful Dead\# Dave's Picks #\08 - 1980-11-30 [Fox Theatre, Atlanta, GA]\208 The Wheel.flac|The Wheel
Z:\Grateful Dead\# Dave's Picks #\08 - 1980-11-30 [Fox Theatre, Atlanta, GA]\209 China Doll.flac|China Doll
Z:\Grateful Dead\# Dave's Picks #\08 - 1980-11-30 [Fox Theatre, Atlanta, GA]\210 Around And Around.flac|Around And Around
Z:\Grateful Dead\# Dave's Picks #\08 - 1980-11-30 [Fox Theatre, Atlanta, GA]\211 Johnny B. Goode.flac|Johnny B. Goode
Z:\Grateful Dead\# Dave's Picks #\08 - 1980-11-30 [Fox Theatre, Atlanta, GA]\212 Uncle John's Band.flac|Uncle John's Band
Z:\Grateful Dead\# Dave's Picks #\10 - 1969-12-12 [Thelma Theater, Los Angeles, CA]\101 Cold Rain and Snow.flac|Cold Rain and Snow
Z:\Grateful Dead\# Dave's Picks #\10 - 1969-12-12 [Thelma Theater, Los Angeles, CA]\102 Me and My Uncle.flac|Me and My Uncle
Z:\Grateful Dead\# Dave's Picks #\10 - 1969-12-12 [Thelma Theater, Los Angeles, CA]\103 Easy Wind.flac|Easy Wind
Z:\Grateful Dead\# Dave's Picks #\10 - 1969-12-12 [Thelma Theater, Los Angeles, CA]\104 Cumberland Blues.flac|Cumberland Blues
Z:\Grateful Dead\# Dave's Picks #\10 - 1969-12-12 [Thelma Theater, Los Angeles, CA]\105 Black Peter.flac|Black Peter
Z:\Grateful Dead\# Dave's Picks #\10 - 1969-12-12 [Thelma Theater, Los Angeles, CA]\106 Next Time You See Me.flac|Next Time You See Me
Z:\Grateful Dead\# Dave's Picks #\10 - 1969-12-12 [Thelma Theater, Los Angeles, CA]\107 China Cat Sunflower.flac|China Cat Sunflower
Z:\Grateful Dead\# Dave's Picks #\10 - 1969-12-12 [Thelma Theater, Los Angeles, CA]\108 I Know You Rider.flac|I Know You Rider
Z:\Grateful Dead\# Dave's Picks #\10 - 1969-12-12 [Thelma Theater, Los Angeles, CA]\109 Turn on Your Lovelight.flac|Turn on Your Lovelight
Z:\Grateful Dead\# Dave's Picks #\10 - 1969-12-12 [Thelma Theater, Los Angeles, CA]\201 Hard to Handle.flac|Hard to Handle
Z:\Grateful Dead\# Dave's Picks #\10 - 1969-12-12 [Thelma Theater, Los Angeles, CA]\202 Casey Jones.flac|Casey Jones
Z:\Grateful Dead\# Dave's Picks #\10 - 1969-12-12 [Thelma Theater, Los Angeles, CA]\203 Mama Tried.flac|Mama Tried
Z:\Grateful Dead\# Dave's Picks #\10 - 1969-12-12 [Thelma Theater, Los Angeles, CA]\204 High Time.flac|High Time
Z:\Grateful Dead\# Dave's Picks #\10 - 1969-12-12 [Thelma Theater, Los Angeles, CA]\205 Dire Wolf.flac|Dire Wolf
Z:\Grateful Dead\# Dave's Picks #\10 - 1969-12-12 [Thelma Theater, Los Angeles, CA]\206 Good Lovin'.flac|Good Lovin'
Z:\Grateful Dead\# Dave's Picks #\10 - 1969-12-12 [Thelma Theater, Los Angeles, CA]\207 I'm a King Bee.flac|I'm a King Bee
Z:\Grateful Dead\# Dave's Picks #\10 - 1969-12-12 [Thelma Theater, Los Angeles, CA]\208 Uncle John's Band.flac|Uncle John's Band
Z:\Grateful Dead\# Dave's Picks #\10 - 1969-12-12 [Thelma Theater, Los Angeles, CA]\209 He Was a Friend of Mine.flac|He Was a Friend of Mine
Z:\Grateful Dead\# Dave's Picks #\10 - 1969-12-12 [Thelma Theater, Los Angeles, CA]\210 Alligator.flac|Alligator
Z:\Grateful Dead\# Dave's Picks #\10 - 1969-12-12 [Thelma Theater, Los Angeles, CA]\211 Drums.flac|Drums
Z:\Grateful Dead\# Dave's Picks #\10 - 1969-12-12 [Thelma Theater, Los Angeles, CA]\212 Alligator.flac|Alligator
Z:\Grateful Dead\# Dave's Picks #\10 - 1969-12-12 [Thelma Theater, Los Angeles, CA]\213 Caution (Do Not Stop on Tracks).flac|Caution (Do Not Stop on Tracks)
Z:\Grateful Dead\# Dave's Picks #\10 - 1969-12-12 [Thelma Theater, Los Angeles, CA]\214 Feedback.flac|Feedback
Z:\Grateful Dead\# Dave's Picks #\10 - 1969-12-12 [Thelma Theater, Los Angeles, CA]\215 And We Bid You Goodnight.flac|And We Bid You Goodnight
Z:\Grateful Dead\# Dave's Picks #\11 - 1972-11-15 [Oklahoma Music Hall, Oklahoma City, OK] % filler\1 Playing In The Band.flac|Playing In The Band
Z:\Grateful Dead\# Dave's Picks #\11 - 1972-11-15 [Oklahoma Music Hall, Oklahoma City, OK] % filler\2 Wharf Rat.flac|Wharf Rat
Z:\Grateful Dead\# Dave's Picks #\11 - 1972-11-15 [Oklahoma Music Hall, Oklahoma City, OK] % filler\3 Not Fade Away.flac|Not Fade Away
Z:\Grateful Dead\# Dave's Picks #\11 - 1972-11-15 [Oklahoma Music Hall, Oklahoma City, OK] % filler\4 Goin' Down The Road Feeling Bad.flac|Goin' Down The Road Feeling Bad
Z:\Grateful Dead\# Dave's Picks #\11 - 1972-11-15 [Oklahoma Music Hall, Oklahoma City, OK] % filler\5 Not Fade Away.flac|Not Fade Away
Z:\Grateful Dead\# Dave's Picks #\11 - 1972-11-17 [Century II Convention Hall, Wichita, KS]\101 Promised Land.flac|Promised Land
Z:\Grateful Dead\# Dave's Picks #\11 - 1972-11-17 [Century II Convention Hall, Wichita, KS]\102 Sugaree.flac|Sugaree
Z:\Grateful Dead\# Dave's Picks #\11 - 1972-11-17 [Century II Convention Hall, Wichita, KS]\103 Me And My Uncle.flac|Me And My Uncle
Z:\Grateful Dead\# Dave's Picks #\11 - 1972-11-17 [Century II Convention Hall, Wichita, KS]\104 Tennessee Jed.flac|Tennessee Jed
Z:\Grateful Dead\# Dave's Picks #\11 - 1972-11-17 [Century II Convention Hall, Wichita, KS]\105 Black-Throated Wind.flac|Black-Throated Wind
Z:\Grateful Dead\# Dave's Picks #\11 - 1972-11-17 [Century II Convention Hall, Wichita, KS]\106 Bird Song.flac|Bird Song
Z:\Grateful Dead\# Dave's Picks #\11 - 1972-11-17 [Century II Convention Hall, Wichita, KS]\107 Jack Straw.flac|Jack Straw
Z:\Grateful Dead\# Dave's Picks #\11 - 1972-11-17 [Century II Convention Hall, Wichita, KS]\108 Box Of Rain.flac|Box Of Rain
Z:\Grateful Dead\# Dave's Picks #\11 - 1972-11-17 [Century II Convention Hall, Wichita, KS]\109 Don't Ease Me In.flac|Don't Ease Me In
Z:\Grateful Dead\# Dave's Picks #\11 - 1972-11-17 [Century II Convention Hall, Wichita, KS]\110 Beat It On Down The Line.flac|Beat It On Down The Line
Z:\Grateful Dead\# Dave's Picks #\11 - 1972-11-17 [Century II Convention Hall, Wichita, KS]\111 Brown-Eyed Women.flac|Brown-Eyed Women
Z:\Grateful Dead\# Dave's Picks #\11 - 1972-11-17 [Century II Convention Hall, Wichita, KS]\112 Big River.flac|Big River
Z:\Grateful Dead\# Dave's Picks #\11 - 1972-11-17 [Century II Convention Hall, Wichita, KS]\113 China Cat Sunflower.flac|China Cat Sunflower
Z:\Grateful Dead\# Dave's Picks #\11 - 1972-11-17 [Century II Convention Hall, Wichita, KS]\114 I Know You Rider.flac|I Know You Rider
Z:\Grateful Dead\# Dave's Picks #\11 - 1972-11-17 [Century II Convention Hall, Wichita, KS]\115 Around And Around.flac|Around And Around
Z:\Grateful Dead\# Dave's Picks #\11 - 1972-11-17 [Century II Convention Hall, Wichita, KS]\116 Casey Jones.flac|Casey Jones
Z:\Grateful Dead\# Dave's Picks #\11 - 1972-11-17 [Century II Convention Hall, Wichita, KS]\201 Cumberland Blues.flac|Cumberland Blues
Z:\Grateful Dead\# Dave's Picks #\11 - 1972-11-17 [Century II Convention Hall, Wichita, KS]\202 El Paso.flac|El Paso
Z:\Grateful Dead\# Dave's Picks #\11 - 1972-11-17 [Century II Convention Hall, Wichita, KS]\203 He's Gone.flac|He's Gone
Z:\Grateful Dead\# Dave's Picks #\11 - 1972-11-17 [Century II Convention Hall, Wichita, KS]\204 Truckin'.flac|Truckin'
Z:\Grateful Dead\# Dave's Picks #\11 - 1972-11-17 [Century II Convention Hall, Wichita, KS]\205 The Other One.flac|The Other One
Z:\Grateful Dead\# Dave's Picks #\11 - 1972-11-17 [Century II Convention Hall, Wichita, KS]\206 Brokedown Palace.flac|Brokedown Palace
Z:\Grateful Dead\# Dave's Picks #\11 - 1972-11-17 [Century II Convention Hall, Wichita, KS]\207 Sugar Magnolia.flac|Sugar Magnolia
Z:\Grateful Dead\# Dave's Picks #\11 - 1972-11-17 [Century II Convention Hall, Wichita, KS]\208 Uncle John's Band.flac|Uncle John's Band
Z:\Grateful Dead\# Dave's Picks #\11 - 1972-11-17 [Century II Convention Hall, Wichita, KS]\209 Johnny B. Goode.flac|Johnny B. Goode
Z:\Grateful Dead\# Dave's Picks #\12 - 1977-11-03 [Field House - Seneca College,Toronto, ON] %\101 Promised Land.flac|Promised Land
Z:\Grateful Dead\# Dave's Picks #\12 - 1977-11-03 [Field House - Seneca College,Toronto, ON] %\102 They Love Each Other.flac|They Love Each Other
Z:\Grateful Dead\# Dave's Picks #\12 - 1977-11-03 [Field House - Seneca College,Toronto, ON] %\103 Me And My Uncle.flac|Me And My Uncle
Z:\Grateful Dead\# Dave's Picks #\12 - 1977-11-03 [Field House - Seneca College,Toronto, ON] %\104 Big River.flac|Big River
Z:\Grateful Dead\# Dave's Picks #\12 - 1977-11-03 [Field House - Seneca College,Toronto, ON] %\105 Candyman.flac|Candyman
Z:\Grateful Dead\# Dave's Picks #\12 - 1977-11-03 [Field House - Seneca College,Toronto, ON] %\106 Looks Like Rain.flac|Looks Like Rain
Z:\Grateful Dead\# Dave's Picks #\12 - 1977-11-03 [Field House - Seneca College,Toronto, ON] %\107 Ramble On Rose.flac|Ramble On Rose
Z:\Grateful Dead\# Dave's Picks #\12 - 1977-11-03 [Field House - Seneca College,Toronto, ON] %\108 Scarlet Begonias.flac|Scarlet Begonias
Z:\Grateful Dead\# Dave's Picks #\12 - 1977-11-03 [Field House - Seneca College,Toronto, ON] %\109 Fire On The Mountain.flac|Fire On The Mountain
Z:\Grateful Dead\# Dave's Picks #\12 - 1977-11-03 [Field House - Seneca College,Toronto, ON] %\110 Terrapin Station.flac|Terrapin Station
Z:\Grateful Dead\# Dave's Picks #\12 - 1977-11-04 [Cotterell Gym - Reid Athletic Center, Colgate University, Hamilton, NY]\101 Bertha.flac|Bertha
Z:\Grateful Dead\# Dave's Picks #\12 - 1977-11-04 [Cotterell Gym - Reid Athletic Center, Colgate University, Hamilton, NY]\102 Good Lovin'.flac|Good Lovin'
Z:\Grateful Dead\# Dave's Picks #\12 - 1977-11-04 [Cotterell Gym - Reid Athletic Center, Colgate University, Hamilton, NY]\103 Brown-Eyed Women.flac|Brown-Eyed Women
Z:\Grateful Dead\# Dave's Picks #\12 - 1977-11-04 [Cotterell Gym - Reid Athletic Center, Colgate University, Hamilton, NY]\104 Cassidy.flac|Cassidy
Z:\Grateful Dead\# Dave's Picks #\12 - 1977-11-04 [Cotterell Gym - Reid Athletic Center, Colgate University, Hamilton, NY]\105 It Must Have Been The Roses.flac|It Must Have Been The Roses
Z:\Grateful Dead\# Dave's Picks #\12 - 1977-11-04 [Cotterell Gym - Reid Athletic Center, Colgate University, Hamilton, NY]\106 Sunrise.flac|Sunrise
Z:\Grateful Dead\# Dave's Picks #\12 - 1977-11-04 [Cotterell Gym - Reid Athletic Center, Colgate University, Hamilton, NY]\107 New Minglewood Blues.flac|New Minglewood Blues
Z:\Grateful Dead\# Dave's Picks #\12 - 1977-11-04 [Cotterell Gym - Reid Athletic Center, Colgate University, Hamilton, NY]\108 Dupree's Diamond Blues.flac|Dupree's Diamond Blues
Z:\Grateful Dead\# Dave's Picks #\12 - 1977-11-04 [Cotterell Gym - Reid Athletic Center, Colgate University, Hamilton, NY]\109 Let It Grow.flac|Let It Grow
Z:\Grateful Dead\# Dave's Picks #\12 - 1977-11-04 [Cotterell Gym - Reid Athletic Center, Colgate University, Hamilton, NY]\201 James Gang Introduction.flac|James Gang Introduction
Z:\Grateful Dead\# Dave's Picks #\12 - 1977-11-04 [Cotterell Gym - Reid Athletic Center, Colgate University, Hamilton, NY]\202 Samson And Delilah.flac|Samson And Delilah
Z:\Grateful Dead\# Dave's Picks #\12 - 1977-11-04 [Cotterell Gym - Reid Athletic Center, Colgate University, Hamilton, NY]\203 Cold Rain And Snow.flac|Cold Rain And Snow
Z:\Grateful Dead\# Dave's Picks #\12 - 1977-11-04 [Cotterell Gym - Reid Athletic Center, Colgate University, Hamilton, NY]\204 Playing In The Band.flac|Playing In The Band
Z:\Grateful Dead\# Dave's Picks #\12 - 1977-11-04 [Cotterell Gym - Reid Athletic Center, Colgate University, Hamilton, NY]\205 Eyes Of The World.flac|Eyes Of The World
Z:\Grateful Dead\# Dave's Picks #\12 - 1977-11-04 [Cotterell Gym - Reid Athletic Center, Colgate University, Hamilton, NY]\206 Estimated Prophet.flac|Estimated Prophet
Z:\Grateful Dead\# Dave's Picks #\12 - 1977-11-04 [Cotterell Gym - Reid Athletic Center, Colgate University, Hamilton, NY]\207 The Other One.flac|The Other One
Z:\Grateful Dead\# Dave's Picks #\12 - 1977-11-04 [Cotterell Gym - Reid Athletic Center, Colgate University, Hamilton, NY]\208 Drums.flac|Drums
Z:\Grateful Dead\# Dave's Picks #\12 - 1977-11-04 [Cotterell Gym - Reid Athletic Center, Colgate University, Hamilton, NY]\209 Iko Iko.flac|Iko Iko
Z:\Grateful Dead\# Dave's Picks #\12 - 1977-11-04 [Cotterell Gym - Reid Athletic Center, Colgate University, Hamilton, NY]\210 Stella Blue.flac|Stella Blue
Z:\Grateful Dead\# Dave's Picks #\12 - 1977-11-04 [Cotterell Gym - Reid Athletic Center, Colgate University, Hamilton, NY]\211 Playing In The Band.flac|Playing In The Band
Z:\Grateful Dead\# Dave's Picks #\12 - 1977-11-04 [Cotterell Gym - Reid Athletic Center, Colgate University, Hamilton, NY]\212 Johnny B. Goode.flac|Johnny B. Goode
Z:\Grateful Dead\# Dave's Picks #\13 - 1974-02-24 [Winterland, San Francisco, CA]\101 U.S. Blues.flac|U.S. Blues
Z:\Grateful Dead\# Dave's Picks #\13 - 1974-02-24 [Winterland, San Francisco, CA]\102 Mexicali Blues.flac|Mexicali Blues
Z:\Grateful Dead\# Dave's Picks #\13 - 1974-02-24 [Winterland, San Francisco, CA]\103 Brown-Eyed Women.flac|Brown-Eyed Women
Z:\Grateful Dead\# Dave's Picks #\13 - 1974-02-24 [Winterland, San Francisco, CA]\104 Beat it on Down the Line.flac|Beat it on Down the Line
Z:\Grateful Dead\# Dave's Picks #\13 - 1974-02-24 [Winterland, San Francisco, CA]\105 Candyman.flac|Candyman
Z:\Grateful Dead\# Dave's Picks #\13 - 1974-02-24 [Winterland, San Francisco, CA]\106 Jack Straw.flac|Jack Straw
Z:\Grateful Dead\# Dave's Picks #\13 - 1974-02-24 [Winterland, San Francisco, CA]\107 China Cat Sunflower.flac|China Cat Sunflower
Z:\Grateful Dead\# Dave's Picks #\13 - 1974-02-24 [Winterland, San Francisco, CA]\108 I Know You Rider.flac|I Know You Rider
Z:\Grateful Dead\# Dave's Picks #\13 - 1974-02-24 [Winterland, San Francisco, CA]\109 El Paso.flac|El Paso
Z:\Grateful Dead\# Dave's Picks #\13 - 1974-02-24 [Winterland, San Francisco, CA]\110 Loser.flac|Loser
Z:\Grateful Dead\# Dave's Picks #\13 - 1974-02-24 [Winterland, San Francisco, CA]\111 Playing in the Band.flac|Playing in the Band
Z:\Grateful Dead\# Dave's Picks #\13 - 1974-02-24 [Winterland, San Francisco, CA]\201 Cumberland Blues.flac|Cumberland Blues
Z:\Grateful Dead\# Dave's Picks #\13 - 1974-02-24 [Winterland, San Francisco, CA]\202 It Must Have Been the Roses.flac|It Must Have Been the Roses
Z:\Grateful Dead\# Dave's Picks #\13 - 1974-02-24 [Winterland, San Francisco, CA]\203 Big River.flac|Big River
Z:\Grateful Dead\# Dave's Picks #\13 - 1974-02-24 [Winterland, San Francisco, CA]\204 Bertha.flac|Bertha
Z:\Grateful Dead\# Dave's Picks #\13 - 1974-02-24 [Winterland, San Francisco, CA]\205 Weather Report Suite.flac|Weather Report Suite
Z:\Grateful Dead\# Dave's Picks #\13 - 1974-02-24 [Winterland, San Francisco, CA]\206 Row Jimmy.flac|Row Jimmy
Z:\Grateful Dead\# Dave's Picks #\13 - 1974-02-24 [Winterland, San Francisco, CA]\207 Ship of Fools.flac|Ship of Fools
Z:\Grateful Dead\# Dave's Picks #\13 - 1974-02-24 [Winterland, San Francisco, CA]\208 Promised Land.flac|Promised Land
Z:\Grateful Dead\# Dave's Picks #\13 - 1974-02-24 [Winterland, San Francisco, CA]\209 Dark Star.flac|Dark Star
Z:\Grateful Dead\# Dave's Picks #\13 - 1974-02-24 [Winterland, San Francisco, CA]\210 Morning Dew.flac|Morning Dew
Z:\Grateful Dead\# Dave's Picks #\13 - 1974-02-24 [Winterland, San Francisco, CA]\211 Sugar Magnolia.flac|Sugar Magnolia
Z:\Grateful Dead\# Dave's Picks #\13 - 1974-02-24 [Winterland, San Francisco, CA]\212 Not Fade Away.flac|Not Fade Away
Z:\Grateful Dead\# Dave's Picks #\13 - 1974-02-24 [Winterland, San Francisco, CA]\213 Goin' Down the Road Feeling Bad.flac|Goin' Down the Road Feeling Bad
Z:\Grateful Dead\# Dave's Picks #\13 - 1974-02-24 [Winterland, San Francisco, CA]\214 Not Fade Away.flac|Not Fade Away
Z:\Grateful Dead\# Dave's Picks #\13 - 1974-02-24 [Winterland, San Francisco, CA]\215 It's All Over Now, Baby Blue.flac|It's All Over Now, Baby Blue
Z:\Grateful Dead\# Dave's Picks #\14 - 1972-03-26 [Academy Of Music. New York, NY]\101 Greatest Story Ever Told.flac|Greatest Story Ever Told
Z:\Grateful Dead\# Dave's Picks #\14 - 1972-03-26 [Academy Of Music. New York, NY]\102 Cold Rain And Snow.flac|Cold Rain And Snow
Z:\Grateful Dead\# Dave's Picks #\14 - 1972-03-26 [Academy Of Music. New York, NY]\103 Chinatown Shuffle.flac|Chinatown Shuffle
Z:\Grateful Dead\# Dave's Picks #\14 - 1972-03-26 [Academy Of Music. New York, NY]\104 Black-Throated Wind.flac|Black-Throated Wind
Z:\Grateful Dead\# Dave's Picks #\14 - 1972-03-26 [Academy Of Music. New York, NY]\105 You Win Again.flac|You Win Again
Z:\Grateful Dead\# Dave's Picks #\14 - 1972-03-26 [Academy Of Music. New York, NY]\106 Mr. Charlie.flac|Mr. Charlie
Z:\Grateful Dead\# Dave's Picks #\14 - 1972-03-26 [Academy Of Music. New York, NY]\107 Jack Straw.flac|Jack Straw
Z:\Grateful Dead\# Dave's Picks #\14 - 1972-03-26 [Academy Of Music. New York, NY]\108 Loser.flac|Loser
Z:\Grateful Dead\# Dave's Picks #\14 - 1972-03-26 [Academy Of Music. New York, NY]\109 Looks Like Rain.flac|Looks Like Rain
Z:\Grateful Dead\# Dave's Picks #\14 - 1972-03-26 [Academy Of Music. New York, NY]\110 Big Railroad Blues.flac|Big Railroad Blues
Z:\Grateful Dead\# Dave's Picks #\14 - 1972-03-26 [Academy Of Music. New York, NY]\111 Big Boss Man.flac|Big Boss Man
Z:\Grateful Dead\# Dave's Picks #\14 - 1972-03-26 [Academy Of Music. New York, NY]\112 Playing In The Band.flac|Playing In The Band
Z:\Grateful Dead\# Dave's Picks #\14 - 1972-03-26 [Academy Of Music. New York, NY]\113 El Paso.flac|El Paso
Z:\Grateful Dead\# Dave's Picks #\14 - 1972-03-26 [Academy Of Music. New York, NY]\114 Good Lovin'.flac|Good Lovin'
Z:\Grateful Dead\# Dave's Picks #\14 - 1972-03-26 [Academy Of Music. New York, NY]\201 Truckin'.flac|Truckin'
Z:\Grateful Dead\# Dave's Picks #\14 - 1972-03-26 [Academy Of Music. New York, NY]\202 Drums.flac|Drums
Z:\Grateful Dead\# Dave's Picks #\14 - 1972-03-26 [Academy Of Music. New York, NY]\203 The Other One.flac|The Other One
Z:\Grateful Dead\# Dave's Picks #\14 - 1972-03-26 [Academy Of Music. New York, NY]\204 Me & My Uncle.flac|Me & My Uncle
Z:\Grateful Dead\# Dave's Picks #\14 - 1972-03-26 [Academy Of Music. New York, NY]\205 The Other One.flac|The Other One
Z:\Grateful Dead\# Dave's Picks #\14 - 1972-03-26 [Academy Of Music. New York, NY]\206 Wharf Rat.flac|Wharf Rat
Z:\Grateful Dead\# Dave's Picks #\14 - 1972-03-26 [Academy Of Music. New York, NY]\207 Sugar Magnolia.flac|Sugar Magnolia
Z:\Grateful Dead\# Dave's Picks #\14 - 1972-03-26 [Academy Of Music. New York, NY]\208 The Stranger (Two Souls In Communion).flac|The Stranger (Two Souls In Communion)
Z:\Grateful Dead\# Dave's Picks #\14 - 1972-03-26 [Academy Of Music. New York, NY]\209 Not Fade Away.flac|Not Fade Away
Z:\Grateful Dead\# Dave's Picks #\14 - 1972-03-26 [Academy Of Music. New York, NY]\210 Goin' Down The Road Feeling Bad.flac|Goin' Down The Road Feeling Bad
Z:\Grateful Dead\# Dave's Picks #\14 - 1972-03-26 [Academy Of Music. New York, NY]\211 Not Fade Away.flac|Not Fade Away
Z:\Grateful Dead\# Dave's Picks #\15 - 1978-04-22 [Nashville Municipal Auditorium, Nashville, TN]\101 Bertha.flac|Bertha
Z:\Grateful Dead\# Dave's Picks #\15 - 1978-04-22 [Nashville Municipal Auditorium, Nashville, TN]\102 Good Lovin'.flac|Good Lovin'
Z:\Grateful Dead\# Dave's Picks #\15 - 1978-04-22 [Nashville Municipal Auditorium, Nashville, TN]\103 Candyman.flac|Candyman
Z:\Grateful Dead\# Dave's Picks #\15 - 1978-04-22 [Nashville Municipal Auditorium, Nashville, TN]\104 Looks Like Rain.flac|Looks Like Rain
Z:\Grateful Dead\# Dave's Picks #\15 - 1978-04-22 [Nashville Municipal Auditorium, Nashville, TN]\105 Tennessee Jed.flac|Tennessee Jed
Z:\Grateful Dead\# Dave's Picks #\15 - 1978-04-22 [Nashville Municipal Auditorium, Nashville, TN]\106 Jack Straw.flac|Jack Straw
Z:\Grateful Dead\# Dave's Picks #\15 - 1978-04-22 [Nashville Municipal Auditorium, Nashville, TN]\107 Peggy-O.flac|Peggy-O
Z:\Grateful Dead\# Dave's Picks #\15 - 1978-04-22 [Nashville Municipal Auditorium, Nashville, TN]\108 New Minglewood Blues.flac|New Minglewood Blues
Z:\Grateful Dead\# Dave's Picks #\15 - 1978-04-22 [Nashville Municipal Auditorium, Nashville, TN]\109 Deal.flac|Deal
Z:\Grateful Dead\# Dave's Picks #\15 - 1978-04-22 [Nashville Municipal Auditorium, Nashville, TN]\201 Lazy Lightning.flac|Lazy Lightning
Z:\Grateful Dead\# Dave's Picks #\15 - 1978-04-22 [Nashville Municipal Auditorium, Nashville, TN]\202 Supplication.flac|Supplication
Z:\Grateful Dead\# Dave's Picks #\15 - 1978-04-22 [Nashville Municipal Auditorium, Nashville, TN]\203 It Must Have Been the Roses.flac|It Must Have Been the Roses
Z:\Grateful Dead\# Dave's Picks #\15 - 1978-04-22 [Nashville Municipal Auditorium, Nashville, TN]\204 Estimated Prophet.flac|Estimated Prophet
Z:\Grateful Dead\# Dave's Picks #\15 - 1978-04-22 [Nashville Municipal Auditorium, Nashville, TN]\205 Eyes of the World.flac|Eyes of the World
Z:\Grateful Dead\# Dave's Picks #\15 - 1978-04-22 [Nashville Municipal Auditorium, Nashville, TN]\206 Rhythm Devils.flac|Rhythm Devils
Z:\Grateful Dead\# Dave's Picks #\15 - 1978-04-22 [Nashville Municipal Auditorium, Nashville, TN]\207 Not Fade Away.flac|Not Fade Away
Z:\Grateful Dead\# Dave's Picks #\15 - 1978-04-22 [Nashville Municipal Auditorium, Nashville, TN]\208 Wharf Rat.flac|Wharf Rat
Z:\Grateful Dead\# Dave's Picks #\15 - 1978-04-22 [Nashville Municipal Auditorium, Nashville, TN]\209 Sugar Magnolia.flac|Sugar Magnolia
Z:\Grateful Dead\# Dave's Picks #\15 - 1978-04-22 [Nashville Municipal Auditorium, Nashville, TN]\210 One More Saturday Night.flac|One More Saturday Night
Z:\Grateful Dead\# Dave's Picks #\16 - 1973-03-28 [Civic Center, Springfield, MA]\101 Cumberland Blues.flac|Cumberland Blues
Z:\Grateful Dead\# Dave's Picks #\16 - 1973-03-28 [Civic Center, Springfield, MA]\102 Here Comes Sunshine.flac|Here Comes Sunshine
Z:\Grateful Dead\# Dave's Picks #\16 - 1973-03-28 [Civic Center, Springfield, MA]\103 Mexicali Blues.flac|Mexicali Blues
Z:\Grateful Dead\# Dave's Picks #\16 - 1973-03-28 [Civic Center, Springfield, MA]\104 Wave That Flag.flac|Wave That Flag
Z:\Grateful Dead\# Dave's Picks #\16 - 1973-03-28 [Civic Center, Springfield, MA]\105 Beat It on Down the Line.flac|Beat It on Down the Line
Z:\Grateful Dead\# Dave's Picks #\16 - 1973-03-28 [Civic Center, Springfield, MA]\106 Loser.flac|Loser
Z:\Grateful Dead\# Dave's Picks #\16 - 1973-03-28 [Civic Center, Springfield, MA]\107 Jack Straw.flac|Jack Straw
Z:\Grateful Dead\# Dave's Picks #\16 - 1973-03-28 [Civic Center, Springfield, MA]\108 Box of Rain.flac|Box of Rain
Z:\Grateful Dead\# Dave's Picks #\16 - 1973-03-28 [Civic Center, Springfield, MA]\109 They Love Each Other.flac|They Love Each Other
Z:\Grateful Dead\# Dave's Picks #\16 - 1973-03-28 [Civic Center, Springfield, MA]\110 El Paso.flac|El Paso
Z:\Grateful Dead\# Dave's Picks #\16 - 1973-03-28 [Civic Center, Springfield, MA]\111 Row Jimmy.flac|Row Jimmy
Z:\Grateful Dead\# Dave's Picks #\16 - 1973-03-28 [Civic Center, Springfield, MA]\112 Around and Around.flac|Around and Around
Z:\Grateful Dead\# Dave's Picks #\16 - 1973-03-28 [Civic Center, Springfield, MA]\113 Brown-Eyed Women.flac|Brown-Eyed Women
Z:\Grateful Dead\# Dave's Picks #\16 - 1973-03-28 [Civic Center, Springfield, MA]\114 You Ain't Woman Enough.flac|You Ain't Woman Enough
Z:\Grateful Dead\# Dave's Picks #\16 - 1973-03-28 [Civic Center, Springfield, MA]\115 Looks Like Rain.flac|Looks Like Rain
Z:\Grateful Dead\# Dave's Picks #\16 - 1973-03-28 [Civic Center, Springfield, MA]\116 China Cat Sunflower.flac|China Cat Sunflower
Z:\Grateful Dead\# Dave's Picks #\16 - 1973-03-28 [Civic Center, Springfield, MA]\117 I Know You Rider.flac|I Know You Rider
Z:\Grateful Dead\# Dave's Picks #\16 - 1973-03-28 [Civic Center, Springfield, MA]\201 Promised Land.flac|Promised Land
Z:\Grateful Dead\# Dave's Picks #\16 - 1973-03-28 [Civic Center, Springfield, MA]\202 Loose Lucy.flac|Loose Lucy
Z:\Grateful Dead\# Dave's Picks #\16 - 1973-03-28 [Civic Center, Springfield, MA]\203 Me and My Uncle.flac|Me and My Uncle
Z:\Grateful Dead\# Dave's Picks #\16 - 1973-03-28 [Civic Center, Springfield, MA]\204 Don't Ease Me In.flac|Don't Ease Me In
Z:\Grateful Dead\# Dave's Picks #\16 - 1973-03-28 [Civic Center, Springfield, MA]\205 The Race Is on.flac|The Race Is on
Z:\Grateful Dead\# Dave's Picks #\16 - 1973-03-28 [Civic Center, Springfield, MA]\206 Stella Blue.flac|Stella Blue
Z:\Grateful Dead\# Dave's Picks #\16 - 1973-03-28 [Civic Center, Springfield, MA]\207 Big River.flac|Big River
Z:\Grateful Dead\# Dave's Picks #\16 - 1973-03-28 [Civic Center, Springfield, MA]\208 Mississippi Half-Step Uptown Toodeloo.flac|Mississippi Half-Step Uptown Toodeloo
Z:\Grateful Dead\# Dave's Picks #\16 - 1973-03-28 [Civic Center, Springfield, MA]\209 Weather Report Suite Prelude.flac|Weather Report Suite Prelude
Z:\Grateful Dead\# Dave's Picks #\16 - 1973-03-28 [Civic Center, Springfield, MA]\210 Dark Star.flac|Dark Star
Z:\Grateful Dead\# Dave's Picks #\16 - 1973-03-28 [Civic Center, Springfield, MA]\211 Eyes of the World.flac|Eyes of the World
Z:\Grateful Dead\# Dave's Picks #\16 - 1973-03-28 [Civic Center, Springfield, MA]\212 Playing In the Band.flac|Playing In the Band
Z:\Grateful Dead\# Dave's Picks #\16 - 1973-03-28 [Civic Center, Springfield, MA]\213 Johnny B. Goode.flac|Johnny B. Goode
Z:\Grateful Dead\# Dave's Picks #\17 - 1974-07-19 [Selland Arena, Fresno, CA]\101 Bertha.flac|Bertha
Z:\Grateful Dead\# Dave's Picks #\17 - 1974-07-19 [Selland Arena, Fresno, CA]\102 Mexicali Blues.flac|Mexicali Blues
Z:\Grateful Dead\# Dave's Picks #\17 - 1974-07-19 [Selland Arena, Fresno, CA]\103 Deal.flac|Deal
Z:\Grateful Dead\# Dave's Picks #\17 - 1974-07-19 [Selland Arena, Fresno, CA]\104 Beat It On Down The Line.flac|Beat It On Down The Line
Z:\Grateful Dead\# Dave's Picks #\17 - 1974-07-19 [Selland Arena, Fresno, CA]\105 Row Jimmy.flac|Row Jimmy
Z:\Grateful Dead\# Dave's Picks #\17 - 1974-07-19 [Selland Arena, Fresno, CA]\106 Me & Bobby McGee.flac|Me & Bobby McGee
Z:\Grateful Dead\# Dave's Picks #\17 - 1974-07-19 [Selland Arena, Fresno, CA]\107 Scarlet Begonias.flac|Scarlet Begonias
Z:\Grateful Dead\# Dave's Picks #\17 - 1974-07-19 [Selland Arena, Fresno, CA]\108 El Paso.flac|El Paso
Z:\Grateful Dead\# Dave's Picks #\17 - 1974-07-19 [Selland Arena, Fresno, CA]\109 Tennessee Jed.flac|Tennessee Jed
Z:\Grateful Dead\# Dave's Picks #\17 - 1974-07-19 [Selland Arena, Fresno, CA]\110 Playing In The Band.flac|Playing In The Band
Z:\Grateful Dead\# Dave's Picks #\17 - 1974-07-19 [Selland Arena, Fresno, CA]\201 Seastones.flac|Seastones
Z:\Grateful Dead\# Dave's Picks #\17 - 1974-07-19 [Selland Arena, Fresno, CA]\301 Brown-Eyed Women.flac|Brown-Eyed Women
Z:\Grateful Dead\# Dave's Picks #\17 - 1974-07-19 [Selland Arena, Fresno, CA]\302 Me & My Uncle.flac|Me & My Uncle
Z:\Grateful Dead\# Dave's Picks #\17 - 1974-07-19 [Selland Arena, Fresno, CA]\303 It Must Have Been The Roses.flac|It Must Have Been The Roses
Z:\Grateful Dead\# Dave's Picks #\17 - 1974-07-19 [Selland Arena, Fresno, CA]\304 Jack Straw.flac|Jack Straw
Z:\Grateful Dead\# Dave's Picks #\17 - 1974-07-19 [Selland Arena, Fresno, CA]\305 He's Gone.flac|He's Gone
Z:\Grateful Dead\# Dave's Picks #\17 - 1974-07-19 [Selland Arena, Fresno, CA]\306 U.S. Blues.flac|U.S. Blues
Z:\Grateful Dead\# Dave's Picks #\17 - 1974-07-19 [Selland Arena, Fresno, CA]\307 Weather Report Suite.flac|Weather Report Suite
Z:\Grateful Dead\# Dave's Picks #\17 - 1974-07-19 [Selland Arena, Fresno, CA]\308 Jam.flac|Jam
Z:\Grateful Dead\# Dave's Picks #\17 - 1974-07-19 [Selland Arena, Fresno, CA]\309 Eyes Of The World.flac|Eyes Of The World
Z:\Grateful Dead\# Dave's Picks #\17 - 1974-07-19 [Selland Arena, Fresno, CA]\310 China Doll.flac|China Doll
Z:\Grateful Dead\# Dave's Picks #\17 - 1974-07-19 [Selland Arena, Fresno, CA]\311 One More Saturday Night.flac|One More Saturday Night
Z:\Grateful Dead\# Dave's Picks #\18 - 1976-07-17 [Orpheum Theatre, San Francisco, CA]\101 Promised Land.flac|Promised Land
Z:\Grateful Dead\# Dave's Picks #\18 - 1976-07-17 [Orpheum Theatre, San Francisco, CA]\102 Mississippi Half-Step Uptown Toodeloo.flac|Mississippi Half-Step Uptown Toodeloo
Z:\Grateful Dead\# Dave's Picks #\18 - 1976-07-17 [Orpheum Theatre, San Francisco, CA]\103 Mama Tried.flac|Mama Tried
Z:\Grateful Dead\# Dave's Picks #\18 - 1976-07-17 [Orpheum Theatre, San Francisco, CA]\104 Deal.flac|Deal
Z:\Grateful Dead\# Dave's Picks #\18 - 1976-07-17 [Orpheum Theatre, San Francisco, CA]\105 New Minglewood Blues.flac|New Minglewood Blues
Z:\Grateful Dead\# Dave's Picks #\18 - 1976-07-17 [Orpheum Theatre, San Francisco, CA]\106 Peggy-O.flac|Peggy-O
Z:\Grateful Dead\# Dave's Picks #\18 - 1976-07-17 [Orpheum Theatre, San Francisco, CA]\107 Big River.flac|Big River
Z:\Grateful Dead\# Dave's Picks #\18 - 1976-07-17 [Orpheum Theatre, San Francisco, CA]\108 Sugaree.flac|Sugaree
Z:\Grateful Dead\# Dave's Picks #\18 - 1976-07-17 [Orpheum Theatre, San Francisco, CA]\109 Johnny B. Goode.flac|Johnny B. Goode
Z:\Grateful Dead\# Dave's Picks #\18 - 1976-07-17 [Orpheum Theatre, San Francisco, CA]\201 Samson and Delilah.flac|Samson and Delilah
Z:\Grateful Dead\# Dave's Picks #\18 - 1976-07-17 [Orpheum Theatre, San Francisco, CA]\202 Comes A Time.flac|Comes A Time
Z:\Grateful Dead\# Dave's Picks #\18 - 1976-07-17 [Orpheum Theatre, San Francisco, CA]\203 Drums.flac|Drums
Z:\Grateful Dead\# Dave's Picks #\18 - 1976-07-17 [Orpheum Theatre, San Francisco, CA]\204 The Other One.flac|The Other One
Z:\Grateful Dead\# Dave's Picks #\18 - 1976-07-17 [Orpheum Theatre, San Francisco, CA]\205 Space.flac|Space
Z:\Grateful Dead\# Dave's Picks #\18 - 1976-07-17 [Orpheum Theatre, San Francisco, CA]\206 Eyes of the World.flac|Eyes of the World
Z:\Grateful Dead\# Dave's Picks #\18 - 1976-07-17 [Orpheum Theatre, San Francisco, CA]\207 Jam.flac|Jam
Z:\Grateful Dead\# Dave's Picks #\18 - 1976-07-17 [Orpheum Theatre, San Francisco, CA]\208 The Other One.flac|The Other One
Z:\Grateful Dead\# Dave's Picks #\18 - 1976-07-17 [Orpheum Theatre, San Francisco, CA]\209 Goin' Down The Road Feeling Bad.flac|Goin' Down The Road Feeling Bad
Z:\Grateful Dead\# Dave's Picks #\18 - 1976-07-17 [Orpheum Theatre, San Francisco, CA]\210 One More Saturday Night.flac|One More Saturday Night
Z:\Grateful Dead\# Dave's Picks #\18 - 1976-07-17 [Orpheum Theatre, San Francisco, CA]\211 U.S. Blues.flac|U.S. Blues
Z:\Grateful Dead\# Dave's Picks #\18 - 1976-07-17 [Orpheum Theatre, San Francisco, CA]\212 Not Fade Away.flac|Not Fade Away
Z:\Grateful Dead\# Dave's Picks #\18 - 1976-07-17 [Orpheum Theatre, San Francisco, CA]\213 Big River.flac|Big River
Z:\Grateful Dead\# Dave's Picks #\18 - 1976-07-17 [Orpheum Theatre, San Francisco, CA]\214 Brown-Eyed Women.flac|Brown-Eyed Women
Z:\Grateful Dead\# Dave's Picks #\18 - 1976-07-17 [Orpheum Theatre, San Francisco, CA]\215 Looks Like Rain.flac|Looks Like Rain
Z:\Grateful Dead\# Dave's Picks #\18 - 1976-07-17 [Orpheum Theatre, San Francisco, CA]\216 Peggy-O.flac|Peggy-O
Z:\Grateful Dead\# Dave's Picks #\18 - 1976-07-17 [Orpheum Theatre, San Francisco, CA]\217 The Music Never Stopped.flac|The Music Never Stopped
Z:\Grateful Dead\# Dave's Picks #\18 - 1976-07-17 [Orpheum Theatre, San Francisco, CA]\218 Scarlet Begonias.flac|Scarlet Begonias
Z:\Grateful Dead\# Dave's Picks #\18 - 1976-07-17 [Orpheum Theatre, San Francisco, CA]\219 U.S. Blues.flac|U.S. Blues
Z:\Grateful Dead\# Dave's Picks #\19 - 1970-01-23 [Honolulu Civic Auditorium, Honolulu, HI]\01 - 01 China Cat Sunflower.flac|China Cat Sunflower
Z:\Grateful Dead\# Dave's Picks #\19 - 1970-01-23 [Honolulu Civic Auditorium, Honolulu, HI]\01 - 02 I Know You Rider.flac|I Know You Rider
Z:\Grateful Dead\# Dave's Picks #\19 - 1970-01-23 [Honolulu Civic Auditorium, Honolulu, HI]\01 - 03 Black Peter.flac|Black Peter
Z:\Grateful Dead\# Dave's Picks #\19 - 1970-01-23 [Honolulu Civic Auditorium, Honolulu, HI]\01 - 04 The Yellow Dog Story.flac|The Yellow Dog Story
Z:\Grateful Dead\# Dave's Picks #\19 - 1970-01-23 [Honolulu Civic Auditorium, Honolulu, HI]\01 - 05 Hard To Handle.flac|Hard To Handle
Z:\Grateful Dead\# Dave's Picks #\19 - 1970-01-23 [Honolulu Civic Auditorium, Honolulu, HI]\01 - 06 Mama Tried.flac|Mama Tried
Z:\Grateful Dead\# Dave's Picks #\19 - 1970-01-23 [Honolulu Civic Auditorium, Honolulu, HI]\01 - 07 Casey Jones.flac|Casey Jones
Z:\Grateful Dead\# Dave's Picks #\19 - 1970-01-23 [Honolulu Civic Auditorium, Honolulu, HI]\01 - 08 Dire Wolf.flac|Dire Wolf
Z:\Grateful Dead\# Dave's Picks #\19 - 1970-01-23 [Honolulu Civic Auditorium, Honolulu, HI]\01 - 09 Good Lovin'.flac|Good Lovin'
Z:\Grateful Dead\# Dave's Picks #\19 - 1970-01-23 [Honolulu Civic Auditorium, Honolulu, HI]\01 - 10 The Other One.flac|The Other One
Z:\Grateful Dead\# Dave's Picks #\19 - 1970-01-23 [Honolulu Civic Auditorium, Honolulu, HI]\02 - 01 Dark Star.flac|Dark Star
Z:\Grateful Dead\# Dave's Picks #\19 - 1970-01-23 [Honolulu Civic Auditorium, Honolulu, HI]\02 - 02 St. Stephen.flac|St. Stephen
Z:\Grateful Dead\# Dave's Picks #\19 - 1970-01-23 [Honolulu Civic Auditorium, Honolulu, HI]\02 - 03 Turn on yor Lovelight.flac|Turn on yor Lovelight
Z:\Grateful Dead\# Dave's Picks #\19 - 1970-01-23 [Honolulu Civic Auditorium, Honolulu, HI]\03 - 01 Cumberland Blues.flac|Cumberland Blues
Z:\Grateful Dead\# Dave's Picks #\19 - 1970-01-23 [Honolulu Civic Auditorium, Honolulu, HI]\03 - 02 Cold Rain and Snow.flac|Cold Rain and Snow
Z:\Grateful Dead\# Dave's Picks #\19 - 1970-01-23 [Honolulu Civic Auditorium, Honolulu, HI]\03 - 03 Me and My Uncle.flac|Me and My Uncle
Z:\Grateful Dead\# Dave's Picks #\19 - 1970-01-23 [Honolulu Civic Auditorium, Honolulu, HI]\03 - 04 I'm A King Bee.flac|I'm A King Bee
Z:\Grateful Dead\# Dave's Picks #\19 - 1970-01-23 [Honolulu Civic Auditorium, Honolulu, HI]\03 - 05 Mason's Children.flac|Mason's Children
Z:\Grateful Dead\# Dave's Picks #\19 - 1970-01-23 [Honolulu Civic Auditorium, Honolulu, HI]\03 - 06 Black Peter.flac|Black Peter
Z:\Grateful Dead\# Dave's Picks #\19 - 1970-01-23 [Honolulu Civic Auditorium, Honolulu, HI]\03 - 07 Good Lovin'.flac|Good Lovin'
Z:\Grateful Dead\# Dave's Picks #\19 - 1970-01-23 [Honolulu Civic Auditorium, Honolulu, HI]\03 - 08 Feedback.flac|Feedback
Z:\Grateful Dead\# Dave's Picks #\19 - 1970-01-23 [Honolulu Civic Auditorium, Honolulu, HI]\03 - 09 And We Bid You Goodnight.flac|And We Bid You Goodnight
Z:\Grateful Dead\# Dave's Picks #\19 - 1970-01-23 [Honolulu Civic Auditorium, Honolulu, HI]\03 - 10 Dancing In The Street.flac|Dancing In The Street
Z:\Grateful Dead\# Dave's Picks #\20 - 1981-12-09 [University Of Colorado, Boulder, CO]\101 Cold Rain and Snow.flac|Cold Rain and Snow
Z:\Grateful Dead\# Dave's Picks #\20 - 1981-12-09 [University Of Colorado, Boulder, CO]\102 Jack Straw.flac|Jack Straw
Z:\Grateful Dead\# Dave's Picks #\20 - 1981-12-09 [University Of Colorado, Boulder, CO]\103 Friend Of The Devil.flac|Friend Of The Devil
Z:\Grateful Dead\# Dave's Picks #\20 - 1981-12-09 [University Of Colorado, Boulder, CO]\104 Little Red Rooster.flac|Little Red Rooster
Z:\Grateful Dead\# Dave's Picks #\20 - 1981-12-09 [University Of Colorado, Boulder, CO]\105 Bird Song.flac|Bird Song
Z:\Grateful Dead\# Dave's Picks #\20 - 1981-12-09 [University Of Colorado, Boulder, CO]\106 Mama Treid.flac|Mama Treid
Z:\Grateful Dead\# Dave's Picks #\20 - 1981-12-09 [University Of Colorado, Boulder, CO]\107 Mexicali Blues.flac|Mexicali Blues
Z:\Grateful Dead\# Dave's Picks #\20 - 1981-12-09 [University Of Colorado, Boulder, CO]\108 Candyman.flac|Candyman
Z:\Grateful Dead\# Dave's Picks #\20 - 1981-12-09 [University Of Colorado, Boulder, CO]\109 Cassidy.flac|Cassidy
Z:\Grateful Dead\# Dave's Picks #\20 - 1981-12-09 [University Of Colorado, Boulder, CO]\110 Looks Like Rain.flac|Looks Like Rain
Z:\Grateful Dead\# Dave's Picks #\20 - 1981-12-09 [University Of Colorado, Boulder, CO]\111 China Cat Sunflower _.flac|China Cat Sunflower
Z:\Grateful Dead\# Dave's Picks #\20 - 1981-12-09 [University Of Colorado, Boulder, CO]\112 I Know You Rider.flac|I Know You Rider
Z:\Grateful Dead\# Dave's Picks #\20 - 1981-12-09 [University Of Colorado, Boulder, CO]\201 Scarlet Begonias _.flac|Scarlet Begonias
Z:\Grateful Dead\# Dave's Picks #\20 - 1981-12-09 [University Of Colorado, Boulder, CO]\202 Fire On The Mountain.flac|Fire On The Mountain
Z:\Grateful Dead\# Dave's Picks #\20 - 1981-12-09 [University Of Colorado, Boulder, CO]\203 Estimated Prophet _.flac|Estimated Prophet
Z:\Grateful Dead\# Dave's Picks #\20 - 1981-12-09 [University Of Colorado, Boulder, CO]\204 He's Gone _.flac|He's Gone
Z:\Grateful Dead\# Dave's Picks #\20 - 1981-12-09 [University Of Colorado, Boulder, CO]\205 Drums _.flac|Drums
Z:\Grateful Dead\# Dave's Picks #\20 - 1981-12-09 [University Of Colorado, Boulder, CO]\206 Space.flac|Space
Z:\Grateful Dead\# Dave's Picks #\20 - 1981-12-09 [University Of Colorado, Boulder, CO]\207 The Other One _.flac|The Other One
Z:\Grateful Dead\# Dave's Picks #\20 - 1981-12-09 [University Of Colorado, Boulder, CO]\208 Stella Blue _.flac|Stella Blue
Z:\Grateful Dead\# Dave's Picks #\20 - 1981-12-09 [University Of Colorado, Boulder, CO]\209 Around And Around _.flac|Around And Around
Z:\Grateful Dead\# Dave's Picks #\20 - 1981-12-09 [University Of Colorado, Boulder, CO]\210 Good Lovin'.flac|Good Lovin'
Z:\Grateful Dead\# Dave's Picks #\20 - 1981-12-09 [University Of Colorado, Boulder, CO]\211 U.S. Blues _.flac|U.S. Blues
Z:\Grateful Dead\# Dave's Picks #\20 - 1981-12-09 [University Of Colorado, Boulder, CO]\212 (I Can't Get No) Satisfaction.flac|(I Can't Get No) Satisfaction
Z:\Grateful Dead\# Dave's Picks #\21 - 1973-04-02 [Boston Garden, Boston, MA]\101 Promised Land.flac|Promised Land
Z:\Grateful Dead\# Dave's Picks #\21 - 1973-04-02 [Boston Garden, Boston, MA]\102 Deal.flac|Deal
Z:\Grateful Dead\# Dave's Picks #\21 - 1973-04-02 [Boston Garden, Boston, MA]\103 Mexicali Blues.flac|Mexicali Blues
Z:\Grateful Dead\# Dave's Picks #\21 - 1973-04-02 [Boston Garden, Boston, MA]\104 Brown-Eyed Women.flac|Brown-Eyed Women
Z:\Grateful Dead\# Dave's Picks #\21 - 1973-04-02 [Boston Garden, Boston, MA]\105 Beat It On Down The Line.flac|Beat It On Down The Line
Z:\Grateful Dead\# Dave's Picks #\21 - 1973-04-02 [Boston Garden, Boston, MA]\106 Row Jimmy.flac|Row Jimmy
Z:\Grateful Dead\# Dave's Picks #\21 - 1973-04-02 [Boston Garden, Boston, MA]\107 Looks Like Rain.flac|Looks Like Rain
Z:\Grateful Dead\# Dave's Picks #\21 - 1973-04-02 [Boston Garden, Boston, MA]\108 Wave That Flag.flac|Wave That Flag
Z:\Grateful Dead\# Dave's Picks #\21 - 1973-04-02 [Boston Garden, Boston, MA]\109 Box Of Rain.flac|Box Of Rain
Z:\Grateful Dead\# Dave's Picks #\21 - 1973-04-02 [Boston Garden, Boston, MA]\110 Big River.flac|Big River
Z:\Grateful Dead\# Dave's Picks #\21 - 1973-04-02 [Boston Garden, Boston, MA]\111 China Cat Sunflower.flac|China Cat Sunflower
Z:\Grateful Dead\# Dave's Picks #\21 - 1973-04-02 [Boston Garden, Boston, MA]\112 I Know You Rider.flac|I Know You Rider
Z:\Grateful Dead\# Dave's Picks #\21 - 1973-04-02 [Boston Garden, Boston, MA]\113 You Ain't Woman Enough.flac|You Ain't Woman Enough
Z:\Grateful Dead\# Dave's Picks #\21 - 1973-04-02 [Boston Garden, Boston, MA]\114 Jack Straw.flac|Jack Straw
Z:\Grateful Dead\# Dave's Picks #\21 - 1973-04-02 [Boston Garden, Boston, MA]\115 Don't Ease Me In.flac|Don't Ease Me In
Z:\Grateful Dead\# Dave's Picks #\21 - 1973-04-02 [Boston Garden, Boston, MA]\116 Playing In The Band.flac|Playing In The Band
Z:\Grateful Dead\# Dave's Picks #\21 - 1973-04-02 [Boston Garden, Boston, MA]\201 Ramble On Rose.flac|Ramble On Rose
Z:\Grateful Dead\# Dave's Picks #\21 - 1973-04-02 [Boston Garden, Boston, MA]\202 Me And My Uncle.flac|Me And My Uncle
Z:\Grateful Dead\# Dave's Picks #\21 - 1973-04-02 [Boston Garden, Boston, MA]\203 Mississippi Half-Step Uptown Toodeloo.flac|Mississippi Half-Step Uptown Toodeloo
Z:\Grateful Dead\# Dave's Picks #\21 - 1973-04-02 [Boston Garden, Boston, MA]\204 Greatest Story Ever Told.flac|Greatest Story Ever Told
Z:\Grateful Dead\# Dave's Picks #\21 - 1973-04-02 [Boston Garden, Boston, MA]\205 Loose Lucy.flac|Loose Lucy
Z:\Grateful Dead\# Dave's Picks #\21 - 1973-04-02 [Boston Garden, Boston, MA]\206 El Paso.flac|El Paso
Z:\Grateful Dead\# Dave's Picks #\21 - 1973-04-02 [Boston Garden, Boston, MA]\207 Stella Blue.flac|Stella Blue
Z:\Grateful Dead\# Dave's Picks #\21 - 1973-04-02 [Boston Garden, Boston, MA]\208 Around And Around.flac|Around And Around
Z:\Grateful Dead\# Dave's Picks #\21 - 1973-04-02 [Boston Garden, Boston, MA]\209 Here Comes Sunshine.flac|Here Comes Sunshine
Z:\Grateful Dead\# Dave's Picks #\21 - 1973-04-02 [Boston Garden, Boston, MA]\210 Jam.flac|Jam
Z:\Grateful Dead\# Dave's Picks #\21 - 1973-04-02 [Boston Garden, Boston, MA]\211 Me And Bobby McGee.flac|Me And Bobby McGee
Z:\Grateful Dead\# Dave's Picks #\21 - 1973-04-02 [Boston Garden, Boston, MA]\212 Weather Report Suite- Prelude.flac|Weather Report Suite- Prelude
Z:\Grateful Dead\# Dave's Picks #\21 - 1973-04-02 [Boston Garden, Boston, MA]\213 Eyes Of The World.flac|Eyes Of The World
Z:\Grateful Dead\# Dave's Picks #\21 - 1973-04-02 [Boston Garden, Boston, MA]\214 China Doll.flac|China Doll
Z:\Grateful Dead\# Dave's Picks #\21 - 1973-04-02 [Boston Garden, Boston, MA]\215 Sugar Magnolia.flac|Sugar Magnolia
Z:\Grateful Dead\# Dave's Picks #\21 - 1973-04-02 [Boston Garden, Boston, MA]\216 Casey Jones.flac|Casey Jones
Z:\Grateful Dead\# Dave's Picks #\21 - 1973-04-02 [Boston Garden, Boston, MA]\217 Johnny B. Goode.flac|Johnny B. Goode
Z:\Grateful Dead\# Dave's Picks #\21 - 1973-04-02 [Boston Garden, Boston, MA]\218 And We Bid You Goodnight.flac|And We Bid You Goodnight
Z:\Grateful Dead\# Dave's Picks #\22 - 1971-12-06 [Felt Forum, New York, NY] %I II (2017 Bonus Disc)\101 Truckin'.flac|Truckin'
Z:\Grateful Dead\# Dave's Picks #\22 - 1971-12-06 [Felt Forum, New York, NY] %I II (2017 Bonus Disc)\102 Loser.flac|Loser
Z:\Grateful Dead\# Dave's Picks #\22 - 1971-12-06 [Felt Forum, New York, NY] %I II (2017 Bonus Disc)\103 Mr. Charlie.flac|Mr. Charlie
Z:\Grateful Dead\# Dave's Picks #\22 - 1971-12-06 [Felt Forum, New York, NY] %I II (2017 Bonus Disc)\104 Jack Straw.flac|Jack Straw
Z:\Grateful Dead\# Dave's Picks #\22 - 1971-12-06 [Felt Forum, New York, NY] %I II (2017 Bonus Disc)\105 China Cat Sunflower.flac|China Cat Sunflower
Z:\Grateful Dead\# Dave's Picks #\22 - 1971-12-06 [Felt Forum, New York, NY] %I II (2017 Bonus Disc)\106 I Know You Rider.flac|I Know You Rider
Z:\Grateful Dead\# Dave's Picks #\22 - 1971-12-06 [Felt Forum, New York, NY] %I II (2017 Bonus Disc)\109 Tennessee Jed.flac|Tennessee Jed
Z:\Grateful Dead\# Dave's Picks #\22 - 1971-12-06 [Felt Forum, New York, NY] %I II (2017 Bonus Disc)\110 Mexicali Blues.flac|Mexicali Blues
Z:\Grateful Dead\# Dave's Picks #\22 - 1971-12-06 [Felt Forum, New York, NY] %I II (2017 Bonus Disc)\111 Black Peter.flac|Black Peter
Z:\Grateful Dead\# Dave's Picks #\22 - 1971-12-06 [Felt Forum, New York, NY] %I II (2017 Bonus Disc)\112 Casey Jones.flac|Casey Jones
Z:\Grateful Dead\# Dave's Picks #\22 - 1971-12-06 [Felt Forum, New York, NY] %I II (2017 Bonus Disc)\201 Big Railroad Blues.flac|Big Railroad Blues
Z:\Grateful Dead\# Dave's Picks #\22 - 1971-12-06 [Felt Forum, New York, NY] %I II (2017 Bonus Disc)\202 Me & My Uncle.flac|Me & My Uncle
Z:\Grateful Dead\# Dave's Picks #\22 - 1971-12-06 [Felt Forum, New York, NY] %I II (2017 Bonus Disc)\203 Ramble On Rose.flac|Ramble On Rose
Z:\Grateful Dead\# Dave's Picks #\22 - 1971-12-06 [Felt Forum, New York, NY] %I II (2017 Bonus Disc)\204 Playing In The Band.flac|Playing In The Band
Z:\Grateful Dead\# Dave's Picks #\22 - 1971-12-06 [Felt Forum, New York, NY] %I II (2017 Bonus Disc)\205 Cryptical Envelopment.flac|Cryptical Envelopment
Z:\Grateful Dead\# Dave's Picks #\22 - 1971-12-06 [Felt Forum, New York, NY] %I II (2017 Bonus Disc)\206 Drums.flac|Drums
Z:\Grateful Dead\# Dave's Picks #\22 - 1971-12-06 [Felt Forum, New York, NY] %I II (2017 Bonus Disc)\207 The Other One.flac|The Other One
Z:\Grateful Dead\# Dave's Picks #\22 - 1971-12-06 [Felt Forum, New York, NY] %I II (2017 Bonus Disc)\208 Me & Bobby McGee.flac|Me & Bobby Mcgee
Z:\Grateful Dead\# Dave's Picks #\22 - 1971-12-06 [Felt Forum, New York, NY] %I II (2017 Bonus Disc)\209 The Other One.flac|The Other One
Z:\Grateful Dead\# Dave's Picks #\22 - 1971-12-06 [Felt Forum, New York, NY] %I II (2017 Bonus Disc)\210 Wharf Rat.flac|Wharf Rat
Z:\Grateful Dead\# Dave's Picks #\22 - 1971-12-06 [Felt Forum, New York, NY] %I II (2017 Bonus Disc)\211 One More Saturday Night.flac|One More Saturday Night
Z:\Grateful Dead\# Dave's Picks #\22 - 1971-12-06 [Felt Forum, New York, NY] %I II (2017 Bonus Disc)\212 Uncle John's Band.flac|Uncle John's Band
Z:\Grateful Dead\# Dave's Picks #\22 - 1971-12-07 [Felt Forum, New York, NY]\101 Cold Rain & Snow.flac|Cold Rain & Snow
Z:\Grateful Dead\# Dave's Picks #\22 - 1971-12-07 [Felt Forum, New York, NY]\102 Beat It On Down The Line.flac|Beat It On Down The Line
Z:\Grateful Dead\# Dave's Picks #\22 - 1971-12-07 [Felt Forum, New York, NY]\103 Mr. Charlie.flac|Mr. Charlie
Z:\Grateful Dead\# Dave's Picks #\22 - 1971-12-07 [Felt Forum, New York, NY]\104 Sugaree.flac|Sugaree
Z:\Grateful Dead\# Dave's Picks #\22 - 1971-12-07 [Felt Forum, New York, NY]\105 Jack Straw.flac|Jack Straw
Z:\Grateful Dead\# Dave's Picks #\22 - 1971-12-07 [Felt Forum, New York, NY]\106 Next Time You See Me.flac|Next Time You See Me
Z:\Grateful Dead\# Dave's Picks #\22 - 1971-12-07 [Felt Forum, New York, NY]\107 Tennessee Jed.flac|Tennessee Jed
Z:\Grateful Dead\# Dave's Picks #\22 - 1971-12-07 [Felt Forum, New York, NY]\108 El Paso.flac|El Paso
Z:\Grateful Dead\# Dave's Picks #\22 - 1971-12-07 [Felt Forum, New York, NY]\109 Brokedown Palace.flac|Brokedown Palace
Z:\Grateful Dead\# Dave's Picks #\22 - 1971-12-07 [Felt Forum, New York, NY]\110 Run Rudolph Run.flac|Run Rudolph Run
Z:\Grateful Dead\# Dave's Picks #\22 - 1971-12-07 [Felt Forum, New York, NY]\111 You Win Again.flac|You Win Again
Z:\Grateful Dead\# Dave's Picks #\22 - 1971-12-07 [Felt Forum, New York, NY]\112 Cumberland Blues.flac|Cumberland Blues
Z:\Grateful Dead\# Dave's Picks #\22 - 1971-12-07 [Felt Forum, New York, NY]\113 Casey Jones.flac|Casey Jones
Z:\Grateful Dead\# Dave's Picks #\22 - 1971-12-07 [Felt Forum, New York, NY]\201 Sugar Magnolia.flac|Sugar Magnolia
Z:\Grateful Dead\# Dave's Picks #\22 - 1971-12-07 [Felt Forum, New York, NY]\202 Ramble On Rose.flac|Ramble On Rose
Z:\Grateful Dead\# Dave's Picks #\22 - 1971-12-07 [Felt Forum, New York, NY]\203 Big Boss Man.flac|Big Boss Man
Z:\Grateful Dead\# Dave's Picks #\22 - 1971-12-07 [Felt Forum, New York, NY]\204 Mexicali Blues.flac|Mexicali Blues
Z:\Grateful Dead\# Dave's Picks #\22 - 1971-12-07 [Felt Forum, New York, NY]\205 Brown-Eyed Women.flac|Brown-Eyed Women
Z:\Grateful Dead\# Dave's Picks #\22 - 1971-12-07 [Felt Forum, New York, NY]\206 Me & My Uncle.flac|Me & My Uncle
Z:\Grateful Dead\# Dave's Picks #\22 - 1971-12-07 [Felt Forum, New York, NY]\207 Smokestack Lightning.flac|Smokestack Lightning
Z:\Grateful Dead\# Dave's Picks #\22 - 1971-12-07 [Felt Forum, New York, NY]\208 Deal.flac|Deal
Z:\Grateful Dead\# Dave's Picks #\22 - 1971-12-07 [Felt Forum, New York, NY]\209 Truckin'.flac|Truckin'
Z:\Grateful Dead\# Dave's Picks #\22 - 1971-12-07 [Felt Forum, New York, NY]\210 Not Fade Away.flac|Not Fade Away
Z:\Grateful Dead\# Dave's Picks #\22 - 1971-12-07 [Felt Forum, New York, NY]\211 Goin' Down The Road Feeling Bad.flac|Goin' Down The Road Feeling Bad
Z:\Grateful Dead\# Dave's Picks #\22 - 1971-12-07 [Felt Forum, New York, NY]\212 Not Fade Away.flac|Not Fade Away
Z:\Grateful Dead\# Dave's Picks #\22 - 1971-12-07 [Felt Forum, New York, NY]\213 One More Saturday Night.flac|One More Saturday Night
Z:\Grateful Dead\# Dave's Picks #\23 - 1978-01-22 [McArthur Court, Eugene, OR]\01 New Minglewood Blues.flac|New Minglewood Blues
Z:\Grateful Dead\# Dave's Picks #\23 - 1978-01-22 [McArthur Court, Eugene, OR]\02 Dire Wolf.flac|Dire Wolf
Z:\Grateful Dead\# Dave's Picks #\23 - 1978-01-22 [McArthur Court, Eugene, OR]\03 Cassidy.flac|Cassidy
Z:\Grateful Dead\# Dave's Picks #\23 - 1978-01-22 [McArthur Court, Eugene, OR]\04 Peggy O.flac|Peggy O
Z:\Grateful Dead\# Dave's Picks #\23 - 1978-01-22 [McArthur Court, Eugene, OR]\05 El Paso.flac|El Paso
Z:\Grateful Dead\# Dave's Picks #\23 - 1978-01-22 [McArthur Court, Eugene, OR]\06 Tennessee Jed.flac|Tennessee Jed
Z:\Grateful Dead\# Dave's Picks #\23 - 1978-01-22 [McArthur Court, Eugene, OR]\07 Jack Straw.flac|Jack Straw
Z:\Grateful Dead\# Dave's Picks #\23 - 1978-01-22 [McArthur Court, Eugene, OR]\08 Row Jimmy.flac|Row Jimmy
Z:\Grateful Dead\# Dave's Picks #\23 - 1978-01-22 [McArthur Court, Eugene, OR]\09 The Music Never Stopped.flac|The Music Never Stopped
Z:\Grateful Dead\# Dave's Picks #\23 - 1978-01-22 [McArthur Court, Eugene, OR]\10 Bertha.flac|Bertha >
Z:\Grateful Dead\# Dave's Picks #\23 - 1978-01-22 [McArthur Court, Eugene, OR]\11 Good Lovin'.flac|Good Lovin'
Z:\Grateful Dead\# Dave's Picks #\23 - 1978-01-22 [McArthur Court, Eugene, OR]\12 Ship of Fools.flac|Ship of Fools
Z:\Grateful Dead\# Dave's Picks #\23 - 1978-01-22 [McArthur Court, Eugene, OR]\13 Samson and Delilah.flac|Samson and Delilah
Z:\Grateful Dead\# Dave's Picks #\23 - 1978-01-22 [McArthur Court, Eugene, OR]\14 Terrapin Station.flac|Terrapin Station >
Z:\Grateful Dead\# Dave's Picks #\23 - 1978-01-22 [McArthur Court, Eugene, OR]\15 Drums.flac|Drums >
Z:\Grateful Dead\# Dave's Picks #\23 - 1978-01-22 [McArthur Court, Eugene, OR]\16 The Other One.flac|The Other One >
Z:\Grateful Dead\# Dave's Picks #\23 - 1978-01-22 [McArthur Court, Eugene, OR]\17 Space.flac|Space >
Z:\Grateful Dead\# Dave's Picks #\23 - 1978-01-22 [McArthur Court, Eugene, OR]\18 St. Stephen.flac|St. Stephen >
Z:\Grateful Dead\# Dave's Picks #\23 - 1978-01-22 [McArthur Court, Eugene, OR]\19 Not Fade Away.flac|Not Fade Away >
Z:\Grateful Dead\# Dave's Picks #\23 - 1978-01-22 [McArthur Court, Eugene, OR]\20 Around and Around.flac|Around and Around
Z:\Grateful Dead\# Dave's Picks #\23 - 1978-01-22 [McArthur Court, Eugene, OR]\21 U.S. Blues.flac|U.S. Blues
Z:\Grateful Dead\# Dave's Picks #\24 - 1972-08-25 [Berkeley Community Theatre, Berkeley, CA]\101 Cold Rain And Snow.flac|Cold Rain And Snow
Z:\Grateful Dead\# Dave's Picks #\24 - 1972-08-25 [Berkeley Community Theatre, Berkeley, CA]\102 Black Throated Wind.flac|Black Throated Wind
Z:\Grateful Dead\# Dave's Picks #\24 - 1972-08-25 [Berkeley Community Theatre, Berkeley, CA]\103 He's Gone.flac|He's Gone
Z:\Grateful Dead\# Dave's Picks #\24 - 1972-08-25 [Berkeley Community Theatre, Berkeley, CA]\104 Beat It On Down The Line.flac|Beat It On Down The Line
Z:\Grateful Dead\# Dave's Picks #\24 - 1972-08-25 [Berkeley Community Theatre, Berkeley, CA]\105 Loser.flac|Loser
Z:\Grateful Dead\# Dave's Picks #\24 - 1972-08-25 [Berkeley Community Theatre, Berkeley, CA]\106 El Paso.flac|El Paso
Z:\Grateful Dead\# Dave's Picks #\24 - 1972-08-25 [Berkeley Community Theatre, Berkeley, CA]\107 Black Peter.flac|Black Peter
Z:\Grateful Dead\# Dave's Picks #\24 - 1972-08-25 [Berkeley Community Theatre, Berkeley, CA]\108 Jack Straw.flac|Jack Straw
Z:\Grateful Dead\# Dave's Picks #\24 - 1972-08-25 [Berkeley Community Theatre, Berkeley, CA]\109 Friend Of The Devil.flac|Friend Of The Devil
Z:\Grateful Dead\# Dave's Picks #\24 - 1972-08-25 [Berkeley Community Theatre, Berkeley, CA]\110 Promised Land.flac|Promised Land
Z:\Grateful Dead\# Dave's Picks #\24 - 1972-08-25 [Berkeley Community Theatre, Berkeley, CA]\111 Bird Song.flac|Bird Song
Z:\Grateful Dead\# Dave's Picks #\24 - 1972-08-25 [Berkeley Community Theatre, Berkeley, CA]\112 Playing In The Band.flac|Playing In The Band
Z:\Grateful Dead\# Dave's Picks #\24 - 1972-08-25 [Berkeley Community Theatre, Berkeley, CA]\113 Bertha.flac|Bertha
Z:\Grateful Dead\# Dave's Picks #\24 - 1972-08-25 [Berkeley Community Theatre, Berkeley, CA]\201 Truckin.flac|Truckin
Z:\Grateful Dead\# Dave's Picks #\24 - 1972-08-25 [Berkeley Community Theatre, Berkeley, CA]\202 The Other One.flac|The Other One
Z:\Grateful Dead\# Dave's Picks #\24 - 1972-08-25 [Berkeley Community Theatre, Berkeley, CA]\203 Stella Blue.flac|Stella Blue
Z:\Grateful Dead\# Dave's Picks #\24 - 1972-08-25 [Berkeley Community Theatre, Berkeley, CA]\204 One More Saturday Night.flac|One More Saturday Night
Z:\Grateful Dead\# Dave's Picks #\24 - 1972-08-25 [Berkeley Community Theatre, Berkeley, CA]\205 Sugar Magnolia.flac|Sugar Magnolia
Z:\Grateful Dead\# Dave's Picks #\25 - 1977-11-06 [Broome County Veterans Memorial Arena, Binghamton, NY]\101 Mississippi Half-Step Uptown Toodleoo.flac|Mississippi Half-Step Uptown Toodleoo
Z:\Grateful Dead\# Dave's Picks #\25 - 1977-11-06 [Broome County Veterans Memorial Arena, Binghamton, NY]\102 Jack Straw.flac|Jack Straw
Z:\Grateful Dead\# Dave's Picks #\25 - 1977-11-06 [Broome County Veterans Memorial Arena, Binghamton, NY]\103 Tennessee Jed.flac|Tennessee Jed
Z:\Grateful Dead\# Dave's Picks #\25 - 1977-11-06 [Broome County Veterans Memorial Arena, Binghamton, NY]\104 Mexicali Blues_.flac|Mexicali Blues
Z:\Grateful Dead\# Dave's Picks #\25 - 1977-11-06 [Broome County Veterans Memorial Arena, Binghamton, NY]\105 Me and My Uncle.flac|Me and My Uncle
Z:\Grateful Dead\# Dave's Picks #\25 - 1977-11-06 [Broome County Veterans Memorial Arena, Binghamton, NY]\106 Friend Of The Devil.flac|Friend Of The Devil
Z:\Grateful Dead\# Dave's Picks #\25 - 1977-11-06 [Broome County Veterans Memorial Arena, Binghamton, NY]\107 New Minglewood Blues.flac|New Minglewood Blues
Z:\Grateful Dead\# Dave's Picks #\25 - 1977-11-06 [Broome County Veterans Memorial Arena, Binghamton, NY]\108 Dupree's Diamond Blues.flac|Dupree's Diamond Blues
Z:\Grateful Dead\# Dave's Picks #\25 - 1977-11-06 [Broome County Veterans Memorial Arena, Binghamton, NY]\109 Passenger.flac|Passenger
Z:\Grateful Dead\# Dave's Picks #\25 - 1977-11-06 [Broome County Veterans Memorial Arena, Binghamton, NY]\110 Dire Wolf.flac|Dire Wolf
Z:\Grateful Dead\# Dave's Picks #\25 - 1977-11-06 [Broome County Veterans Memorial Arena, Binghamton, NY]\111 The Music Never Stopped.flac|The Music Never Stopped
Z:\Grateful Dead\# Dave's Picks #\25 - 1977-11-06 [Broome County Veterans Memorial Arena, Binghamton, NY]\201 Samson And Delilah.flac|Samson And Delilah
Z:\Grateful Dead\# Dave's Picks #\25 - 1977-11-06 [Broome County Veterans Memorial Arena, Binghamton, NY]\202 Sunrise.flac|Sunrise
Z:\Grateful Dead\# Dave's Picks #\25 - 1977-11-06 [Broome County Veterans Memorial Arena, Binghamton, NY]\203 Scarlet Begonias_.flac|Scarlet Begonias
Z:\Grateful Dead\# Dave's Picks #\25 - 1977-11-06 [Broome County Veterans Memorial Arena, Binghamton, NY]\204 Fire On The Mountain_.flac|Fire On The Mountain
Z:\Grateful Dead\# Dave's Picks #\25 - 1977-11-06 [Broome County Veterans Memorial Arena, Binghamton, NY]\205 Good Lovin'.flac|Good Lovin'
Z:\Grateful Dead\# Dave's Picks #\25 - 1977-11-06 [Broome County Veterans Memorial Arena, Binghamton, NY]\206 St. Stephen_.flac|St. Stephen
Z:\Grateful Dead\# Dave's Picks #\25 - 1977-11-06 [Broome County Veterans Memorial Arena, Binghamton, NY]\207 Drums_.flac|Drums
Z:\Grateful Dead\# Dave's Picks #\25 - 1977-11-06 [Broome County Veterans Memorial Arena, Binghamton, NY]\208 Not Fade Away_.flac|Not Fade Away
Z:\Grateful Dead\# Dave's Picks #\25 - 1977-11-06 [Broome County Veterans Memorial Arena, Binghamton, NY]\209 Wharf Rat_.flac|Wharf Rat
Z:\Grateful Dead\# Dave's Picks #\25 - 1977-11-06 [Broome County Veterans Memorial Arena, Binghamton, NY]\210 St. Stephen_.flac|St. Stephen
Z:\Grateful Dead\# Dave's Picks #\25 - 1977-11-06 [Broome County Veterans Memorial Arena, Binghamton, NY]\211 Truckin'.flac|Truckin'
Z:\Grateful Dead\# Dave's Picks #\25 - 1977-11-06 [Broome County Veterans Memorial Arena, Binghamton, NY]\212 Johnny B. Goode.flac|Johnny B. Goode
Z:\Grateful Dead\# Dave's Picks #\26 - 1971-11-17 [Albuquerque Civic Auditorium, Albuquerque, NM]\101 Truckin'.flac|Truckin'
Z:\Grateful Dead\# Dave's Picks #\26 - 1971-11-17 [Albuquerque Civic Auditorium, Albuquerque, NM]\102 Sugaree.flac|Sugaree
Z:\Grateful Dead\# Dave's Picks #\26 - 1971-11-17 [Albuquerque Civic Auditorium, Albuquerque, NM]\103 Beat It On Down The Line.flac|Beat It On Down The Line
Z:\Grateful Dead\# Dave's Picks #\26 - 1971-11-17 [Albuquerque Civic Auditorium, Albuquerque, NM]\104 Tennessee Jed.flac|Tennessee Jed
Z:\Grateful Dead\# Dave's Picks #\26 - 1971-11-17 [Albuquerque Civic Auditorium, Albuquerque, NM]\105 El Paso.flac|El Paso
Z:\Grateful Dead\# Dave's Picks #\26 - 1971-11-17 [Albuquerque Civic Auditorium, Albuquerque, NM]\106 Big Railroad Blues.flac|Big Railroad Blues
Z:\Grateful Dead\# Dave's Picks #\26 - 1971-11-17 [Albuquerque Civic Auditorium, Albuquerque, NM]\107 Jack Straw.flac|Jack Straw
Z:\Grateful Dead\# Dave's Picks #\26 - 1971-11-17 [Albuquerque Civic Auditorium, Albuquerque, NM]\108 Deal.flac|Deal
Z:\Grateful Dead\# Dave's Picks #\26 - 1971-11-17 [Albuquerque Civic Auditorium, Albuquerque, NM]\109 Playing In The Band.flac|Playing In The Band
Z:\Grateful Dead\# Dave's Picks #\26 - 1971-11-17 [Albuquerque Civic Auditorium, Albuquerque, NM]\110 Cumberland Blues.flac|Cumberland Blues
Z:\Grateful Dead\# Dave's Picks #\26 - 1971-11-17 [Albuquerque Civic Auditorium, Albuquerque, NM]\111 Me And Bobby McGee.flac|Me And Bobby McGee
Z:\Grateful Dead\# Dave's Picks #\26 - 1971-11-17 [Albuquerque Civic Auditorium, Albuquerque, NM]\112 You Win Again.flac|You Win Again
Z:\Grateful Dead\# Dave's Picks #\26 - 1971-11-17 [Albuquerque Civic Auditorium, Albuquerque, NM]\113 Mexicali Blues.flac|Mexicali Blues
Z:\Grateful Dead\# Dave's Picks #\26 - 1971-11-17 [Albuquerque Civic Auditorium, Albuquerque, NM]\114 Casey Jones.flac|Casey Jones
Z:\Grateful Dead\# Dave's Picks #\26 - 1971-11-17 [Albuquerque Civic Auditorium, Albuquerque, NM]\115 One More Saturday Night.flac|One More Saturday Night
Z:\Grateful Dead\# Dave's Picks #\26 - 1971-11-17 [Albuquerque Civic Auditorium, Albuquerque, NM]\201 Sugar Magnolia.flac|Sugar Magnolia
Z:\Grateful Dead\# Dave's Picks #\26 - 1971-11-17 [Albuquerque Civic Auditorium, Albuquerque, NM]\202 Cryptical Envelopment.flac|Cryptical Envelopment
Z:\Grateful Dead\# Dave's Picks #\26 - 1971-11-17 [Albuquerque Civic Auditorium, Albuquerque, NM]\203 Drums.flac|Drums
Z:\Grateful Dead\# Dave's Picks #\26 - 1971-11-17 [Albuquerque Civic Auditorium, Albuquerque, NM]\204 The Other One.flac|The Other One
Z:\Grateful Dead\# Dave's Picks #\26 - 1971-11-17 [Albuquerque Civic Auditorium, Albuquerque, NM]\205 Me and My Uncle.flac|Me and My Uncle
Z:\Grateful Dead\# Dave's Picks #\26 - 1971-11-17 [Albuquerque Civic Auditorium, Albuquerque, NM]\206 The Other One.flac|The Other One
Z:\Grateful Dead\# Dave's Picks #\26 - 1971-11-17 [Albuquerque Civic Auditorium, Albuquerque, NM]\207 Wharf Rat.flac|Wharf Rat
Z:\Grateful Dead\# Dave's Picks #\26 - 1971-11-17 [Albuquerque Civic Auditorium, Albuquerque, NM]\208 Not Fade Away.flac|Not Fade Away
Z:\Grateful Dead\# Dave's Picks #\26 - 1971-11-17 [Albuquerque Civic Auditorium, Albuquerque, NM]\209 Goin' Down the Road Feeling Bad.flac|Goin' Down the Road Feeling Bad
Z:\Grateful Dead\# Dave's Picks #\26 - 1971-11-17 [Albuquerque Civic Auditorium, Albuquerque, NM]\210 Not Fade Away.flac|Not Fade Away
Z:\Grateful Dead\# Dave's Picks #\26 - 1971-11-17 [Albuquerque Civic Auditorium, Albuquerque, NM]\211 Ramble On Rose.flac|Ramble On Rose
Z:\Grateful Dead\# Dave's Picks #\28 - 1976-06-17 [Capitol Theatre, Passaic, NJ]\101 Cold Rain And Snow.flac|Cold Rain And Snow
Z:\Grateful Dead\# Dave's Picks #\28 - 1976-06-17 [Capitol Theatre, Passaic, NJ]\102 Big River.flac|Big River
Z:\Grateful Dead\# Dave's Picks #\28 - 1976-06-17 [Capitol Theatre, Passaic, NJ]\103 They Loved Each Other.flac|They Loved Each Other
Z:\Grateful Dead\# Dave's Picks #\28 - 1976-06-17 [Capitol Theatre, Passaic, NJ]\104 Cassidy.flac|Cassidy
Z:\Grateful Dead\# Dave's Picks #\28 - 1976-06-17 [Capitol Theatre, Passaic, NJ]\105 Tennessee Jed.flac|Tennessee Jed
Z:\Grateful Dead\# Dave's Picks #\28 - 1976-06-17 [Capitol Theatre, Passaic, NJ]\106 Looks Like Rain.flac|Looks Like Rain
Z:\Grateful Dead\# Dave's Picks #\28 - 1976-06-17 [Capitol Theatre, Passaic, NJ]\107 Row Jimmy.flac|Row Jimmy
Z:\Grateful Dead\# Dave's Picks #\28 - 1976-06-17 [Capitol Theatre, Passaic, NJ]\108 The Music Never Stopped.flac|The Music Never Stopped
Z:\Grateful Dead\# Dave's Picks #\28 - 1976-06-17 [Capitol Theatre, Passaic, NJ]\109 Scarlet Begonias.flac|Scarlet Begonias
Z:\Grateful Dead\# Dave's Picks #\28 - 1976-06-17 [Capitol Theatre, Passaic, NJ]\110 Promised Land.flac|Promised Land
Z:\Grateful Dead\# Dave's Picks #\28 - 1976-06-17 [Capitol Theatre, Passaic, NJ]\201 Help On The Way ].flac|Help On The Way ]
Z:\Grateful Dead\# Dave's Picks #\28 - 1976-06-17 [Capitol Theatre, Passaic, NJ]\202 Slipknot! ].flac|Slipknot! ]
Z:\Grateful Dead\# Dave's Picks #\28 - 1976-06-17 [Capitol Theatre, Passaic, NJ]\203 Franklin's Tower ].flac|Franklin's Tower ]
Z:\Grateful Dead\# Dave's Picks #\28 - 1976-06-17 [Capitol Theatre, Passaic, NJ]\204 Dancing In The Street ].flac|Dancing In The Street ]
Z:\Grateful Dead\# Dave's Picks #\28 - 1976-06-17 [Capitol Theatre, Passaic, NJ]\205 Samson And Delilah.flac|Samson And Delilah
Z:\Grateful Dead\# Dave's Picks #\28 - 1976-06-17 [Capitol Theatre, Passaic, NJ]\206 Ship Of Fools.flac|Ship Of Fools
Z:\Grateful Dead\# Dave's Picks #\28 - 1976-06-17 [Capitol Theatre, Passaic, NJ]\207 Lazy Lightning ].flac|Lazy Lightning ]
Z:\Grateful Dead\# Dave's Picks #\28 - 1976-06-17 [Capitol Theatre, Passaic, NJ]\208 Supplication.flac|Supplication
Z:\Grateful Dead\# Dave's Picks #\28 - 1976-06-17 [Capitol Theatre, Passaic, NJ]\209 Friend Of The Devil.flac|Friend Of The Devil
Z:\Grateful Dead\# Dave's Picks #\28 - 1976-06-17 [Capitol Theatre, Passaic, NJ]\210 Let It Grow ].flac|Let It Grow ]
Z:\Grateful Dead\# Dave's Picks #\28 - 1976-06-17 [Capitol Theatre, Passaic, NJ]\211 Drums ].flac|Drums ]
Z:\Grateful Dead\# Dave's Picks #\28 - 1976-06-17 [Capitol Theatre, Passaic, NJ]\212 Let It Grow ].flac|Let It Grow ]
Z:\Grateful Dead\# Dave's Picks #\28 - 1976-06-17 [Capitol Theatre, Passaic, NJ]\213 Wharf Rat ].flac|Wharf Rat ]
Z:\Grateful Dead\# Dave's Picks #\28 - 1976-06-17 [Capitol Theatre, Passaic, NJ]\214 Around And Around.flac|Around And Around
Z:\Grateful Dead\# Dave's Picks #\28 - 1976-06-17 [Capitol Theatre, Passaic, NJ]\215 Sugaree (6,23,76 Tower Theater).flac|Sugaree (6,23,76 Tower Theater)
Z:\Grateful Dead\# Dave's Picks #\28 - 1976-06-17 [Capitol Theatre, Passaic, NJ]\216 High Time (6,28,76 Auditorium Theatre).flac|High Time (6,28,76 Auditorium Theatre)
Z:\Grateful Dead\# Dave's Picks #\29 - 1977-02-26 [Swing Auditorium, San Bernardino, CA]\101 Terrapin Station.flac|Terrapin Station
Z:\Grateful Dead\# Dave's Picks #\29 - 1977-02-26 [Swing Auditorium, San Bernardino, CA]\102 New Minglewood Blues.flac|New Minglewood Blues
Z:\Grateful Dead\# Dave's Picks #\29 - 1977-02-26 [Swing Auditorium, San Bernardino, CA]\103 They Love Each Other.flac|They Love Each Other
Z:\Grateful Dead\# Dave's Picks #\29 - 1977-02-26 [Swing Auditorium, San Bernardino, CA]\104 Estimated Prophet.flac|Estimated Prophet
Z:\Grateful Dead\# Dave's Picks #\29 - 1977-02-26 [Swing Auditorium, San Bernardino, CA]\105 Sugaree.flac|Sugaree
Z:\Grateful Dead\# Dave's Picks #\29 - 1977-02-26 [Swing Auditorium, San Bernardino, CA]\106 Mama Tried.flac|Mama Tried
Z:\Grateful Dead\# Dave's Picks #\29 - 1977-02-26 [Swing Auditorium, San Bernardino, CA]\107 Deal.flac|Deal
Z:\Grateful Dead\# Dave's Picks #\29 - 1977-02-26 [Swing Auditorium, San Bernardino, CA]\108 Playing In The Band.flac|Playing In The Band
Z:\Grateful Dead\# Dave's Picks #\29 - 1977-02-26 [Swing Auditorium, San Bernardino, CA]\109 The Wheel.flac|The Wheel
Z:\Grateful Dead\# Dave's Picks #\29 - 1977-02-26 [Swing Auditorium, San Bernardino, CA]\110 Playing In The Band.flac|Playing In The Band
Z:\Grateful Dead\# Dave's Picks #\29 - 1977-02-26 [Swing Auditorium, San Bernardino, CA]\201  Samson And Delilah.flac|Samson And Delilah
Z:\Grateful Dead\# Dave's Picks #\29 - 1977-02-26 [Swing Auditorium, San Bernardino, CA]\202 Tennessee Jed.flac|Tennessee Jed
Z:\Grateful Dead\# Dave's Picks #\29 - 1977-02-26 [Swing Auditorium, San Bernardino, CA]\203 The Music Never Stopped.flac|The Music Never Stopped
Z:\Grateful Dead\# Dave's Picks #\29 - 1977-02-26 [Swing Auditorium, San Bernardino, CA]\204 Help On The Way.flac|Help On The Way
Z:\Grateful Dead\# Dave's Picks #\29 - 1977-02-26 [Swing Auditorium, San Bernardino, CA]\205 Slipknot!.flac|Slipknot!
Z:\Grateful Dead\# Dave's Picks #\29 - 1977-02-26 [Swing Auditorium, San Bernardino, CA]\206 Franklin's Tower.flac|Franklin's Tower
Z:\Grateful Dead\# Dave's Picks #\29 - 1977-02-26 [Swing Auditorium, San Bernardino, CA]\207 The Promised Land.flac|The Promised Land
Z:\Grateful Dead\# Dave's Picks #\29 - 1977-02-26 [Swing Auditorium, San Bernardino, CA]\208 Eyes Of The World.flac|Eyes Of The World
Z:\Grateful Dead\# Dave's Picks #\29 - 1977-02-26 [Swing Auditorium, San Bernardino, CA]\209 Dancing In The Street.flac|Dancing In The Street
Z:\Grateful Dead\# Dave's Picks #\29 - 1977-02-26 [Swing Auditorium, San Bernardino, CA]\210 Around & Around.flac|Around & Around
Z:\Grateful Dead\# Dave's Picks #\29 - 1977-02-26 [Swing Auditorium, San Bernardino, CA]\211 U.S. Blues.flac|U.S. Blues
Z:\Grateful Dead\# Dave's Picks #\29 - 1977-02-26 [Swing Auditorium, San Bernardino, CA]\212 Morning Dew.flac|Morning Dew
Z:\Grateful Dead\# Dave's Picks #\29 - 1977-02-26 [Swing Auditorium, San Bernardino, CA]\213 Sugar Magnolia.flac|Sugar Magnolia
Z:\Grateful Dead\# Dave's Picks #\29 - 1977-02-26 [Swing Auditorium, San Bernardino, CA]\214 Johnny B. Goode.flac|Johnny B. Goode
Z:\Grateful Dead\# Dave's Picks #\30 - 1970-01-02 [Fillmore East, New York, NY] Early & Late\101 Mason's Children.flac|Mason's Children
Z:\Grateful Dead\# Dave's Picks #\30 - 1970-01-02 [Fillmore East, New York, NY] Early & Late\102 Casey Jones.flac|Casey Jones
Z:\Grateful Dead\# Dave's Picks #\30 - 1970-01-02 [Fillmore East, New York, NY] Early & Late\103 Black Peter.flac|Black Peter
Z:\Grateful Dead\# Dave's Picks #\30 - 1970-01-02 [Fillmore East, New York, NY] Early & Late\104 Mama Tried.flac|Mama Tried
Z:\Grateful Dead\# Dave's Picks #\30 - 1970-01-02 [Fillmore East, New York, NY] Early & Late\105 Hard To Handle.flac|Hard To Handle
Z:\Grateful Dead\# Dave's Picks #\30 - 1970-01-02 [Fillmore East, New York, NY] Early & Late\106 Cumberland Blues.flac|Cumberland Blues
Z:\Grateful Dead\# Dave's Picks #\30 - 1970-01-02 [Fillmore East, New York, NY] Early & Late\107 That's It For The Other One.flac|That's It For The Other One
Z:\Grateful Dead\# Dave's Picks #\30 - 1970-01-02 [Fillmore East, New York, NY] Early & Late\108 Cosmic Charlie.flac|Cosmic Charlie
Z:\Grateful Dead\# Dave's Picks #\30 - 1970-01-02 [Fillmore East, New York, NY] Early & Late\201 Uncle John's Band.flac|Uncle John's Band
Z:\Grateful Dead\# Dave's Picks #\30 - 1970-01-02 [Fillmore East, New York, NY] Early & Late\202  High Time.flac|High Time
Z:\Grateful Dead\# Dave's Picks #\30 - 1970-01-02 [Fillmore East, New York, NY] Early & Late\203 Dire Wolf.flac|Dire Wolf
Z:\Grateful Dead\# Dave's Picks #\30 - 1970-01-02 [Fillmore East, New York, NY] Early & Late\204 Easy Wind.flac|Easy Wind
Z:\Grateful Dead\# Dave's Picks #\30 - 1970-01-02 [Fillmore East, New York, NY] Early & Late\205 China Cat Sunflower.flac|China Cat Sunflower
Z:\Grateful Dead\# Dave's Picks #\30 - 1970-01-02 [Fillmore East, New York, NY] Early & Late\206 I Know You Rider.flac|I Know You Rider
Z:\Grateful Dead\# Dave's Picks #\30 - 1970-01-02 [Fillmore East, New York, NY] Early & Late\207 Good Lovin'.flac|Good Lovin'
Z:\Grateful Dead\# Dave's Picks #\30 - 1970-01-02 [Fillmore East, New York, NY] Early & Late\208 Me & My Uncle.flac|Me & My Uncle
Z:\Grateful Dead\# Dave's Picks #\30 - 1970-01-02 [Fillmore East, New York, NY] Early & Late\209 Monkey & The Engineer.flac|Monkey & The Engineer
Z:\Grateful Dead\# Dave's Picks #\30 - 1970-01-02 [Fillmore East, New York, NY] Early & Late\210 Morning Dew.flac|Morning Dew
Z:\Grateful Dead\# Dave's Picks #\30 - 1970-01-02 [Fillmore East, New York, NY] Early & Late\211 Big Boss Man.flac|Big Boss Man
Z:\Grateful Dead\# Dave's Picks #\30 - 1970-01-02 [Fillmore East, New York, NY] Early & Late\212 Dancin' In The Streets.flac|Dancin' In The Streets
Z:\Grateful Dead\# Dave's Picks #\30 - 1970-01-02 [Fillmore East, New York, NY] Early & Late\213 St. Stephen.flac|St. Stephen
Z:\Grateful Dead\# Dave's Picks #\30 - 1970-01-02 [Fillmore East, New York, NY] Early & Late\214 In The Midnight Hour.flac|In The Midnight Hour
Z:\Grateful Dead\# Dave's Picks #\30 - 1970-01-02 [Fillmore East, New York, NY] Early & Late\215 Dark Star.flac|Dark Star
Z:\Grateful Dead\# Dave's Picks #\30 - 1970-01-02 [Fillmore East, New York, NY] Early & Late\216 St. Stephen.flac|St. Stephen
Z:\Grateful Dead\# Dave's Picks #\30 - 1970-01-02 [Fillmore East, New York, NY] Early & Late\217 The Eleven.flac|The Eleven
Z:\Grateful Dead\# Dave's Picks #\30 - 1970-01-02 [Fillmore East, New York, NY] Early & Late\218 Turn On Your Lovelight.flac|Turn On Your Lovelight
Z:\Grateful Dead\# Dave's Picks #\30 - 1970-01-03 [Fillmore East, New York, NY] %Early %Late (2019 Bonus Disc)\01 Cold Rain & Snow.flac|Cold Rain & Snow
Z:\Grateful Dead\# Dave's Picks #\30 - 1970-01-03 [Fillmore East, New York, NY] %Early %Late (2019 Bonus Disc)\02 Alligator.flac|Alligator
Z:\Grateful Dead\# Dave's Picks #\30 - 1970-01-03 [Fillmore East, New York, NY] %Early %Late (2019 Bonus Disc)\03 Drums.flac|Drums
Z:\Grateful Dead\# Dave's Picks #\30 - 1970-01-03 [Fillmore East, New York, NY] %Early %Late (2019 Bonus Disc)\04 Alligator.flac|Alligator
Z:\Grateful Dead\# Dave's Picks #\30 - 1970-01-03 [Fillmore East, New York, NY] %Early %Late (2019 Bonus Disc)\05 Feedback.flac|Feedback
Z:\Grateful Dead\# Dave's Picks #\30 - 1970-01-03 [Fillmore East, New York, NY] %Early %Late (2019 Bonus Disc)\06 Casey Jones.flac|Casey Jones
Z:\Grateful Dead\# Dave's Picks #\30 - 1970-01-03 [Fillmore East, New York, NY] %Early %Late (2019 Bonus Disc)\07 Mason's Children.flac|Mason's Children
Z:\Grateful Dead\# Dave's Picks #\30 - 1970-01-03 [Fillmore East, New York, NY] %Early %Late (2019 Bonus Disc)\08 That's It For The Other One.flac|That's It For The Other One
Z:\Grateful Dead\# Dave's Picks #\30 - 1970-01-03 [Fillmore East, New York, NY] %Early %Late (2019 Bonus Disc)\09 Cosmic Charlie.flac|Cosmic Charlie
Z:\Grateful Dead\# Dave's Picks #\30 - 1970-01-03 [Fillmore East, New York, NY] %Early %Late (2019 Bonus Disc)\10 Uncle John's Band.flac|Uncle John's Band
Z:\Grateful Dead\# Dave's Picks #\31 - 1979-12-03 [Uptown Theatre, Chicago, IL]\101 Alabama Getaway.flac|Alabama Getaway
Z:\Grateful Dead\# Dave's Picks #\31 - 1979-12-03 [Uptown Theatre, Chicago, IL]\102 Promised Land.flac|Promised Land
Z:\Grateful Dead\# Dave's Picks #\31 - 1979-12-03 [Uptown Theatre, Chicago, IL]\103 Brown-Eyed Women.flac|Brown-Eyed Women
Z:\Grateful Dead\# Dave's Picks #\31 - 1979-12-03 [Uptown Theatre, Chicago, IL]\104 El Paso.flac|El Paso
Z:\Grateful Dead\# Dave's Picks #\31 - 1979-12-03 [Uptown Theatre, Chicago, IL]\105 Ramble On Rose.flac|Ramble On Rose
Z:\Grateful Dead\# Dave's Picks #\31 - 1979-12-03 [Uptown Theatre, Chicago, IL]\106 It's All Over Now.flac|It's All Over Now
Z:\Grateful Dead\# Dave's Picks #\31 - 1979-12-03 [Uptown Theatre, Chicago, IL]\107 Jack-A-Roe.flac|Jack-A-Roe
Z:\Grateful Dead\# Dave's Picks #\31 - 1979-12-03 [Uptown Theatre, Chicago, IL]\108 Lazy Lightning.flac|Lazy Lightning
Z:\Grateful Dead\# Dave's Picks #\31 - 1979-12-03 [Uptown Theatre, Chicago, IL]\109 Supplication.flac|Supplication
Z:\Grateful Dead\# Dave's Picks #\31 - 1979-12-03 [Uptown Theatre, Chicago, IL]\110 Althea.flac|Althea
Z:\Grateful Dead\# Dave's Picks #\31 - 1979-12-03 [Uptown Theatre, Chicago, IL]\111 The Music Never Stopped.flac|The Music Never Stopped
Z:\Grateful Dead\# Dave's Picks #\31 - 1979-12-03 [Uptown Theatre, Chicago, IL]\201 Scarlet Begonias.flac|Scarlet Begonias
Z:\Grateful Dead\# Dave's Picks #\31 - 1979-12-03 [Uptown Theatre, Chicago, IL]\202 Fire On The Mountain.flac|Fire On The Mountain
Z:\Grateful Dead\# Dave's Picks #\31 - 1979-12-03 [Uptown Theatre, Chicago, IL]\203 Samson And Delilah.flac|Samson And Delilah
Z:\Grateful Dead\# Dave's Picks #\31 - 1979-12-03 [Uptown Theatre, Chicago, IL]\204 Terrapin Station.flac|Terrapin Station
Z:\Grateful Dead\# Dave's Picks #\31 - 1979-12-03 [Uptown Theatre, Chicago, IL]\205 Playing In The Band.flac|Playing In The Band
Z:\Grateful Dead\# Dave's Picks #\31 - 1979-12-03 [Uptown Theatre, Chicago, IL]\206 Drums.flac|Drums
Z:\Grateful Dead\# Dave's Picks #\31 - 1979-12-03 [Uptown Theatre, Chicago, IL]\207 Space.flac|Space
Z:\Grateful Dead\# Dave's Picks #\31 - 1979-12-03 [Uptown Theatre, Chicago, IL]\208 Lost Sailor.flac|Lost Sailor
Z:\Grateful Dead\# Dave's Picks #\31 - 1979-12-03 [Uptown Theatre, Chicago, IL]\209 Saint Of Circumstance.flac|Saint Of Circumstance
Z:\Grateful Dead\# Dave's Picks #\31 - 1979-12-03 [Uptown Theatre, Chicago, IL]\210 Wharf Rat.flac|Wharf Rat
Z:\Grateful Dead\# Dave's Picks #\31 - 1979-12-03 [Uptown Theatre, Chicago, IL]\211 Truckin'.flac|Truckin'
Z:\Grateful Dead\# Dave's Picks #\31 - 1979-12-03 [Uptown Theatre, Chicago, IL]\212 Johnny B. Goode.flac|Johnny B. Goode
Z:\Grateful Dead\# Dave's Picks #\31 - 1979-12-04 [Uptown Theatre, Chicago, IL] (fragment - filler)\204 Estimated Prophet.flac|Estimated Prophet
Z:\Grateful Dead\# Dave's Picks #\31 - 1979-12-04 [Uptown Theatre, Chicago, IL] (fragment - filler)\205 Franklin's Tower.flac|Franklin's Tower
Z:\Grateful Dead\# Dave's Picks #\31 - 1979-12-04 [Uptown Theatre, Chicago, IL] (fragment - filler)\206  Jam.flac|Jam
Z:\Grateful Dead\# Dave's Picks #\32 - 1973-03-24 [The Spectrum, Philadelphia, PA]\101 Bertha.flac|Bertha
Z:\Grateful Dead\# Dave's Picks #\32 - 1973-03-24 [The Spectrum, Philadelphia, PA]\102 Beat It On Down The Line.flac|Beat It On Down The Line
Z:\Grateful Dead\# Dave's Picks #\32 - 1973-03-24 [The Spectrum, Philadelphia, PA]\103 Dont Ease Me In.flac|Dont Ease Me In
Z:\Grateful Dead\# Dave's Picks #\32 - 1973-03-24 [The Spectrum, Philadelphia, PA]\104 The Race Is On.flac|The Race Is On
Z:\Grateful Dead\# Dave's Picks #\32 - 1973-03-24 [The Spectrum, Philadelphia, PA]\105 Cumberland Blues.flac|Cumberland Blues
Z:\Grateful Dead\# Dave's Picks #\32 - 1973-03-24 [The Spectrum, Philadelphia, PA]\106 Box Of Rain.flac|Box Of Rain
Z:\Grateful Dead\# Dave's Picks #\32 - 1973-03-24 [The Spectrum, Philadelphia, PA]\107 Row Jimmy.flac|Row Jimmy
Z:\Grateful Dead\# Dave's Picks #\32 - 1973-03-24 [The Spectrum, Philadelphia, PA]\108 Jack Straw.flac|Jack Straw
Z:\Grateful Dead\# Dave's Picks #\32 - 1973-03-24 [The Spectrum, Philadelphia, PA]\109 They Love Each Other.flac|They Love Each Other
Z:\Grateful Dead\# Dave's Picks #\32 - 1973-03-24 [The Spectrum, Philadelphia, PA]\110 Mexicali Blues.flac|Mexicali Blues
Z:\Grateful Dead\# Dave's Picks #\32 - 1973-03-24 [The Spectrum, Philadelphia, PA]\111 Tennessee Jed.flac|Tennessee Jed
Z:\Grateful Dead\# Dave's Picks #\32 - 1973-03-24 [The Spectrum, Philadelphia, PA]\112 Looks Like Rain.flac|Looks Like Rain
Z:\Grateful Dead\# Dave's Picks #\32 - 1973-03-24 [The Spectrum, Philadelphia, PA]\113 Wave That Flag.flac|Wave That Flag
Z:\Grateful Dead\# Dave's Picks #\32 - 1973-03-24 [The Spectrum, Philadelphia, PA]\201 El Paso.flac|El Paso
Z:\Grateful Dead\# Dave's Picks #\32 - 1973-03-24 [The Spectrum, Philadelphia, PA]\202 Here Comes Sunshine.flac|Here Comes Sunshine
Z:\Grateful Dead\# Dave's Picks #\32 - 1973-03-24 [The Spectrum, Philadelphia, PA]\203 Me And Bobby McGee.flac|Me And Bobby McGee
Z:\Grateful Dead\# Dave's Picks #\32 - 1973-03-24 [The Spectrum, Philadelphia, PA]\204 Loser.flac|Loser
Z:\Grateful Dead\# Dave's Picks #\32 - 1973-03-24 [The Spectrum, Philadelphia, PA]\205 Playing In The Band.flac|Playing In The Band
Z:\Grateful Dead\# Dave's Picks #\32 - 1973-03-24 [The Spectrum, Philadelphia, PA]\206 Promised Land.flac|Promised Land
Z:\Grateful Dead\# Dave's Picks #\32 - 1973-03-24 [The Spectrum, Philadelphia, PA]\207 China Cat Sunflower.flac|China Cat Sunflower
Z:\Grateful Dead\# Dave's Picks #\32 - 1973-03-24 [The Spectrum, Philadelphia, PA]\208 I Know You Rider.flac|I Know You Rider
Z:\Grateful Dead\# Dave's Picks #\32 - 1973-03-24 [The Spectrum, Philadelphia, PA]\209 Big River.flac|Big River
Z:\Grateful Dead\# Dave's Picks #\32 - 1973-03-24 [The Spectrum, Philadelphia, PA]\210 Stella Blue.flac|Stella Blue
Z:\Grateful Dead\# Dave's Picks #\32 - 1973-03-24 [The Spectrum, Philadelphia, PA]\211 Me And My Uncle.flac|Me And My Uncle
Z:\Grateful Dead\# Dave's Picks #\32 - 1973-03-24 [The Spectrum, Philadelphia, PA]\301 He's Gone.flac|He's Gone
Z:\Grateful Dead\# Dave's Picks #\32 - 1973-03-24 [The Spectrum, Philadelphia, PA]\302 Truckin.flac|Truckin
Z:\Grateful Dead\# Dave's Picks #\32 - 1973-03-24 [The Spectrum, Philadelphia, PA]\303 Jam.flac|Jam
Z:\Grateful Dead\# Dave's Picks #\32 - 1973-03-24 [The Spectrum, Philadelphia, PA]\304 Dark Star.flac|Dark Star
Z:\Grateful Dead\# Dave's Picks #\32 - 1973-03-24 [The Spectrum, Philadelphia, PA]\305 Sing Me Back Home.flac|Sing Me Back Home
Z:\Grateful Dead\# Dave's Picks #\32 - 1973-03-24 [The Spectrum, Philadelphia, PA]\306 Sugar Magnolia.flac|Sugar Magnolia
Z:\Grateful Dead\# Dave's Picks #\32 - 1973-03-24 [The Spectrum, Philadelphia, PA]\307 Johnny B Goode.flac|Johnny B Goode
Z:\Grateful Dead\# Dave's Picks #\33 - 1977-10-29 [Evans Field House - Northern Illinois University, DeKalb, IL]\101 Might As Well.flac|Might As Well
Z:\Grateful Dead\# Dave's Picks #\33 - 1977-10-29 [Evans Field House - Northern Illinois University, DeKalb, IL]\102 Jack Straw.flac|Jack Straw
Z:\Grateful Dead\# Dave's Picks #\33 - 1977-10-29 [Evans Field House - Northern Illinois University, DeKalb, IL]\103 Dire Wolf.flac|Dire Wolf
Z:\Grateful Dead\# Dave's Picks #\33 - 1977-10-29 [Evans Field House - Northern Illinois University, DeKalb, IL]\104 Looks Like Rain.flac|Looks Like Rain
Z:\Grateful Dead\# Dave's Picks #\33 - 1977-10-29 [Evans Field House - Northern Illinois University, DeKalb, IL]\105 Loser.flac|Loser
Z:\Grateful Dead\# Dave's Picks #\33 - 1977-10-29 [Evans Field House - Northern Illinois University, DeKalb, IL]\106 El Paso.flac|El Paso
Z:\Grateful Dead\# Dave's Picks #\33 - 1977-10-29 [Evans Field House - Northern Illinois University, DeKalb, IL]\107 Ramble On Rose.flac|Ramble On Rose
Z:\Grateful Dead\# Dave's Picks #\33 - 1977-10-29 [Evans Field House - Northern Illinois University, DeKalb, IL]\108 New Minglewood Blues.flac|New Minglewood Blues
Z:\Grateful Dead\# Dave's Picks #\33 - 1977-10-29 [Evans Field House - Northern Illinois University, DeKalb, IL]\109 It Must Have Been The Roses.flac|It Must Have Been The Roses
Z:\Grateful Dead\# Dave's Picks #\33 - 1977-10-29 [Evans Field House - Northern Illinois University, DeKalb, IL]\110 Let It Grow.flac|Let It Grow
Z:\Grateful Dead\# Dave's Picks #\33 - 1977-10-29 [Evans Field House - Northern Illinois University, DeKalb, IL]\201 Bertha.flac|Bertha
Z:\Grateful Dead\# Dave's Picks #\33 - 1977-10-29 [Evans Field House - Northern Illinois University, DeKalb, IL]\202 Good Lovin'.flac|Good Lovin'
Z:\Grateful Dead\# Dave's Picks #\33 - 1977-10-29 [Evans Field House - Northern Illinois University, DeKalb, IL]\203 Friend Of The Devil.flac|Friend Of The Devil
Z:\Grateful Dead\# Dave's Picks #\33 - 1977-10-29 [Evans Field House - Northern Illinois University, DeKalb, IL]\204 Estimated Prophet.flac|Estimated Prophet
Z:\Grateful Dead\# Dave's Picks #\33 - 1977-10-29 [Evans Field House - Northern Illinois University, DeKalb, IL]\205 Eyes of the World.flac|Eyes of the World
Z:\Grateful Dead\# Dave's Picks #\33 - 1977-10-29 [Evans Field House - Northern Illinois University, DeKalb, IL]\206 Space.flac|Space
Z:\Grateful Dead\# Dave's Picks #\33 - 1977-10-29 [Evans Field House - Northern Illinois University, DeKalb, IL]\207 St. Stephen.flac|St. Stephen
Z:\Grateful Dead\# Dave's Picks #\33 - 1977-10-29 [Evans Field House - Northern Illinois University, DeKalb, IL]\208 Not Fade Away.flac|Not Fade Away
Z:\Grateful Dead\# Dave's Picks #\33 - 1977-10-29 [Evans Field House - Northern Illinois University, DeKalb, IL]\209 Black Peter.flac|Black Peter
Z:\Grateful Dead\# Dave's Picks #\33 - 1977-10-29 [Evans Field House - Northern Illinois University, DeKalb, IL]\210 Sugar Magnolia.flac|Sugar Magnolia
Z:\Grateful Dead\# Dave's Picks #\33 - 1977-10-29 [Evans Field House - Northern Illinois University, DeKalb, IL]\211 One More Saturday Night.flac|One More Saturday Night
Z:\Grateful Dead\# Dave's Picks #\34 - 1974-06-22 [Jai-Alai Fronton, Miami, FL] % (Bonus Disc)\01 Playing In The Band.flac|Playing In The Band
Z:\Grateful Dead\# Dave's Picks #\34 - 1974-06-22 [Jai-Alai Fronton, Miami, FL] % (Bonus Disc)\02 China Cat Sunflower.flac|China Cat Sunflower
Z:\Grateful Dead\# Dave's Picks #\34 - 1974-06-22 [Jai-Alai Fronton, Miami, FL] % (Bonus Disc)\03 I Know You Rider.flac|I Know You Rider
Z:\Grateful Dead\# Dave's Picks #\34 - 1974-06-22 [Jai-Alai Fronton, Miami, FL] % (Bonus Disc)\04 Eyes Of The World.flac|Eyes Of The World
Z:\Grateful Dead\# Dave's Picks #\34 - 1974-06-22 [Jai-Alai Fronton, Miami, FL] % (Bonus Disc)\05 Wharf Rat.flac|Wharf Rat
Z:\Grateful Dead\# Dave's Picks #\34 - 1974-06-22 [Jai-Alai Fronton, Miami, FL] % (Bonus Disc)\06 Sugar Magnolia.flac|Sugar Magnolia
Z:\Grateful Dead\# Dave's Picks #\34 - 1974-06-23 [Jai-Alai Fronton, Miami, FL]\101 Ramble On Rose.flac|Ramble On Rose
Z:\Grateful Dead\# Dave's Picks #\34 - 1974-06-23 [Jai-Alai Fronton, Miami, FL]\102 BlackThroated Wind.flac|BlackThroated Wind
Z:\Grateful Dead\# Dave's Picks #\34 - 1974-06-23 [Jai-Alai Fronton, Miami, FL]\103 Mississippi HalfStep Uptown Toodeloo.flac|Mississippi HalfStep Uptown Toodeloo
Z:\Grateful Dead\# Dave's Picks #\34 - 1974-06-23 [Jai-Alai Fronton, Miami, FL]\104 Beat It On Down The Line.flac|Beat It On Down The Line
Z:\Grateful Dead\# Dave's Picks #\34 - 1974-06-23 [Jai-Alai Fronton, Miami, FL]\105 Row Jimmy.flac|Row Jimmy
Z:\Grateful Dead\# Dave's Picks #\34 - 1974-06-23 [Jai-Alai Fronton, Miami, FL]\106 Jack Straw.flac|Jack Straw
Z:\Grateful Dead\# Dave's Picks #\34 - 1974-06-23 [Jai-Alai Fronton, Miami, FL]\107 Let It Rock.flac|Let It Rock
Z:\Grateful Dead\# Dave's Picks #\34 - 1974-06-23 [Jai-Alai Fronton, Miami, FL]\108 Cumberland Blues.flac|Cumberland Blues
Z:\Grateful Dead\# Dave's Picks #\34 - 1974-06-23 [Jai-Alai Fronton, Miami, FL]\109 El Paso.flac|El Paso
Z:\Grateful Dead\# Dave's Picks #\34 - 1974-06-23 [Jai-Alai Fronton, Miami, FL]\110 To Lay Me Down.flac|To Lay Me Down
Z:\Grateful Dead\# Dave's Picks #\34 - 1974-06-23 [Jai-Alai Fronton, Miami, FL]\201 Weather Report Suite.flac|Weather Report Suite
Z:\Grateful Dead\# Dave's Picks #\34 - 1974-06-23 [Jai-Alai Fronton, Miami, FL]\202 China Doll.flac|China Doll
Z:\Grateful Dead\# Dave's Picks #\34 - 1974-06-23 [Jai-Alai Fronton, Miami, FL]\203 Seastones.flac|Seastones
Z:\Grateful Dead\# Dave's Picks #\34 - 1974-06-23 [Jai-Alai Fronton, Miami, FL]\204 Jam.flac|Jam
Z:\Grateful Dead\# Dave's Picks #\34 - 1974-06-23 [Jai-Alai Fronton, Miami, FL]\205 Ship Of Fools.flac|Ship Of Fools
Z:\Grateful Dead\# Dave's Picks #\34 - 1974-06-23 [Jai-Alai Fronton, Miami, FL]\206 Big River.flac|Big River
Z:\Grateful Dead\# Dave's Picks #\34 - 1974-06-23 [Jai-Alai Fronton, Miami, FL]\207 Black Peter.flac|Black Peter
Z:\Grateful Dead\# Dave's Picks #\34 - 1974-06-23 [Jai-Alai Fronton, Miami, FL]\208 Around And Around.flac|Around And Around
Z:\Grateful Dead\# Dave's Picks #\34 - 1974-06-23 [Jai-Alai Fronton, Miami, FL]\209 Dark Star Jam.flac|Dark Star Jam
Z:\Grateful Dead\# Dave's Picks #\34 - 1974-06-23 [Jai-Alai Fronton, Miami, FL]\210 Spanish Jam.flac|Spanish Jam
Z:\Grateful Dead\# Dave's Picks #\34 - 1974-06-23 [Jai-Alai Fronton, Miami, FL]\211 U.S. Blues.flac|U.S. Blues
Z:\Grateful Dead\# Dave's Picks #\34 - 1974-06-23 [Jai-Alai Fronton, Miami, FL]\212 Uncle John's Band.flac|Uncle John's Band
Z:\Grateful Dead\# Dave's Picks #\34 - 1974-06-23 [Jai-Alai Fronton, Miami, FL]\213 One More Saturday Night.flac|One More Saturday Night
Z:\Grateful Dead\# Dave's Picks #\34 - 1974-06-23 [Jai-Alai Fronton, Miami, FL]\214 Casey Jones.flac|Casey Jones
Z:\Grateful Dead\# Dave's Picks #\35 - 1984-04-20 [Civic Center, Philadelphia, PA]\101 Feel Like A Stranger.flac|Feel Like A Stranger
Z:\Grateful Dead\# Dave's Picks #\35 - 1984-04-20 [Civic Center, Philadelphia, PA]\102 Cold Rain and Snow.flac|Cold Rain and Snow
Z:\Grateful Dead\# Dave's Picks #\35 - 1984-04-20 [Civic Center, Philadelphia, PA]\103 Beat It On Down the Line.flac|Beat It On Down the Line
Z:\Grateful Dead\# Dave's Picks #\35 - 1984-04-20 [Civic Center, Philadelphia, PA]\104 Cumberland Blues.flac|Cumberland Blues
Z:\Grateful Dead\# Dave's Picks #\35 - 1984-04-20 [Civic Center, Philadelphia, PA]\105 Little Red Rooster.flac|Little Red Rooster
Z:\Grateful Dead\# Dave's Picks #\35 - 1984-04-20 [Civic Center, Philadelphia, PA]\106 Brown-Eyed Women.flac|Brown-Eyed Women
Z:\Grateful Dead\# Dave's Picks #\35 - 1984-04-20 [Civic Center, Philadelphia, PA]\107 My Brother Esau.flac|My Brother Esau
Z:\Grateful Dead\# Dave's Picks #\35 - 1984-04-20 [Civic Center, Philadelphia, PA]\108 It Must Have Been the Roses.flac|It Must Have Been the Roses
Z:\Grateful Dead\# Dave's Picks #\35 - 1984-04-20 [Civic Center, Philadelphia, PA]\109 Let It Grow.flac|Let It Grow
Z:\Grateful Dead\# Dave's Picks #\35 - 1984-04-20 [Civic Center, Philadelphia, PA]\201 Scarlet Begonias.flac|Scarlet Begonias
Z:\Grateful Dead\# Dave's Picks #\35 - 1984-04-20 [Civic Center, Philadelphia, PA]\202 Fire on the Mountain.flac|Fire on the Mountain
Z:\Grateful Dead\# Dave's Picks #\35 - 1984-04-20 [Civic Center, Philadelphia, PA]\203 Samson and Delilah.flac|Samson and Delilah
Z:\Grateful Dead\# Dave's Picks #\35 - 1984-04-20 [Civic Center, Philadelphia, PA]\204 Drums.flac|Drums
Z:\Grateful Dead\# Dave's Picks #\35 - 1984-04-20 [Civic Center, Philadelphia, PA]\205 Space.flac|Space
Z:\Grateful Dead\# Dave's Picks #\35 - 1984-04-20 [Civic Center, Philadelphia, PA]\206 The Wheel.flac|The Wheel
Z:\Grateful Dead\# Dave's Picks #\35 - 1984-04-20 [Civic Center, Philadelphia, PA]\207 Wharf Rat.flac|Wharf Rat
Z:\Grateful Dead\# Dave's Picks #\35 - 1984-04-20 [Civic Center, Philadelphia, PA]\208 Sugar Magnolia.flac|Sugar Magnolia
Z:\Grateful Dead\# Dave's Picks #\35 - 1984-04-20 [Civic Center, Philadelphia, PA]\209 Space.flac|Space
Z:\Grateful Dead\# Dave's Picks #\35 - 1984-04-20 [Civic Center, Philadelphia, PA]\210 I Need a Miracle.flac|I Need a Miracle
Z:\Grateful Dead\# Dave's Picks #\35 - 1984-04-20 [Civic Center, Philadelphia, PA]\211 Morning Dew.flac|Morning Dew
Z:\Grateful Dead\# Dave's Picks #\35 - 1984-04-20 [Civic Center, Philadelphia, PA]\212 Around and Around.flac|Around and Around
Z:\Grateful Dead\# Dave's Picks #\35 - 1984-04-20 [Civic Center, Philadelphia, PA]\213 Johnny B. Goode.flac|Johnny B. Goode
Z:\Grateful Dead\# Dave's Picks #\35 - 1984-04-20 [Civic Center, Philadelphia, PA]\214 Keep Your Day Job.flac|Keep Your Day Job
Z:\Grateful Dead\# Dave's Picks #\36 - 1987-03-26 [Hartford Civic Center, Hartford, CT]\101 In The Midnight Hour.flac|In The Midnight Hour
Z:\Grateful Dead\# Dave's Picks #\36 - 1987-03-26 [Hartford Civic Center, Hartford, CT]\102 Cold Rain And Snow.flac|Cold Rain And Snow
Z:\Grateful Dead\# Dave's Picks #\36 - 1987-03-26 [Hartford Civic Center, Hartford, CT]\103 CC Rider.flac|Cc Rider
Z:\Grateful Dead\# Dave's Picks #\36 - 1987-03-26 [Hartford Civic Center, Hartford, CT]\104 Row Jimmy.flac|Row Jimmy
Z:\Grateful Dead\# Dave's Picks #\36 - 1987-03-26 [Hartford Civic Center, Hartford, CT]\105 My Brother Esau.flac|My Brother Esau
Z:\Grateful Dead\# Dave's Picks #\36 - 1987-03-26 [Hartford Civic Center, Hartford, CT]\106 When Push Comes To Shove.flac|When Push Comes To Shove
Z:\Grateful Dead\# Dave's Picks #\36 - 1987-03-26 [Hartford Civic Center, Hartford, CT]\107 Desolation Row.flac|Desolation Row
Z:\Grateful Dead\# Dave's Picks #\36 - 1987-03-26 [Hartford Civic Center, Hartford, CT]\108 Bird Song.flac|Bird Song
Z:\Grateful Dead\# Dave's Picks #\36 - 1987-03-26 [Hartford Civic Center, Hartford, CT]\109 Promised Land.flac|Promised Land
Z:\Grateful Dead\# Dave's Picks #\36 - 1987-03-26 [Hartford Civic Center, Hartford, CT]\201 China Cat Sunflower.flac|China Cat Sunflower
Z:\Grateful Dead\# Dave's Picks #\36 - 1987-03-26 [Hartford Civic Center, Hartford, CT]\202 I Know You Rider.flac|I Know You Rider
Z:\Grateful Dead\# Dave's Picks #\36 - 1987-03-26 [Hartford Civic Center, Hartford, CT]\203 Looks Like Rain.flac|Looks Like Rain
Z:\Grateful Dead\# Dave's Picks #\36 - 1987-03-26 [Hartford Civic Center, Hartford, CT]\204 He's Gone.flac|He's Gone
Z:\Grateful Dead\# Dave's Picks #\36 - 1987-03-26 [Hartford Civic Center, Hartford, CT]\205 Drums.flac|Drums
Z:\Grateful Dead\# Dave's Picks #\36 - 1987-03-26 [Hartford Civic Center, Hartford, CT]\206 Space.flac|Space
Z:\Grateful Dead\# Dave's Picks #\36 - 1987-03-26 [Hartford Civic Center, Hartford, CT]\207 I Need A Miracle.flac|I Need A Miracle
Z:\Grateful Dead\# Dave's Picks #\36 - 1987-03-26 [Hartford Civic Center, Hartford, CT]\208 Black Peter.flac|Black Peter
Z:\Grateful Dead\# Dave's Picks #\36 - 1987-03-26 [Hartford Civic Center, Hartford, CT]\209 Around And Around.flac|Around And Around
Z:\Grateful Dead\# Dave's Picks #\36 - 1987-03-26 [Hartford Civic Center, Hartford, CT]\210 Good Lovin'.flac|Good Lovin'
Z:\Grateful Dead\# Dave's Picks #\36 - 1987-03-26 [Hartford Civic Center, Hartford, CT]\211 The Mighty Quinn (Quinn The Eskimo).flac|The Mighty Quinn (Quinn The Eskimo)
Z:\Grateful Dead\# Dave's Picks #\36 - 1987-03-27 [Hartford Civic Center, Hartford, CT]\101 Alabama Getaway.flac|Alabama Getaway
Z:\Grateful Dead\# Dave's Picks #\36 - 1987-03-27 [Hartford Civic Center, Hartford, CT]\102 Greatest Story Ever Told.flac|Greatest Story Ever Told
Z:\Grateful Dead\# Dave's Picks #\36 - 1987-03-27 [Hartford Civic Center, Hartford, CT]\103 West LA Fadeaway.flac|West La Fadeaway
Z:\Grateful Dead\# Dave's Picks #\36 - 1987-03-27 [Hartford Civic Center, Hartford, CT]\104 Little Red Rooster.flac|Little Red Rooster
Z:\Grateful Dead\# Dave's Picks #\36 - 1987-03-27 [Hartford Civic Center, Hartford, CT]\105 Brown-Eyed Women.flac|Brown-Eyed Women
Z:\Grateful Dead\# Dave's Picks #\36 - 1987-03-27 [Hartford Civic Center, Hartford, CT]\106 Beat It On Down The Line.flac|Beat It On Down The Line
Z:\Grateful Dead\# Dave's Picks #\36 - 1987-03-27 [Hartford Civic Center, Hartford, CT]\107 Tennessee Jed.flac|Tennessee Jed
Z:\Grateful Dead\# Dave's Picks #\36 - 1987-03-27 [Hartford Civic Center, Hartford, CT]\108 The Music Never Stopped.flac|The Music Never Stopped
Z:\Grateful Dead\# Dave's Picks #\36 - 1987-03-27 [Hartford Civic Center, Hartford, CT]\201 Touch Of Grey.flac|Touch Of Grey
Z:\Grateful Dead\# Dave's Picks #\36 - 1987-03-27 [Hartford Civic Center, Hartford, CT]\202 Samson And Delilah.flac|Samson And Delilah
Z:\Grateful Dead\# Dave's Picks #\36 - 1987-03-27 [Hartford Civic Center, Hartford, CT]\203 Cumberland Blues.flac|Cumberland Blues
Z:\Grateful Dead\# Dave's Picks #\36 - 1987-03-27 [Hartford Civic Center, Hartford, CT]\204 Estimated Prophet.flac|Estimated Prophet
Z:\Grateful Dead\# Dave's Picks #\36 - 1987-03-27 [Hartford Civic Center, Hartford, CT]\205 Eyes Of The World.flac|Eyes Of The World
Z:\Grateful Dead\# Dave's Picks #\36 - 1987-03-27 [Hartford Civic Center, Hartford, CT]\206 Drums.flac|Drums
Z:\Grateful Dead\# Dave's Picks #\36 - 1987-03-27 [Hartford Civic Center, Hartford, CT]\207 Space.flac|Space
Z:\Grateful Dead\# Dave's Picks #\36 - 1987-03-27 [Hartford Civic Center, Hartford, CT]\208 Uncle John's Band.flac|Uncle John's Band
Z:\Grateful Dead\# Dave's Picks #\36 - 1987-03-27 [Hartford Civic Center, Hartford, CT]\209 Morning Dew.flac|Morning Dew
Z:\Grateful Dead\# Dave's Picks #\36 - 1987-03-27 [Hartford Civic Center, Hartford, CT]\210 Johnny B Goode.flac|Johnny B Goode
Z:\Grateful Dead\# Dave's Picks #\37 - 1978-04-15 [William & Mary Hall, Williamsburg, VA] (Betty)\101 Mississippi Half-Step Uptown Toodeloo.flac|Mississippi Half-Step Uptown Toodeloo
Z:\Grateful Dead\# Dave's Picks #\37 - 1978-04-15 [William & Mary Hall, Williamsburg, VA] (Betty)\102 Passenger.flac|Passenger
Z:\Grateful Dead\# Dave's Picks #\37 - 1978-04-15 [William & Mary Hall, Williamsburg, VA] (Betty)\103 Friend of the Devil.flac|Friend of the Devil
Z:\Grateful Dead\# Dave's Picks #\37 - 1978-04-15 [William & Mary Hall, Williamsburg, VA] (Betty)\104 El Paso.flac|El Paso
Z:\Grateful Dead\# Dave's Picks #\37 - 1978-04-15 [William & Mary Hall, Williamsburg, VA] (Betty)\105 Brown-Eyed Women.flac|Brown-Eyed Women
Z:\Grateful Dead\# Dave's Picks #\37 - 1978-04-15 [William & Mary Hall, Williamsburg, VA] (Betty)\106 Let It Grow.flac|Let It Grow
Z:\Grateful Dead\# Dave's Picks #\37 - 1978-04-15 [William & Mary Hall, Williamsburg, VA] (Betty)\107 Deal.flac|Deal
Z:\Grateful Dead\# Dave's Picks #\37 - 1978-04-15 [William & Mary Hall, Williamsburg, VA] (Betty)\201 Bertha.flac|Bertha>
Z:\Grateful Dead\# Dave's Picks #\37 - 1978-04-15 [William & Mary Hall, Williamsburg, VA] (Betty)\202 Good Lovin'.flac|Good Lovin'
Z:\Grateful Dead\# Dave's Picks #\37 - 1978-04-15 [William & Mary Hall, Williamsburg, VA] (Betty)\203 Candyman.flac|Candyman
Z:\Grateful Dead\# Dave's Picks #\37 - 1978-04-15 [William & Mary Hall, Williamsburg, VA] (Betty)\204 Sunrise.flac|Sunrise >
Z:\Grateful Dead\# Dave's Picks #\37 - 1978-04-15 [William & Mary Hall, Williamsburg, VA] (Betty)\205 Playing in the Band.flac|Playing in the Band >
Z:\Grateful Dead\# Dave's Picks #\37 - 1978-04-15 [William & Mary Hall, Williamsburg, VA] (Betty)\206 Rhythm Devils.flac|Rhythm Devils >
Z:\Grateful Dead\# Dave's Picks #\37 - 1978-04-15 [William & Mary Hall, Williamsburg, VA] (Betty)\207 Not Fade Away.flac|Not Fade Away >
Z:\Grateful Dead\# Dave's Picks #\37 - 1978-04-15 [William & Mary Hall, Williamsburg, VA] (Betty)\208 Morning Dew.flac|Morning Dew
Z:\Grateful Dead\# Dave's Picks #\37 - 1978-04-15 [William & Mary Hall, Williamsburg, VA] (Betty)\209 Around and Around.flac|Around and Around
Z:\Grateful Dead\# Dave's Picks #\37 - 1978-04-15 [William & Mary Hall, Williamsburg, VA] (Betty)\210 One More Saturday Night.flac|One More Saturday Night
Z:\Grateful Dead\# Dave's Picks #\37 - 1978-04-18 [Civic Arena, Pittsburgh, PA] %\102 Sugaree.flac|Sugaree *
Z:\Grateful Dead\# Dave's Picks #\37 - 1978-04-18 [Civic Arena, Pittsburgh, PA] %\109 Tennessee Jed.flac|Tennessee Jed *
Z:\Grateful Dead\# Dave's Picks #\37 - 1978-04-18 [Civic Arena, Pittsburgh, PA] %\110 Lazy Lightning.flac|Lazy Lightning * >
Z:\Grateful Dead\# Dave's Picks #\37 - 1978-04-18 [Civic Arena, Pittsburgh, PA] %\111 Supplication.flac|Supplication *
Z:\Grateful Dead\# Dave's Picks #\37 - 1978-04-18 [Civic Arena, Pittsburgh, PA] %\201 Scarlet Begonias.flac|Scarlet Begonias * >
Z:\Grateful Dead\# Dave's Picks #\37 - 1978-04-18 [Civic Arena, Pittsburgh, PA] %\202 Dancing in the Street.flac|Dancing in the Street * >
Z:\Grateful Dead\# Dave's Picks #\37 - 1978-04-18 [Civic Arena, Pittsburgh, PA] %\203 Rhythm Devils.flac|Rhythm Devils * >
Z:\Grateful Dead\# Dave's Picks #\37 - 1978-04-18 [Civic Arena, Pittsburgh, PA] %\204 Samson and Delilah.flac|Samson and Delilah *
Z:\Grateful Dead\# Dave's Picks #\37 - 1978-04-18 [Civic Arena, Pittsburgh, PA] %\205 Terrapin Station.flac|Terrapin Station * >
Z:\Grateful Dead\# Dave's Picks #\37 - 1978-04-18 [Civic Arena, Pittsburgh, PA] %\206 Around and Around.flac|Around and Around *
Z:\Grateful Dead\# Dave's Picks #\38 - 1973-09-07 [Nassau Memorial Coliseum, Uniondale, NY] %I %II (Dave's Picks Bonus disc 2021)\01 - Bird Song (1st Set).flac|Bird Song (1st Set)
Z:\Grateful Dead\# Dave's Picks #\38 - 1973-09-07 [Nassau Memorial Coliseum, Uniondale, NY] %I %II (Dave's Picks Bonus disc 2021)\02 - Playing in the Band (1st Set).flac|Playing in the Band (1st Set)
Z:\Grateful Dead\# Dave's Picks #\38 - 1973-09-07 [Nassau Memorial Coliseum, Uniondale, NY] %I %II (Dave's Picks Bonus disc 2021)\03 - Here Comes Sunshine.flac|Here Comes Sunshine
Z:\Grateful Dead\# Dave's Picks #\38 - 1973-09-07 [Nassau Memorial Coliseum, Uniondale, NY] %I %II (Dave's Picks Bonus disc 2021)\04 - Let It Grow.flac|Let It Grow >
Z:\Grateful Dead\# Dave's Picks #\38 - 1973-09-07 [Nassau Memorial Coliseum, Uniondale, NY] %I %II (Dave's Picks Bonus disc 2021)\05 - Stella Blue.flac|Stella Blue
Z:\Grateful Dead\# Dave's Picks #\38 - 1973-09-07 [Nassau Memorial Coliseum, Uniondale, NY] %I %II (Dave's Picks Bonus disc 2021)\06 - Truckin'.flac|Truckin' >
Z:\Grateful Dead\# Dave's Picks #\38 - 1973-09-07 [Nassau Memorial Coliseum, Uniondale, NY] %I %II (Dave's Picks Bonus disc 2021)\07 - Drums.flac|Drums >
Z:\Grateful Dead\# Dave's Picks #\38 - 1973-09-07 [Nassau Memorial Coliseum, Uniondale, NY] %I %II (Dave's Picks Bonus disc 2021)\08 - The Other One Jam.flac|The Other One Jam >
Z:\Grateful Dead\# Dave's Picks #\38 - 1973-09-07 [Nassau Memorial Coliseum, Uniondale, NY] %I %II (Dave's Picks Bonus disc 2021)\09 - Eyes of the World.flac|Eyes of the World >
Z:\Grateful Dead\# Dave's Picks #\38 - 1973-09-07 [Nassau Memorial Coliseum, Uniondale, NY] %I %II (Dave's Picks Bonus disc 2021)\10 - Sugar Magnolia.flac|Sugar Magnolia
Z:\Grateful Dead\# Dave's Picks #\38 - 1973-09-08 [Nassau Memorial Coliseum, Uniondale NY]\101 - Bertha.flac|Bertha
Z:\Grateful Dead\# Dave's Picks #\38 - 1973-09-08 [Nassau Memorial Coliseum, Uniondale NY]\102 - Me & My Uncle.flac|Me & My Uncle
Z:\Grateful Dead\# Dave's Picks #\38 - 1973-09-08 [Nassau Memorial Coliseum, Uniondale NY]\103 - Sugaree.flac|Sugaree
Z:\Grateful Dead\# Dave's Picks #\38 - 1973-09-08 [Nassau Memorial Coliseum, Uniondale NY]\104 - Beat It On Down the Line.flac|Beat It On Down the Line
Z:\Grateful Dead\# Dave's Picks #\38 - 1973-09-08 [Nassau Memorial Coliseum, Uniondale NY]\105 - Tennessee Jed.flac|Tennessee Jed
Z:\Grateful Dead\# Dave's Picks #\38 - 1973-09-08 [Nassau Memorial Coliseum, Uniondale NY]\106 - Looks Like Rain.flac|Looks Like Rain
Z:\Grateful Dead\# Dave's Picks #\38 - 1973-09-08 [Nassau Memorial Coliseum, Uniondale NY]\107 - Brown-Eyed Women.flac|Brown-Eyed Women
Z:\Grateful Dead\# Dave's Picks #\38 - 1973-09-08 [Nassau Memorial Coliseum, Uniondale NY]\108 - Jack Straw.flac|Jack Straw
Z:\Grateful Dead\# Dave's Picks #\38 - 1973-09-08 [Nassau Memorial Coliseum, Uniondale NY]\109 - Row Jimmy.flac|Row Jimmy
Z:\Grateful Dead\# Dave's Picks #\38 - 1973-09-08 [Nassau Memorial Coliseum, Uniondale NY]\110 - Weather Report Suite.flac|Weather Report Suite
Z:\Grateful Dead\# Dave's Picks #\38 - 1973-09-08 [Nassau Memorial Coliseum, Uniondale NY]\201 - Eyes of the World.flac|Eyes of the World>
Z:\Grateful Dead\# Dave's Picks #\38 - 1973-09-08 [Nassau Memorial Coliseum, Uniondale NY]\202 - China Doll.flac|China Doll
Z:\Grateful Dead\# Dave's Picks #\38 - 1973-09-08 [Nassau Memorial Coliseum, Uniondale NY]\203 - Greatest Story Ever Told.flac|Greatest Story Ever Told
Z:\Grateful Dead\# Dave's Picks #\38 - 1973-09-08 [Nassau Memorial Coliseum, Uniondale NY]\204 - Ramble On Rose.flac|Ramble On Rose
Z:\Grateful Dead\# Dave's Picks #\38 - 1973-09-08 [Nassau Memorial Coliseum, Uniondale NY]\205 - Big River.flac|Big River
Z:\Grateful Dead\# Dave's Picks #\38 - 1973-09-08 [Nassau Memorial Coliseum, Uniondale NY]\206 - Let Me Sing Your Blues Away.flac|Let Me Sing Your Blues Away
Z:\Grateful Dead\# Dave's Picks #\38 - 1973-09-08 [Nassau Memorial Coliseum, Uniondale NY]\207 - China Cat Sunflower.flac|China Cat Sunflower>
Z:\Grateful Dead\# Dave's Picks #\38 - 1973-09-08 [Nassau Memorial Coliseum, Uniondale NY]\208 - I Know You Rider.flac|I Know You Rider
Z:\Grateful Dead\# Dave's Picks #\38 - 1973-09-08 [Nassau Memorial Coliseum, Uniondale NY]\209 - El Paso.flac|El Paso
Z:\Grateful Dead\# Dave's Picks #\38 - 1973-09-08 [Nassau Memorial Coliseum, Uniondale NY]\301 - He's Gone.flac|He's Gone >
Z:\Grateful Dead\# Dave's Picks #\38 - 1973-09-08 [Nassau Memorial Coliseum, Uniondale NY]\302 - Truckin'.flac|Truckin' >
Z:\Grateful Dead\# Dave's Picks #\38 - 1973-09-08 [Nassau Memorial Coliseum, Uniondale NY]\303 - Not Fade Away.flac|Not Fade Away >
Z:\Grateful Dead\# Dave's Picks #\38 - 1973-09-08 [Nassau Memorial Coliseum, Uniondale NY]\304 - Goin' Down the Road Feeling Bad.flac|Goin' Down the Road Feeling Bad >
Z:\Grateful Dead\# Dave's Picks #\38 - 1973-09-08 [Nassau Memorial Coliseum, Uniondale NY]\305 - Not Fade Away.flac|Not Fade Away
Z:\Grateful Dead\# Dave's Picks #\38 - 1973-09-08 [Nassau Memorial Coliseum, Uniondale NY]\306 - Stella Blue.flac|Stella Blue >
Z:\Grateful Dead\# Dave's Picks #\38 - 1973-09-08 [Nassau Memorial Coliseum, Uniondale NY]\307 - One More Saturday Night.flac|One More Saturday Night
Z:\Grateful Dead\# Dave's Picks #\39 - 1983-04-26 [The Spectrum, Philadelphia, PA]\101 Shakedown Street.flac|Shakedown Street
Z:\Grateful Dead\# Dave's Picks #\39 - 1983-04-26 [The Spectrum, Philadelphia, PA]\102 New Minglewood Blues.flac|New Minglewood Blues
Z:\Grateful Dead\# Dave's Picks #\39 - 1983-04-26 [The Spectrum, Philadelphia, PA]\103 They Love Each Other.flac|They Love Each Other
Z:\Grateful Dead\# Dave's Picks #\39 - 1983-04-26 [The Spectrum, Philadelphia, PA]\104 Me And My Uncle.flac|Me and My Uncle >
Z:\Grateful Dead\# Dave's Picks #\39 - 1983-04-26 [The Spectrum, Philadelphia, PA]\105 Mexicali Blues.flac|Mexicali Blues
Z:\Grateful Dead\# Dave's Picks #\39 - 1983-04-26 [The Spectrum, Philadelphia, PA]\106 Maybe You Know.flac|Maybe You Know
Z:\Grateful Dead\# Dave's Picks #\39 - 1983-04-26 [The Spectrum, Philadelphia, PA]\107 West L.A. Fadeaway.flac|West L.A. Fadeaway
Z:\Grateful Dead\# Dave's Picks #\39 - 1983-04-26 [The Spectrum, Philadelphia, PA]\108 My Brother Esau.flac|My Brother Esau
Z:\Grateful Dead\# Dave's Picks #\39 - 1983-04-26 [The Spectrum, Philadelphia, PA]\109 It Must Have Been The Roses.flac|It Must Have Been the Roses
Z:\Grateful Dead\# Dave's Picks #\39 - 1983-04-26 [The Spectrum, Philadelphia, PA]\110 Let It Grow.flac|Let It Grow
Z:\Grateful Dead\# Dave's Picks #\39 - 1983-04-26 [The Spectrum, Philadelphia, PA]\201 Help On The Way.flac|Help On the Way >
Z:\Grateful Dead\# Dave's Picks #\39 - 1983-04-26 [The Spectrum, Philadelphia, PA]\202 Slipknot!.flac|Slipknot!
Z:\Grateful Dead\# Dave's Picks #\39 - 1983-04-26 [The Spectrum, Philadelphia, PA]\203 Franklin's Tower.flac|Franklin's Tower
Z:\Grateful Dead\# Dave's Picks #\39 - 1983-04-26 [The Spectrum, Philadelphia, PA]\204 Man Smart, Woman Smarter.flac|Man Smart, Woman Smarter
Z:\Grateful Dead\# Dave's Picks #\39 - 1983-04-26 [The Spectrum, Philadelphia, PA]\205 Drums.flac|Drums
Z:\Grateful Dead\# Dave's Picks #\39 - 1983-04-26 [The Spectrum, Philadelphia, PA]\206 Space.flac|Space
Z:\Grateful Dead\# Dave's Picks #\39 - 1983-04-26 [The Spectrum, Philadelphia, PA]\207 Truckin'.flac|Truckin'
Z:\Grateful Dead\# Dave's Picks #\39 - 1983-04-26 [The Spectrum, Philadelphia, PA]\208 Morning Dew.flac|Morning Dew
Z:\Grateful Dead\# Dave's Picks #\39 - 1983-04-26 [The Spectrum, Philadelphia, PA]\209 Throwing Stones.flac|Throwing Stones
Z:\Grateful Dead\# Dave's Picks #\39 - 1983-04-26 [The Spectrum, Philadelphia, PA]\210 Not Fade Away.flac|Not Fade Away
Z:\Grateful Dead\# Dave's Picks #\39 - 1983-04-26 [The Spectrum, Philadelphia, PA]\211 U.S. Blues.flac|U.S. Blues
Z:\Grateful Dead\# Dave's Picks #\39 - 1983-04-26 [The Spectrum, Philadelphia, PA]\212 Space.flac|Space
Z:\Grateful Dead\# Dave's Picks #\39 - 1983-04-26 [The Spectrum, Philadelphia, PA]\213 The Wheel.flac|The Wheel
Z:\Grateful Dead\# Dave's Picks #\39 - 1983-04-26 [The Spectrum, Philadelphia, PA]\214 Playing In The Band.flac|Playing In The Band
Z:\Grateful Dead\# Dave's Picks #\39 - 1983-04-26 [The Spectrum, Philadelphia, PA]\215 Goin' Down The Road Feelin' Bad.flac|Goin' Down The Road Feelin' Bad
Z:\Grateful Dead\# Dave's Picks #\39 - 1983-04-26 [The Spectrum, Philadelphia, PA]\216 Sugar Magnolia.flac|Sugar Magnolia
Z:\Grateful Dead\# Dave's Picks #\39 - 1983-04-26 [The Spectrum, Philadelphia, PA]\217 (I Can't Get No) Satisfaction.flac|(I Can't Get No) Satisfaction
Z:\Grateful Dead\# Dave's Picks #\39 - 1983-04-26 [The Spectrum, Philadelphia, PA]\218 He's Gone.flac|He's Gone
Z:\Grateful Dead\# Dave's Picks #\39 - 1983-04-26 [The Spectrum, Philadelphia, PA]\219 Little Star.flac|Little Star
Z:\Grateful Dead\# Dave's Picks #\40 - 1990-07-18 [Deer Creek Music Center, Noblesville, IN]\01 Help On The Way.flac|Help On The Way
Z:\Grateful Dead\# Dave's Picks #\40 - 1990-07-18 [Deer Creek Music Center, Noblesville, IN]\02 Slipknot!.flac|Slipknot!
Z:\Grateful Dead\# Dave's Picks #\40 - 1990-07-18 [Deer Creek Music Center, Noblesville, IN]\03 Franklin's Tower.flac|Franklin's Tower
Z:\Grateful Dead\# Dave's Picks #\40 - 1990-07-18 [Deer Creek Music Center, Noblesville, IN]\04 New Minglewood Blues.flac|New Minglewood Blues
Z:\Grateful Dead\# Dave's Picks #\40 - 1990-07-18 [Deer Creek Music Center, Noblesville, IN]\05 Easy To Love You.flac|Easy To Love You
Z:\Grateful Dead\# Dave's Picks #\40 - 1990-07-18 [Deer Creek Music Center, Noblesville, IN]\06 Peggy-O.flac|Peggy-O
Z:\Grateful Dead\# Dave's Picks #\40 - 1990-07-18 [Deer Creek Music Center, Noblesville, IN]\07 When I Paint My Masterpiece.flac|When I Paint My Masterpiece
Z:\Grateful Dead\# Dave's Picks #\40 - 1990-07-18 [Deer Creek Music Center, Noblesville, IN]\08 Brown-Eyed Women.flac|Brown-Eyed Women
Z:\Grateful Dead\# Dave's Picks #\40 - 1990-07-18 [Deer Creek Music Center, Noblesville, IN]\09 Cassidy.flac|Cassidy
Z:\Grateful Dead\# Dave's Picks #\40 - 1990-07-18 [Deer Creek Music Center, Noblesville, IN]\10 Deal.flac|Deal
Z:\Grateful Dead\# Dave's Picks #\40 - 1990-07-18 [Deer Creek Music Center, Noblesville, IN]\11 China Cat Sunflower.flac|China Cat Sunflower
Z:\Grateful Dead\# Dave's Picks #\40 - 1990-07-18 [Deer Creek Music Center, Noblesville, IN]\12 I Know You Rider.flac|I Know You Rider
Z:\Grateful Dead\# Dave's Picks #\40 - 1990-07-18 [Deer Creek Music Center, Noblesville, IN]\13 Looks Like Rain.flac|Looks Like Rain
Z:\Grateful Dead\# Dave's Picks #\40 - 1990-07-18 [Deer Creek Music Center, Noblesville, IN]\14 Terrapin Station.flac|Terrapin Station
Z:\Grateful Dead\# Dave's Picks #\40 - 1990-07-18 [Deer Creek Music Center, Noblesville, IN]\15 Jam.flac|Jam
Z:\Grateful Dead\# Dave's Picks #\40 - 1990-07-18 [Deer Creek Music Center, Noblesville, IN]\16 Drums.flac|Drums
Z:\Grateful Dead\# Dave's Picks #\40 - 1990-07-18 [Deer Creek Music Center, Noblesville, IN]\17 Space.flac|Space
Z:\Grateful Dead\# Dave's Picks #\40 - 1990-07-18 [Deer Creek Music Center, Noblesville, IN]\18 The Other One.flac|The Other One
Z:\Grateful Dead\# Dave's Picks #\40 - 1990-07-18 [Deer Creek Music Center, Noblesville, IN]\19 Morning Dew.flac|Morning Dew
Z:\Grateful Dead\# Dave's Picks #\40 - 1990-07-18 [Deer Creek Music Center, Noblesville, IN]\20 The Weight.flac|The Weight
Z:\Grateful Dead\# Dave's Picks #\40 - 1990-07-19 [Deer Creek Music Center, Noblesville, IN]\01 Jack Straw.flac|Jack Straw
Z:\Grateful Dead\# Dave's Picks #\40 - 1990-07-19 [Deer Creek Music Center, Noblesville, IN]\02 They Love Each Other.flac|They Love Each Other
Z:\Grateful Dead\# Dave's Picks #\40 - 1990-07-19 [Deer Creek Music Center, Noblesville, IN]\03 Desolation Row.flac|Desolation Row
Z:\Grateful Dead\# Dave's Picks #\40 - 1990-07-19 [Deer Creek Music Center, Noblesville, IN]\04 Row Jimmy.flac|Row Jimmy
Z:\Grateful Dead\# Dave's Picks #\40 - 1990-07-19 [Deer Creek Music Center, Noblesville, IN]\05 Picasso Moon.flac|Picasso Moon
Z:\Grateful Dead\# Dave's Picks #\40 - 1990-07-19 [Deer Creek Music Center, Noblesville, IN]\06 Althea.flac|Althea
Z:\Grateful Dead\# Dave's Picks #\40 - 1990-07-19 [Deer Creek Music Center, Noblesville, IN]\07 Promised Land.flac|Promised Land
Z:\Grateful Dead\# Dave's Picks #\40 - 1990-07-19 [Deer Creek Music Center, Noblesville, IN]\08 Victim Or The Crime.flac|Victim Or The Crime
Z:\Grateful Dead\# Dave's Picks #\40 - 1990-07-19 [Deer Creek Music Center, Noblesville, IN]\09 Foolish Heart.flac|Foolish Heart
Z:\Grateful Dead\# Dave's Picks #\40 - 1990-07-19 [Deer Creek Music Center, Noblesville, IN]\10 Playing In The Band.flac|Playing In The Band
Z:\Grateful Dead\# Dave's Picks #\40 - 1990-07-19 [Deer Creek Music Center, Noblesville, IN]\11 China Doll.flac|China Doll
Z:\Grateful Dead\# Dave's Picks #\40 - 1990-07-19 [Deer Creek Music Center, Noblesville, IN]\12 Uncle John's Band.flac|Uncle John's Band
Z:\Grateful Dead\# Dave's Picks #\40 - 1990-07-19 [Deer Creek Music Center, Noblesville, IN]\13 Drums.flac|Drums
Z:\Grateful Dead\# Dave's Picks #\40 - 1990-07-19 [Deer Creek Music Center, Noblesville, IN]\14 Space.flac|Space
Z:\Grateful Dead\# Dave's Picks #\40 - 1990-07-19 [Deer Creek Music Center, Noblesville, IN]\15 All Along The Watchtower.flac|All Along The Watchtower
Z:\Grateful Dead\# Dave's Picks #\40 - 1990-07-19 [Deer Creek Music Center, Noblesville, IN]\16 Black Peter.flac|Black Peter
Z:\Grateful Dead\# Dave's Picks #\40 - 1990-07-19 [Deer Creek Music Center, Noblesville, IN]\17 Not Fade Away.flac|Not Fade Away
Z:\Grateful Dead\# Dave's Picks #\40 - 1990-07-19 [Deer Creek Music Center, Noblesville, IN]\18 U.S. Blues.flac|U.S. Blues
Z:\Grateful Dead\# Dave's Picks #\09 - 1974-05-14 [Adams Field House - Univ. of Montana, Missoula, MT]\101 Bertha.flac|Bertha
Z:\Grateful Dead\# Dave's Picks #\09 - 1974-05-14 [Adams Field House - Univ. of Montana, Missoula, MT]\102 Me And My Uncle.flac|Me And My Uncle
Z:\Grateful Dead\# Dave's Picks #\09 - 1974-05-14 [Adams Field House - Univ. of Montana, Missoula, MT]\103 Loser.flac|Loser
Z:\Grateful Dead\# Dave's Picks #\09 - 1974-05-14 [Adams Field House - Univ. of Montana, Missoula, MT]\104 Black-Throated Wind.flac|Black-Throated Wind
Z:\Grateful Dead\# Dave's Picks #\09 - 1974-05-14 [Adams Field House - Univ. of Montana, Missoula, MT]\105 Scarlet Begonias.flac|Scarlet Begonias
Z:\Grateful Dead\# Dave's Picks #\09 - 1974-05-14 [Adams Field House - Univ. of Montana, Missoula, MT]\106 It Must Have Been The Roses.flac|It Must Have Been The Roses
Z:\Grateful Dead\# Dave's Picks #\09 - 1974-05-14 [Adams Field House - Univ. of Montana, Missoula, MT]\107 Jack Straw.flac|Jack Straw
Z:\Grateful Dead\# Dave's Picks #\09 - 1974-05-14 [Adams Field House - Univ. of Montana, Missoula, MT]\108 Tennessee Jed.flac|Tennessee Jed
Z:\Grateful Dead\# Dave's Picks #\09 - 1974-05-14 [Adams Field House - Univ. of Montana, Missoula, MT]\109 Mexicali Blues.flac|Mexicali Blues
Z:\Grateful Dead\# Dave's Picks #\09 - 1974-05-14 [Adams Field House - Univ. of Montana, Missoula, MT]\110 Deal.flac|Deal
Z:\Grateful Dead\# Dave's Picks #\09 - 1974-05-14 [Adams Field House - Univ. of Montana, Missoula, MT]\111 Big River.flac|Big River
Z:\Grateful Dead\# Dave's Picks #\09 - 1974-05-14 [Adams Field House - Univ. of Montana, Missoula, MT]\112 Brown-Eyed Women.flac|Brown-Eyed Women
Z:\Grateful Dead\# Dave's Picks #\09 - 1974-05-14 [Adams Field House - Univ. of Montana, Missoula, MT]\113 Playing In The Band.flac|Playing In The Band
Z:\Grateful Dead\# Dave's Picks #\09 - 1974-05-14 [Adams Field House - Univ. of Montana, Missoula, MT]\201 U.S. Blues.flac|U.S. Blues
Z:\Grateful Dead\# Dave's Picks #\09 - 1974-05-14 [Adams Field House - Univ. of Montana, Missoula, MT]\202 El Paso.flac|El Paso
Z:\Grateful Dead\# Dave's Picks #\09 - 1974-05-14 [Adams Field House - Univ. of Montana, Missoula, MT]\203 Row Jimmy.flac|Row Jimmy
Z:\Grateful Dead\# Dave's Picks #\09 - 1974-05-14 [Adams Field House - Univ. of Montana, Missoula, MT]\204 Weather Report Suite.flac|Weather Report Suite
Z:\Grateful Dead\# Dave's Picks #\09 - 1974-05-14 [Adams Field House - Univ. of Montana, Missoula, MT]\205 Dark Star.flac|Dark Star
Z:\Grateful Dead\# Dave's Picks #\09 - 1974-05-14 [Adams Field House - Univ. of Montana, Missoula, MT]\206 China Doll.flac|China Doll
Z:\Grateful Dead\# Dave's Picks #\09 - 1974-05-14 [Adams Field House - Univ. of Montana, Missoula, MT]\207 Promised Land.flac|Promised Land
Z:\Grateful Dead\# Dave's Picks #\09 - 1974-05-14 [Adams Field House - Univ. of Montana, Missoula, MT]\208 Not Fade Away.flac|Not Fade Away
Z:\Grateful Dead\# Dave's Picks #\09 - 1974-05-14 [Adams Field House - Univ. of Montana, Missoula, MT]\209 Goin' Down The Road Feeling Bad.flac|Goin' Down The Road Feeling Bad
Z:\Grateful Dead\# Dave's Picks #\09 - 1974-05-14 [Adams Field House - Univ. of Montana, Missoula, MT]\210 One More Saturday Night.flac|One More Saturday Night
Z:\Grateful Dead\# Dave's Picks #\18 - 1976-07-16 [Orpheum Theatre, San Francisco, CA]  II (2016 Bonus Disc)\201 Playing In The Band.flac|Playing In The Band
Z:\Grateful Dead\# Dave's Picks #\18 - 1976-07-16 [Orpheum Theatre, San Francisco, CA]  II (2016 Bonus Disc)\202 Cosmic Charlie.flac|Cosmic Charlie
Z:\Grateful Dead\# Dave's Picks #\18 - 1976-07-16 [Orpheum Theatre, San Francisco, CA]  II (2016 Bonus Disc)\203 Spanish Jam.flac|Spanish Jam
Z:\Grateful Dead\# Dave's Picks #\18 - 1976-07-16 [Orpheum Theatre, San Francisco, CA]  II (2016 Bonus Disc)\204 Drums.flac|Drums
Z:\Grateful Dead\# Dave's Picks #\18 - 1976-07-16 [Orpheum Theatre, San Francisco, CA]  II (2016 Bonus Disc)\205 The Wheel.flac|The Wheel
Z:\Grateful Dead\# Dave's Picks #\18 - 1976-07-16 [Orpheum Theatre, San Francisco, CA]  II (2016 Bonus Disc)\206 Playing In The Band.flac|Playing In The Band
Z:\Grateful Dead\# Dave's Picks #\18 - 1976-07-16 [Orpheum Theatre, San Francisco, CA]  II (2016 Bonus Disc)\207 High Time.flac|High Time
Z:\Grateful Dead\# Dave's Picks #\18 - 1976-07-16 [Orpheum Theatre, San Francisco, CA]  II (2016 Bonus Disc)\208 Sugar Magnolia.flac|Sugar Magnolia
Z:\Grateful Dead\# Dave's Picks #\27 - 1983-09-02 [Boise Pavilion - Boise State University, Boise, ID]\01 - Wang Dang Doodle -».flac|Wang Dang Doodle ->
Z:\Grateful Dead\# Dave's Picks #\27 - 1983-09-02 [Boise Pavilion - Boise State University, Boise, ID]\02 - Jack Straw.flac|Jack Straw
Z:\Grateful Dead\# Dave's Picks #\27 - 1983-09-02 [Boise Pavilion - Boise State University, Boise, ID]\03 - They Love Each Other.flac|They Love Each Other
Z:\Grateful Dead\# Dave's Picks #\27 - 1983-09-02 [Boise Pavilion - Boise State University, Boise, ID]\04 - Mama Tried -».flac|Mama Tried ->
Z:\Grateful Dead\# Dave's Picks #\27 - 1983-09-02 [Boise Pavilion - Boise State University, Boise, ID]\05 - Big River.flac|Big River
Z:\Grateful Dead\# Dave's Picks #\27 - 1983-09-02 [Boise Pavilion - Boise State University, Boise, ID]\06 - Brown-Eyed Women.flac|Brown-Eyed Women
Z:\Grateful Dead\# Dave's Picks #\27 - 1983-09-02 [Boise Pavilion - Boise State University, Boise, ID]\07 - New Minglewood Blues.flac|New Minglewood Blues
Z:\Grateful Dead\# Dave's Picks #\27 - 1983-09-02 [Boise Pavilion - Boise State University, Boise, ID]\08 - Big Railroad Blues.flac|Big Railroad Blues
Z:\Grateful Dead\# Dave's Picks #\27 - 1983-09-02 [Boise Pavilion - Boise State University, Boise, ID]\09 - Looks Like Rain -».flac|Looks Like Rain ->
Z:\Grateful Dead\# Dave's Picks #\27 - 1983-09-02 [Boise Pavilion - Boise State University, Boise, ID]\10 - Deal .flac|Deal
Z:\Grateful Dead\# Dave's Picks #\27 - 1983-09-02 [Boise Pavilion - Boise State University, Boise, ID]\10 - Deal.flac|Deal
Z:\Grateful Dead\# Dave's Picks #\27 - 1983-09-02 [Boise Pavilion - Boise State University, Boise, ID]\11 - Help On The Way -».flac|Help On The Way ->
Z:\Grateful Dead\# Dave's Picks #\27 - 1983-09-02 [Boise Pavilion - Boise State University, Boise, ID]\12 - Slipknot! -».flac|Slipknot! ->
Z:\Grateful Dead\# Dave's Picks #\27 - 1983-09-02 [Boise Pavilion - Boise State University, Boise, ID]\13 - Franklin's Tower.flac|Franklin's Tower
Z:\Grateful Dead\# Dave's Picks #\27 - 1983-09-02 [Boise Pavilion - Boise State University, Boise, ID]\14 - Estimated Prophet -».flac|Estimated Prophet ->
Z:\Grateful Dead\# Dave's Picks #\27 - 1983-09-02 [Boise Pavilion - Boise State University, Boise, ID]\15 - Eyes Of The World -».flac|Eyes Of The World ->
Z:\Grateful Dead\# Dave's Picks #\27 - 1983-09-02 [Boise Pavilion - Boise State University, Boise, ID]\16 - Jam -».flac|Jam ->
Z:\Grateful Dead\# Dave's Picks #\27 - 1983-09-02 [Boise Pavilion - Boise State University, Boise, ID]\17 - Drums -».flac|Drums ->
Z:\Grateful Dead\# Dave's Picks #\27 - 1983-09-02 [Boise Pavilion - Boise State University, Boise, ID]\18 - Space -».flac|Space ->
Z:\Grateful Dead\# Dave's Picks #\27 - 1983-09-02 [Boise Pavilion - Boise State University, Boise, ID]\19 - Throwing Stones -».flac|Throwing Stones ->
Z:\Grateful Dead\# Dave's Picks #\27 - 1983-09-02 [Boise Pavilion - Boise State University, Boise, ID]\20 - Goin' Down The Road Feeling Bad -».flac|Goin' Down The Road Feeling Bad ->
Z:\Grateful Dead\# Dave's Picks #\27 - 1983-09-02 [Boise Pavilion - Boise State University, Boise, ID]\21 - Black Peter -».flac|Black Peter ->
Z:\Grateful Dead\# Dave's Picks #\27 - 1983-09-02 [Boise Pavilion - Boise State University, Boise, ID]\22 - Sugar Magnolia.flac|Sugar Magnolia
Z:\Grateful Dead\# Dave's Picks #\27 - 1983-09-02 [Boise Pavilion - Boise State University, Boise, ID]\23 - It's All Over Now, Baby Blue.flac|It's All Over Now, Baby Blue
Z:\Grateful Dead\# Dave's Picks #\35 - 1984-04-19 [Civic Center, Philadelphia, PA] (filler)\201 China Cat Sunflower.flac|China Cat Sunflower
Z:\Grateful Dead\# Dave's Picks #\35 - 1984-04-19 [Civic Center, Philadelphia, PA] (filler)\202 I Know You Rider.flac|I Know You Rider
Z:\Grateful Dead\# Dave's Picks #\35 - 1984-04-19 [Civic Center, Philadelphia, PA] (filler)\203 Estimated Prophet.flac|Estimated Prophet
Z:\Grateful Dead\# Dave's Picks #\35 - 1984-04-19 [Civic Center, Philadelphia, PA] (filler)\204 Terrapin Station.flac|Terrapin Station
Z:\Grateful Dead\# Dave's Picks #\41 - 1977-05-26 [Baltimore Civic Center, Baltimore, MD]\01 The Music Never Stopped.flac|The Music Never Stopped
Z:\Grateful Dead\# Dave's Picks #\41 - 1977-05-26 [Baltimore Civic Center, Baltimore, MD]\02 Sugaree.flac|Sugaree
Z:\Grateful Dead\# Dave's Picks #\41 - 1977-05-26 [Baltimore Civic Center, Baltimore, MD]\04 Sunrise.flac|Sunrise
Z:\Grateful Dead\# Dave's Picks #\41 - 1977-05-26 [Baltimore Civic Center, Baltimore, MD]\05 Deal.flac|Deal
Z:\Grateful Dead\# Dave's Picks #\41 - 1977-05-26 [Baltimore Civic Center, Baltimore, MD]\06 Passenger.flac|Passenger
Z:\Grateful Dead\# Dave's Picks #\41 - 1977-05-26 [Baltimore Civic Center, Baltimore, MD]\07 Brown-Eyed Women.flac|Brown-Eyed Women
Z:\Grateful Dead\# Dave's Picks #\41 - 1977-05-26 [Baltimore Civic Center, Baltimore, MD]\08 Looks Like Rain.flac|Looks Like Rain
Z:\Grateful Dead\# Dave's Picks #\41 - 1977-05-26 [Baltimore Civic Center, Baltimore, MD]\09 Jack-A-Roe.flac|Jack-A-Roe
Z:\Grateful Dead\# Dave's Picks #\41 - 1977-05-26 [Baltimore Civic Center, Baltimore, MD]\10 New Minglewood Blues.flac|New Minglewood Blues
Z:\Grateful Dead\# Dave's Picks #\41 - 1977-05-26 [Baltimore Civic Center, Baltimore, MD]\11 Bertha.flac|Bertha
Z:\Grateful Dead\# Dave's Picks #\41 - 1977-05-26 [Baltimore Civic Center, Baltimore, MD]\12 Samson And Delilah.flac|Samson And Delilah
Z:\Grateful Dead\# Dave's Picks #\41 - 1977-05-26 [Baltimore Civic Center, Baltimore, MD]\13 High Time.flac|High Time
Z:\Grateful Dead\# Dave's Picks #\41 - 1977-05-26 [Baltimore Civic Center, Baltimore, MD]\14 Big River.flac|Big River
Z:\Grateful Dead\# Dave's Picks #\41 - 1977-05-26 [Baltimore Civic Center, Baltimore, MD]\15 Terrapin Station.flac|Terrapin Station
Z:\Grateful Dead\# Dave's Picks #\41 - 1977-05-26 [Baltimore Civic Center, Baltimore, MD]\16 Estimated Prophet.flac|Estimated Prophet
Z:\Grateful Dead\# Dave's Picks #\41 - 1977-05-26 [Baltimore Civic Center, Baltimore, MD]\17 Eyes Of The World.flac|Eyes Of The World
Z:\Grateful Dead\# Dave's Picks #\41 - 1977-05-26 [Baltimore Civic Center, Baltimore, MD]\18 Not Fade Away.flac|Not Fade Away
Z:\Grateful Dead\# Dave's Picks #\41 - 1977-05-26 [Baltimore Civic Center, Baltimore, MD]\19 Goin' Down The Road Feeling Bad.flac|Goin' Down The Road Feeling Bad
Z:\Grateful Dead\# Dave's Picks #\41 - 1977-05-26 [Baltimore Civic Center, Baltimore, MD]\20 Around And Around.flac|Around And Around
Z:\Grateful Dead\# Dave's Picks #\41 - 1977-05-26 [Baltimore Civic Center, Baltimore, MD]\21 Uncle John's Band.flac|Uncle John's Band
Z:\Grateful Dead\# Dave's Picks #\47 - 1979-12-04 [Uptown Theatre, Chicago, IL] %II\209 Space.flac|Space
Z:\Grateful Dead\# Dave's Picks #\47 - 1979-12-04 [Uptown Theatre, Chicago, IL] %II\210 Not Fade Away.flac|Not Fade Away
Z:\Grateful Dead\# Dave's Picks #\47 - 1979-12-04 [Uptown Theatre, Chicago, IL] %II\211 Stella Blue.flac|Stella Blue
Z:\Grateful Dead\# Dave's Picks #\47 - 1979-12-04 [Uptown Theatre, Chicago, IL] %II\212 Sugar Magnolia.flac|Sugar Magnolia
Z:\Grateful Dead\# Dave's Picks #\47 - 1979-12-04 [Uptown Theatre, Chicago, IL] %II\213 U.S. Blues.flac|U.S. Blues
Z:\Grateful Dead\# Dave's Picks #\42 - 1974-02-22 [Winterland Arena, San Francisco, CA] % (Dave's Picks Bonus disc 2021)\01 U.S. Blues.flac|U.S. Blues
Z:\Grateful Dead\# Dave's Picks #\42 - 1974-02-22 [Winterland Arena, San Francisco, CA] % (Dave's Picks Bonus disc 2021)\02 Brown-Eyed Women.flac|Brown-Eyed Women
Z:\Grateful Dead\# Dave's Picks #\42 - 1974-02-22 [Winterland Arena, San Francisco, CA] % (Dave's Picks Bonus disc 2021)\03 It Must Have Been the Roses.flac|It Must Have Been the Roses
Z:\Grateful Dead\# Dave's Picks #\42 - 1974-02-22 [Winterland Arena, San Francisco, CA] % (Dave's Picks Bonus disc 2021)\04 Black-Throated Wind.flac|Black-Throated Wind
Z:\Grateful Dead\# Dave's Picks #\42 - 1974-02-22 [Winterland Arena, San Francisco, CA] % (Dave's Picks Bonus disc 2021)\05 Loose Lucy.flac|Loose Lucy
Z:\Grateful Dead\# Dave's Picks #\42 - 1974-02-22 [Winterland Arena, San Francisco, CA] % (Dave's Picks Bonus disc 2021)\06 Playing in the Band.flac|Playing in the Band
Z:\Grateful Dead\# Dave's Picks #\42 - 1974-02-22 [Winterland Arena, San Francisco, CA] % (Dave's Picks Bonus disc 2021)\07 Ship of Fools.flac|Ship of Fools
Z:\Grateful Dead\# Dave's Picks #\42 - 1974-02-22 [Winterland Arena, San Francisco, CA] % (Dave's Picks Bonus disc 2021)\08 China Cat Sunflower.flac|China Cat Sunflower
Z:\Grateful Dead\# Dave's Picks #\42 - 1974-02-22 [Winterland Arena, San Francisco, CA] % (Dave's Picks Bonus disc 2021)\09 I Know You Rider.flac|I Know You Rider
Z:\Grateful Dead\# Dave's Picks #\42 - 1974-02-22 [Winterland Arena, San Francisco, CA] % (Dave's Picks Bonus disc 2021)\10 Uncle John's Band.flac|Uncle John's Band
Z:\Grateful Dead\# Dave's Picks #\42 - 1974-02-23 [Winterland Arena, San Francisco, CA]\101 Around And Around.flac|Around And Around
Z:\Grateful Dead\# Dave's Picks #\42 - 1974-02-23 [Winterland Arena, San Francisco, CA]\102 Dire Wolf.flac|Dire Wolf
Z:\Grateful Dead\# Dave's Picks #\42 - 1974-02-23 [Winterland Arena, San Francisco, CA]\103 Me And Bobby McGee.flac|Me And Bobby McGee
Z:\Grateful Dead\# Dave's Picks #\42 - 1974-02-23 [Winterland Arena, San Francisco, CA]\104 Sugaree.flac|Sugaree
Z:\Grateful Dead\# Dave's Picks #\42 - 1974-02-23 [Winterland Arena, San Francisco, CA]\105 Mexicali Blues.flac|Mexicali Blues
Z:\Grateful Dead\# Dave's Picks #\42 - 1974-02-23 [Winterland Arena, San Francisco, CA]\106 Here Comes Sunshine.flac|Here Comes Sunshine
Z:\Grateful Dead\# Dave's Picks #\42 - 1974-02-23 [Winterland Arena, San Francisco, CA]\107 Beat It On Down The Line.flac|Beat It On Down The Line
Z:\Grateful Dead\# Dave's Picks #\42 - 1974-02-23 [Winterland Arena, San Francisco, CA]\108 Ship Of Fools.flac|Ship Of Fools
Z:\Grateful Dead\# Dave's Picks #\42 - 1974-02-23 [Winterland Arena, San Francisco, CA]\109 Jack Straw.flac|Jack Straw
Z:\Grateful Dead\# Dave's Picks #\42 - 1974-02-23 [Winterland Arena, San Francisco, CA]\110 Deal.flac|Deal
Z:\Grateful Dead\# Dave's Picks #\42 - 1974-02-23 [Winterland Arena, San Francisco, CA]\111 Promised Land.flac|Promised Land
Z:\Grateful Dead\# Dave's Picks #\42 - 1974-02-23 [Winterland Arena, San Francisco, CA]\112 Bertha.flac|Bertha
Z:\Grateful Dead\# Dave's Picks #\42 - 1974-02-23 [Winterland Arena, San Francisco, CA]\113 Greatest Story Ever Told.flac|Greatest Story Ever Told
Z:\Grateful Dead\# Dave's Picks #\42 - 1974-02-23 [Winterland Arena, San Francisco, CA]\201 Row Jimmy.flac|Row Jimmy
Z:\Grateful Dead\# Dave's Picks #\42 - 1974-02-23 [Winterland Arena, San Francisco, CA]\202 Weather Report Suite.flac|Weather Report Suite
Z:\Grateful Dead\# Dave's Picks #\42 - 1974-02-23 [Winterland Arena, San Francisco, CA]\203 Stella Blue.flac|Stella Blue
Z:\Grateful Dead\# Dave's Picks #\42 - 1974-02-23 [Winterland Arena, San Francisco, CA]\204 Big River.flac|Big River
Z:\Grateful Dead\# Dave's Picks #\42 - 1974-02-23 [Winterland Arena, San Francisco, CA]\205 Ramble On Rose.flac|Ramble On Rose
Z:\Grateful Dead\# Dave's Picks #\42 - 1974-02-23 [Winterland Arena, San Francisco, CA]\206 Me And My Uncle.flac|Me And My Uncle
Z:\Grateful Dead\# Dave's Picks #\42 - 1974-02-23 [Winterland Arena, San Francisco, CA]\207 Johnny B. Goode.flac|Johnny B. Goode
Z:\Grateful Dead\# Dave's Picks #\42 - 1974-02-23 [Winterland Arena, San Francisco, CA]\208 And We Bid You Goodnight.flac|And We Bid You Goodnight
Z:\Grateful Dead\# Dave's Picks #\42 - 1974-02-23 [Winterland Arena, San Francisco, CA]\301 He's Gone.flac|He's Gone
Z:\Grateful Dead\# Dave's Picks #\42 - 1974-02-23 [Winterland Arena, San Francisco, CA]\302 Truckin'.flac|Truckin'
Z:\Grateful Dead\# Dave's Picks #\42 - 1974-02-23 [Winterland Arena, San Francisco, CA]\303 Drums.flac|Drums
Z:\Grateful Dead\# Dave's Picks #\42 - 1974-02-23 [Winterland Arena, San Francisco, CA]\304 The Other One.flac|The Other One
Z:\Grateful Dead\# Dave's Picks #\42 - 1974-02-23 [Winterland Arena, San Francisco, CA]\305 Eyes Of The World.flac|Eyes Of The World
Z:\Grateful Dead\# Dave's Picks #\42 - 1974-02-23 [Winterland Arena, San Francisco, CA]\306 One More Saturday Night.flac|One More Saturday Night
Z:\Grateful Dead\# Dave's Picks #\42 - 1974-02-23 [Winterland Arena, San Francisco, CA]\307 Casey Jones.flac|Casey Jones
Z:\Grateful Dead\# Dave's Picks #\43 - 1969-11-02 [Family Dog  at the Great Highway  San Francisco, CA]\01 Cold Rain And Snow.flac|Cold Rain And Snow
Z:\Grateful Dead\# Dave's Picks #\43 - 1969-11-02 [Family Dog  at the Great Highway  San Francisco, CA]\02 In The Midnight Hour (San Francisco, 11,2,69).flac|In The Midnight Hour (San Francisco, 11/2/69)
Z:\Grateful Dead\# Dave's Picks #\43 - 1969-11-02 [Family Dog  at the Great Highway  San Francisco, CA]\03 Seasons Of My Heart.flac|Seasons Of My Heart (San Francisco, 11/2/69)
Z:\Grateful Dead\# Dave's Picks #\43 - 1969-11-02 [Family Dog  at the Great Highway  San Francisco, CA]\04 Mama Tried.flac|Mama Tried
Z:\Grateful Dead\# Dave's Picks #\43 - 1969-11-02 [Family Dog  at the Great Highway  San Francisco, CA]\05 Next Time You See Me.flac|Next Time You See Me (San Francisco, 11/2/69)
Z:\Grateful Dead\# Dave's Picks #\43 - 1969-11-02 [Family Dog  at the Great Highway  San Francisco, CA]\06 Good Lovin'.flac|Good Lovin' (San Francisco, 11/2/69)
Z:\Grateful Dead\# Dave's Picks #\43 - 1969-11-02 [Family Dog  at the Great Highway  San Francisco, CA]\07 Big Boss Man.flac|Big Boss Man (San Francisco, 11/2/69)
Z:\Grateful Dead\# Dave's Picks #\43 - 1969-11-02 [Family Dog  at the Great Highway  San Francisco, CA]\08 Casey Jones.flac|Casey Jones (San Francisco, 11/2/69)
Z:\Grateful Dead\# Dave's Picks #\43 - 1969-11-02 [Family Dog  at the Great Highway  San Francisco, CA]\09 Dancing In The Street.flac|Dancing In The Street (San Francisco, 11/2/69)
Z:\Grateful Dead\# Dave's Picks #\43 - 1969-11-02 [Family Dog  at the Great Highway  San Francisco, CA]\10 Dark Star.flac|Dark Star> (San Francisco, 11/2/69)
Z:\Grateful Dead\# Dave's Picks #\43 - 1969-11-02 [Family Dog  at the Great Highway  San Francisco, CA]\11 St. Stephen.flac|St. Stephen> (San Francisco, 11/2/69)
Z:\Grateful Dead\# Dave's Picks #\43 - 1969-11-02 [Family Dog  at the Great Highway  San Francisco, CA]\12 The Eleven.flac|The Eleven> (San Francisco, 11/2/69)
Z:\Grateful Dead\# Dave's Picks #\43 - 1969-11-02 [Family Dog  at the Great Highway  San Francisco, CA]\13 Death Don't Have No Mercy.flac|Death Don't Have No Mercy (San Francisco, 11/2/69)
Z:\Grateful Dead\# Dave's Picks #\43 - 1969-12-26 [McFarlin Auditorium - SMU, Dallas, TX]\01 The Monkey And The Engineer.flac|The Monkey And The Engineer
Z:\Grateful Dead\# Dave's Picks #\43 - 1969-12-26 [McFarlin Auditorium - SMU, Dallas, TX]\02 Little Sadie.flac|Little Sadie
Z:\Grateful Dead\# Dave's Picks #\43 - 1969-12-26 [McFarlin Auditorium - SMU, Dallas, TX]\03 Long Black Limousine.flac|Long Black Limousine
Z:\Grateful Dead\# Dave's Picks #\43 - 1969-12-26 [McFarlin Auditorium - SMU, Dallas, TX]\04 I've Been All Around This World.flac|I've Been All Around This World
Z:\Grateful Dead\# Dave's Picks #\43 - 1969-12-26 [McFarlin Auditorium - SMU, Dallas, TX]\05 Gathering Flowers For The Master's Bouquet.flac|Gathering Flowers For The Master's Bouquet
Z:\Grateful Dead\# Dave's Picks #\43 - 1969-12-26 [McFarlin Auditorium - SMU, Dallas, TX]\06 Casey Jones.flac|Casey Jones
Z:\Grateful Dead\# Dave's Picks #\43 - 1969-12-26 [McFarlin Auditorium - SMU, Dallas, TX]\07 Hard To Handle.flac|Hard To Handle
Z:\Grateful Dead\# Dave's Picks #\43 - 1969-12-26 [McFarlin Auditorium - SMU, Dallas, TX]\08 Cold Rain And Snow.flac|Cold Rain And Snow
Z:\Grateful Dead\# Dave's Picks #\43 - 1969-12-26 [McFarlin Auditorium - SMU, Dallas, TX]\09 China Cat Sunflower.flac|China Cat Sunflower
Z:\Grateful Dead\# Dave's Picks #\43 - 1969-12-26 [McFarlin Auditorium - SMU, Dallas, TX]\10 I Know You Rider.flac|I Know You Rider
Z:\Grateful Dead\# Dave's Picks #\43 - 1969-12-26 [McFarlin Auditorium - SMU, Dallas, TX]\11 Black Peter.flac|Black Peter
Z:\Grateful Dead\# Dave's Picks #\43 - 1969-12-26 [McFarlin Auditorium - SMU, Dallas, TX]\12 High Time.flac|High Time
Z:\Grateful Dead\# Dave's Picks #\43 - 1969-12-26 [McFarlin Auditorium - SMU, Dallas, TX]\13 Me And My Uncle.flac|Me And My Uncle
Z:\Grateful Dead\# Dave's Picks #\43 - 1969-12-26 [McFarlin Auditorium - SMU, Dallas, TX]\14 Uncle John's Band.flac|Uncle John's Band
Z:\Grateful Dead\# Dave's Picks #\43 - 1969-12-26 [McFarlin Auditorium - SMU, Dallas, TX]\15 Dark Star.flac|Dark Star
Z:\Grateful Dead\# Dave's Picks #\43 - 1969-12-26 [McFarlin Auditorium - SMU, Dallas, TX]\16 New Speedway Boogie.flac|New Speedway Boogie
Z:\Grateful Dead\# Dave's Picks #\43 - 1969-12-26 [McFarlin Auditorium - SMU, Dallas, TX]\17 Turn On Your Lovelight.flac|Turn On Your Lovelight
Z:\Grateful Dead\# Dave's Picks #\44 - 1990-06-23 [Autzen Stadium, Eugene, OR]\01 Grateful Dead - Feel Like A Stranger.flac|Feel Like A Stranger
Z:\Grateful Dead\# Dave's Picks #\44 - 1990-06-23 [Autzen Stadium, Eugene, OR]\02 Grateful Dead - West L.A. Fadeaway.flac|West L.A. Fadeaway
Z:\Grateful Dead\# Dave's Picks #\44 - 1990-06-23 [Autzen Stadium, Eugene, OR]\03 Grateful Dead - Me And My Uncle.flac|Me And My Uncle
Z:\Grateful Dead\# Dave's Picks #\44 - 1990-06-23 [Autzen Stadium, Eugene, OR]\04 Grateful Dead - Cumberland Blues.flac|Cumberland Blues
Z:\Grateful Dead\# Dave's Picks #\44 - 1990-06-23 [Autzen Stadium, Eugene, OR]\05 Grateful Dead - Far From Me.flac|Far From Me
Z:\Grateful Dead\# Dave's Picks #\44 - 1990-06-23 [Autzen Stadium, Eugene, OR]\06 Grateful Dead - They Love Each Other.flac|They Love Each Other
Z:\Grateful Dead\# Dave's Picks #\44 - 1990-06-23 [Autzen Stadium, Eugene, OR]\07 Grateful Dead - Cassidy.flac|Cassidy
Z:\Grateful Dead\# Dave's Picks #\44 - 1990-06-23 [Autzen Stadium, Eugene, OR]\08 Grateful Dead - Tennessee Jed.flac|Tennessee Jed
Z:\Grateful Dead\# Dave's Picks #\44 - 1990-06-23 [Autzen Stadium, Eugene, OR]\09 Grateful Dead - Promised Land.flac|Promised Land
Z:\Grateful Dead\# Dave's Picks #\44 - 1990-06-23 [Autzen Stadium, Eugene, OR]\10 Grateful Dead - Eyes Of The World .flac|Eyes Of The World >
Z:\Grateful Dead\# Dave's Picks #\44 - 1990-06-23 [Autzen Stadium, Eugene, OR]\11 Grateful Dead - Looks Like Rain .flac|Looks Like Rain >
Z:\Grateful Dead\# Dave's Picks #\44 - 1990-06-23 [Autzen Stadium, Eugene, OR]\12 Grateful Dead - Crazy Fingers.flac|Crazy Fingers>
Z:\Grateful Dead\# Dave's Picks #\44 - 1990-06-23 [Autzen Stadium, Eugene, OR]\13 Grateful Dead - Playing In The Band .flac|Playing In The Band >
Z:\Grateful Dead\# Dave's Picks #\44 - 1990-06-23 [Autzen Stadium, Eugene, OR]\14 Grateful Dead - Uncle John's Band .flac|Uncle John's Band >
Z:\Grateful Dead\# Dave's Picks #\44 - 1990-06-23 [Autzen Stadium, Eugene, OR]\15 Grateful Dead - Playing In The Band .flac|Playing In The Band >
Z:\Grateful Dead\# Dave's Picks #\44 - 1990-06-23 [Autzen Stadium, Eugene, OR]\16 Grateful Dead - Drums.flac|Drums
Z:\Grateful Dead\# Dave's Picks #\44 - 1990-06-23 [Autzen Stadium, Eugene, OR]\17 Grateful Dead - Space.flac|Space
Z:\Grateful Dead\# Dave's Picks #\44 - 1990-06-23 [Autzen Stadium, Eugene, OR]\18 Grateful Dead - The Wheel.flac|The Wheel
Z:\Grateful Dead\# Dave's Picks #\44 - 1990-06-23 [Autzen Stadium, Eugene, OR]\19 Grateful Dead - I Need A Miracle.flac|I Need A Miracle
Z:\Grateful Dead\# Dave's Picks #\44 - 1990-06-23 [Autzen Stadium, Eugene, OR]\20 Grateful Dead - Morning Dew.flac|Morning Dew
Z:\Grateful Dead\# Dave's Picks #\44 - 1990-06-23 [Autzen Stadium, Eugene, OR]\21 Grateful Dead - One More Saturday Night.flac|One More Saturday Night
Z:\Grateful Dead\# Dave's Picks #\45 - 1977-10-01 [Paramount Theater, Portland, OR]\101 Promised Land.flac|Promised Land
Z:\Grateful Dead\# Dave's Picks #\45 - 1977-10-01 [Paramount Theater, Portland, OR]\102 They Love Each Other.flac|They Love Each Other
Z:\Grateful Dead\# Dave's Picks #\45 - 1977-10-01 [Paramount Theater, Portland, OR]\103 Mexicali Blues.flac|Mexicali Blues
Z:\Grateful Dead\# Dave's Picks #\45 - 1977-10-01 [Paramount Theater, Portland, OR]\104 Dire Wolf.flac|Dire Wolf
Z:\Grateful Dead\# Dave's Picks #\45 - 1977-10-01 [Paramount Theater, Portland, OR]\105 Cassidy.flac|Cassidy
Z:\Grateful Dead\# Dave's Picks #\45 - 1977-10-01 [Paramount Theater, Portland, OR]\106 Deal.flac|Deal
Z:\Grateful Dead\# Dave's Picks #\45 - 1977-10-01 [Paramount Theater, Portland, OR]\107 Passenger.flac|Passenger
Z:\Grateful Dead\# Dave's Picks #\45 - 1977-10-01 [Paramount Theater, Portland, OR]\108 Tennessee Jed.flac|Tennessee Jed
Z:\Grateful Dead\# Dave's Picks #\45 - 1977-10-01 [Paramount Theater, Portland, OR]\109 New Minglewood Blues.flac|New Minglewood Blues
Z:\Grateful Dead\# Dave's Picks #\45 - 1977-10-01 [Paramount Theater, Portland, OR]\110 Peggy-O.flac|Peggy-O
Z:\Grateful Dead\# Dave's Picks #\45 - 1977-10-01 [Paramount Theater, Portland, OR]\111 The Music Never Stopped.flac|The Music Never Stopped
Z:\Grateful Dead\# Dave's Picks #\45 - 1977-10-01 [Paramount Theater, Portland, OR]\201 Bertha.flac|Bertha
Z:\Grateful Dead\# Dave's Picks #\45 - 1977-10-01 [Paramount Theater, Portland, OR]\202 Good Lovin'.flac|Good Lovin'
Z:\Grateful Dead\# Dave's Picks #\45 - 1977-10-01 [Paramount Theater, Portland, OR]\203 It Must Have Been The Roses.flac|It Must Have Been The Roses
Z:\Grateful Dead\# Dave's Picks #\45 - 1977-10-01 [Paramount Theater, Portland, OR]\204 Estimated Prophet.flac|Estimated Prophet
Z:\Grateful Dead\# Dave's Picks #\45 - 1977-10-01 [Paramount Theater, Portland, OR]\205 Eyes Of The World.flac|Eyes Of The World
Z:\Grateful Dead\# Dave's Picks #\45 - 1977-10-01 [Paramount Theater, Portland, OR]\206 Dancing In The Street.flac|Dancing In The Street
Z:\Grateful Dead\# Dave's Picks #\45 - 1977-10-01 [Paramount Theater, Portland, OR]\207 Drums.flac|Drums
Z:\Grateful Dead\# Dave's Picks #\45 - 1977-10-01 [Paramount Theater, Portland, OR]\208 Not Fade Away.flac|Not Fade Away
Z:\Grateful Dead\# Dave's Picks #\45 - 1977-10-01 [Paramount Theater, Portland, OR]\209 Black Peter.flac|Black Peter
Z:\Grateful Dead\# Dave's Picks #\45 - 1977-10-01 [Paramount Theater, Portland, OR]\210 Around And Around.flac|Around And Around
Z:\Grateful Dead\# Dave's Picks #\45 - 1977-10-02 [Paramount Theater, Portland, OR]\101 Casey Jones.flac|Casey Jones
Z:\Grateful Dead\# Dave's Picks #\45 - 1977-10-02 [Paramount Theater, Portland, OR]\102 Jack Straw.flac|Jack Straw
Z:\Grateful Dead\# Dave's Picks #\45 - 1977-10-02 [Paramount Theater, Portland, OR]\103 Sunrise.flac|Sunrise
Z:\Grateful Dead\# Dave's Picks #\45 - 1977-10-02 [Paramount Theater, Portland, OR]\104 Brown Eyed Women.flac|Brown Eyed Women
Z:\Grateful Dead\# Dave's Picks #\45 - 1977-10-02 [Paramount Theater, Portland, OR]\105 El Paso.flac|El Paso
Z:\Grateful Dead\# Dave's Picks #\45 - 1977-10-02 [Paramount Theater, Portland, OR]\106 Dupree's Diamond Blues.flac|Dupree's Diamond Blues
Z:\Grateful Dead\# Dave's Picks #\45 - 1977-10-02 [Paramount Theater, Portland, OR]\107 Let It Grow.flac|Let It Grow
Z:\Grateful Dead\# Dave's Picks #\45 - 1977-10-02 [Paramount Theater, Portland, OR]\108 Deal.flac|Deal
Z:\Grateful Dead\# Dave's Picks #\45 - 1977-10-02 [Paramount Theater, Portland, OR]\201 Samson and Delilah.flac|Samson And Delilah
Z:\Grateful Dead\# Dave's Picks #\45 - 1977-10-02 [Paramount Theater, Portland, OR]\202 Johnny B. Goode.flac|Johnny B. Goode
Z:\Grateful Dead\# Dave's Picks #\45 - 1977-10-02 [Paramount Theater, Portland, OR]\203 Scarlet Begonias.flac|Scarlet Begonias
Z:\Grateful Dead\# Dave's Picks #\45 - 1977-10-02 [Paramount Theater, Portland, OR]\204 Fire On The Mountain.flac|Fire On The Mountain
Z:\Grateful Dead\# Dave's Picks #\45 - 1977-10-02 [Paramount Theater, Portland, OR]\205 Playing In The Band.flac|Playing In The Band
Z:\Grateful Dead\# Dave's Picks #\45 - 1977-10-02 [Paramount Theater, Portland, OR]\206 Drums.flac|Drums
Z:\Grateful Dead\# Dave's Picks #\45 - 1977-10-02 [Paramount Theater, Portland, OR]\207 The Wheel.flac|The Wheel
Z:\Grateful Dead\# Dave's Picks #\45 - 1977-10-02 [Paramount Theater, Portland, OR]\208 Truckin'.flac|Truckin'
Z:\Grateful Dead\# Dave's Picks #\45 - 1977-10-02 [Paramount Theater, Portland, OR]\209 The Other One.flac|The Other One
Z:\Grateful Dead\# Dave's Picks #\45 - 1977-10-02 [Paramount Theater, Portland, OR]\210 Wharf Rat.flac|Wharf Rat
Z:\Grateful Dead\# Dave's Picks #\45 - 1977-10-02 [Paramount Theater, Portland, OR]\211 Sugar Magnolia.flac|Sugar Magnolia
Z:\Grateful Dead\# Dave's Picks #\46 - 1972-09-03 [Folsom Field,  Boulder,  CO] % Bonus Disc\203 Brown-Eyed Women.flac|Brown-Eyed Women
Z:\Grateful Dead\# Dave's Picks #\46 - 1972-09-03 [Folsom Field,  Boulder,  CO] % Bonus Disc\205 China Cat Sunflower.flac|China Cat Sunflower
Z:\Grateful Dead\# Dave's Picks #\46 - 1972-09-03 [Folsom Field,  Boulder,  CO] % Bonus Disc\206 I Know You Rider.flac|I Know You Rider
Z:\Grateful Dead\# Dave's Picks #\46 - 1972-09-03 [Folsom Field,  Boulder,  CO] % Bonus Disc\207 Truckin'.flac|Truckin'
Z:\Grateful Dead\# Dave's Picks #\46 - 1972-09-03 [Folsom Field,  Boulder,  CO] % Bonus Disc\301 Cold Rain And Snow.flac|Cold Rain And Snow
Z:\Grateful Dead\# Dave's Picks #\46 - 1972-09-03 [Folsom Field,  Boulder,  CO] % Bonus Disc\305 Ramble On Rose.flac|Ramble On Rose
Z:\Grateful Dead\# Dave's Picks #\46 - 1972-09-09 [Hollywood Palladium, Los Angeles, CA]\101 Promised Land.flac|Promised Land
Z:\Grateful Dead\# Dave's Picks #\46 - 1972-09-09 [Hollywood Palladium, Los Angeles, CA]\102 Sugaree.flac|Sugaree
Z:\Grateful Dead\# Dave's Picks #\46 - 1972-09-09 [Hollywood Palladium, Los Angeles, CA]\103 Me And My Uncle.flac|Me And My Uncle
Z:\Grateful Dead\# Dave's Picks #\46 - 1972-09-09 [Hollywood Palladium, Los Angeles, CA]\104 Bird Song.flac|Bird Song
Z:\Grateful Dead\# Dave's Picks #\46 - 1972-09-09 [Hollywood Palladium, Los Angeles, CA]\105 Black-Throated Wind.flac|Black-Throated Wind
Z:\Grateful Dead\# Dave's Picks #\46 - 1972-09-09 [Hollywood Palladium, Los Angeles, CA]\106 Tennessee Jed.flac|Tennessee Jed
Z:\Grateful Dead\# Dave's Picks #\46 - 1972-09-09 [Hollywood Palladium, Los Angeles, CA]\107 Mexicali Blues.flac|Mexicali Blues
Z:\Grateful Dead\# Dave's Picks #\46 - 1972-09-09 [Hollywood Palladium, Los Angeles, CA]\108 Deal.flac|Deal
Z:\Grateful Dead\# Dave's Picks #\46 - 1972-09-09 [Hollywood Palladium, Los Angeles, CA]\109 Playing In The Band.flac|Playing In The Band
Z:\Grateful Dead\# Dave's Picks #\46 - 1972-09-09 [Hollywood Palladium, Los Angeles, CA]\110 Loser.flac|Loser
Z:\Grateful Dead\# Dave's Picks #\46 - 1972-09-09 [Hollywood Palladium, Los Angeles, CA]\111 Johnny B. Goode.flac|Johnny B. Goode
Z:\Grateful Dead\# Dave's Picks #\46 - 1972-09-09 [Hollywood Palladium, Los Angeles, CA]\201 China Cat Sunflower.flac|China Cat Sunflower
Z:\Grateful Dead\# Dave's Picks #\46 - 1972-09-09 [Hollywood Palladium, Los Angeles, CA]\202 I Know You Rider.flac|I Know You Rider
Z:\Grateful Dead\# Dave's Picks #\46 - 1972-09-09 [Hollywood Palladium, Los Angeles, CA]\203 Friend Of The Devil.flac|Friend Of The Devil
Z:\Grateful Dead\# Dave's Picks #\46 - 1972-09-09 [Hollywood Palladium, Los Angeles, CA]\204 Jack Straw.flac|Jack Straw
Z:\Grateful Dead\# Dave's Picks #\46 - 1972-09-09 [Hollywood Palladium, Los Angeles, CA]\205 Casey Jones.flac|Casey Jones
Z:\Grateful Dead\# Dave's Picks #\46 - 1972-09-09 [Hollywood Palladium, Los Angeles, CA]\206 Sugar Magnolia.flac|Sugar Magnolia
Z:\Grateful Dead\# Dave's Picks #\46 - 1972-09-09 [Hollywood Palladium, Los Angeles, CA]\207 One More Saturday Night.flac|One More Saturday Night
Z:\Grateful Dead\# Dave's Picks #\46 - 1972-09-09 [Hollywood Palladium, Los Angeles, CA]\208 He's Gone.flac|He's Gone
Z:\Grateful Dead\# Dave's Picks #\46 - 1972-09-09 [Hollywood Palladium, Los Angeles, CA]\209 Truckin'.flac|Truckin'
Z:\Grateful Dead\# Dave's Picks #\46 - 1972-09-09 [Hollywood Palladium, Los Angeles, CA]\210 Drums.flac|Drums
Z:\Grateful Dead\# Dave's Picks #\46 - 1972-09-09 [Hollywood Palladium, Los Angeles, CA]\211 The Other One.flac|The Other One
Z:\Grateful Dead\# Dave's Picks #\46 - 1972-09-09 [Hollywood Palladium, Los Angeles, CA]\212 Stella Blue.flac|Stella Blue
Z:\Grateful Dead\# Dave's Picks #\46 - 1972-09-09 [Hollywood Palladium, Los Angeles, CA]\213 El Paso.flac|El Paso
Z:\Grateful Dead\# Dave's Picks #\46 - 1972-09-19 [Roosevelt Stadium,  Jersey City,  NJ] % Bonus Disc\101 Bertha.flac|Bertha
Z:\Grateful Dead\# Dave's Picks #\46 - 1972-09-19 [Roosevelt Stadium,  Jersey City,  NJ] % Bonus Disc\102 Greatest Story Ever Told.flac|Greatest Story Ever Told
Z:\Grateful Dead\# Dave's Picks #\46 - 1972-09-19 [Roosevelt Stadium,  Jersey City,  NJ] % Bonus Disc\103 Bird Song.flac|Bird Song
Z:\Grateful Dead\# Dave's Picks #\46 - 1972-09-19 [Roosevelt Stadium,  Jersey City,  NJ] % Bonus Disc\201 Mississippi Half-Step Uptown Toodeloo.flac|Mississippi Half-Step Uptown Toodeloo
Z:\Grateful Dead\# Dave's Picks #\46 - 1972-09-19 [Roosevelt Stadium,  Jersey City,  NJ] % Bonus Disc\203 Brokedown Palace.flac|Brokedown Palace
Z:\Grateful Dead\# Dave's Picks #\47 - 1979-12-09 [Kiel Auditorium, St. Louis, MO]\101 Alabama Getaway.flac|Alabama Getaway
Z:\Grateful Dead\# Dave's Picks #\47 - 1979-12-09 [Kiel Auditorium, St. Louis, MO]\102 Promised Land.flac|Promised Land
Z:\Grateful Dead\# Dave's Picks #\47 - 1979-12-09 [Kiel Auditorium, St. Louis, MO]\103 Brown-Eyed Women.flac|Brown-Eyed Women
Z:\Grateful Dead\# Dave's Picks #\47 - 1979-12-09 [Kiel Auditorium, St. Louis, MO]\104 Cassidy.flac|Cassidy
Z:\Grateful Dead\# Dave's Picks #\47 - 1979-12-09 [Kiel Auditorium, St. Louis, MO]\105 Row Jimmy.flac|Row Jimmy
Z:\Grateful Dead\# Dave's Picks #\47 - 1979-12-09 [Kiel Auditorium, St. Louis, MO]\106 New Minglewood Blues.flac|New Minglewood Blues
Z:\Grateful Dead\# Dave's Picks #\47 - 1979-12-09 [Kiel Auditorium, St. Louis, MO]\107 Candyman.flac|Candyman
Z:\Grateful Dead\# Dave's Picks #\47 - 1979-12-09 [Kiel Auditorium, St. Louis, MO]\108 Lazy Lightning.flac|Lazy Lightning
Z:\Grateful Dead\# Dave's Picks #\47 - 1979-12-09 [Kiel Auditorium, St. Louis, MO]\109 Supplication.flac|Supplication
Z:\Grateful Dead\# Dave's Picks #\47 - 1979-12-09 [Kiel Auditorium, St. Louis, MO]\110 Deal.flac|Deal
Z:\Grateful Dead\# Dave's Picks #\47 - 1979-12-09 [Kiel Auditorium, St. Louis, MO]\201 Shakedown Street.flac|Shakedown Street
Z:\Grateful Dead\# Dave's Picks #\47 - 1979-12-09 [Kiel Auditorium, St. Louis, MO]\202 Samson And Delilah.flac|Samson And Delilah
Z:\Grateful Dead\# Dave's Picks #\47 - 1979-12-09 [Kiel Auditorium, St. Louis, MO]\203 High Time.flac|High Time
Z:\Grateful Dead\# Dave's Picks #\47 - 1979-12-09 [Kiel Auditorium, St. Louis, MO]\204 Easy To Love You.flac|Easy To Love You
Z:\Grateful Dead\# Dave's Picks #\47 - 1979-12-09 [Kiel Auditorium, St. Louis, MO]\205 Terrapin Station.flac|Terrapin Station
Z:\Grateful Dead\# Dave's Picks #\47 - 1979-12-09 [Kiel Auditorium, St. Louis, MO]\206 Lost Sailor.flac|Lost Sailor
Z:\Grateful Dead\# Dave's Picks #\47 - 1979-12-09 [Kiel Auditorium, St. Louis, MO]\207 Saint Of Circmstance.flac|Saint Of Circmstance
Z:\Grateful Dead\# Dave's Picks #\47 - 1979-12-09 [Kiel Auditorium, St. Louis, MO]\208 Jam.flac|Jam
Z:\Grateful Dead\# Dave's Picks #\47 - 1979-12-09 [Kiel Auditorium, St. Louis, MO]\209 Drums.flac|Drums
Z:\Grateful Dead\# Dave's Picks #\47 - 1979-12-09 [Kiel Auditorium, St. Louis, MO]\210 Space.flac|Space
Z:\Grateful Dead\# Dave's Picks #\47 - 1979-12-09 [Kiel Auditorium, St. Louis, MO]\211 Black Peter.flac|Black Peter
Z:\Grateful Dead\# Dave's Picks #\47 - 1979-12-09 [Kiel Auditorium, St. Louis, MO]\212 I Need A Miracle.flac|I Need A Miracle
Z:\Grateful Dead\# Dave's Picks #\47 - 1979-12-09 [Kiel Auditorium, St. Louis, MO]\213 Bertha.flac|Bertha
Z:\Grateful Dead\# Dave's Picks #\47 - 1979-12-09 [Kiel Auditorium, St. Louis, MO]\214 Good Lovin'.flac|Good Lovin'
Z:\Grateful Dead\# Dave's Picks #\47 - 1979-12-09 [Kiel Auditorium, St. Louis, MO]\215 Don't Ease Me In.flac|Don't Ease Me In
Z:\Grateful Dead\# Dave's Picks #\48 - 1971-11-20 [Pauley Pavilion - UCLA, Los Angeles, CA] HDCD\202 Drums].flac|Drums]
Z:\Grateful Dead\# Dave's Picks #\48 - 1971-11-20 [Pauley Pavilion - UCLA, Los Angeles, CA] HDCD\101 Bertha.flac|Bertha
Z:\Grateful Dead\# Dave's Picks #\48 - 1971-11-20 [Pauley Pavilion - UCLA, Los Angeles, CA] HDCD\102 Me and My Uncle.flac|Me And My Uncle
Z:\Grateful Dead\# Dave's Picks #\48 - 1971-11-20 [Pauley Pavilion - UCLA, Los Angeles, CA] HDCD\103 Sugaree.flac|Sugaree
Z:\Grateful Dead\# Dave's Picks #\48 - 1971-11-20 [Pauley Pavilion - UCLA, Los Angeles, CA] HDCD\104 Beat It On Down The Line.flac|Beat It On Down The Line
Z:\Grateful Dead\# Dave's Picks #\48 - 1971-11-20 [Pauley Pavilion - UCLA, Los Angeles, CA] HDCD\105 Tennessee Jed.flac|Tennessee Jed
Z:\Grateful Dead\# Dave's Picks #\48 - 1971-11-20 [Pauley Pavilion - UCLA, Los Angeles, CA] HDCD\106 Mexicali Blues.flac|Mexicali Blues
Z:\Grateful Dead\# Dave's Picks #\48 - 1971-11-20 [Pauley Pavilion - UCLA, Los Angeles, CA] HDCD\107 Brown-Eyed Women.flac|Brown-Eyed Women
Z:\Grateful Dead\# Dave's Picks #\48 - 1971-11-20 [Pauley Pavilion - UCLA, Los Angeles, CA] HDCD\108 El Paso.flac|El Paso
Z:\Grateful Dead\# Dave's Picks #\48 - 1971-11-20 [Pauley Pavilion - UCLA, Los Angeles, CA] HDCD\109 Big Railroad Blues.flac|Big Railroad Blues
Z:\Grateful Dead\# Dave's Picks #\48 - 1971-11-20 [Pauley Pavilion - UCLA, Los Angeles, CA] HDCD\110 Jack Straw.flac|Jack Straw
Z:\Grateful Dead\# Dave's Picks #\48 - 1971-11-20 [Pauley Pavilion - UCLA, Los Angeles, CA] HDCD\111 Cumberland Blues.flac|Cumberland Blues
Z:\Grateful Dead\# Dave's Picks #\48 - 1971-11-20 [Pauley Pavilion - UCLA, Los Angeles, CA] HDCD\112 Playing In The Band.flac|Playing In The Band
Z:\Grateful Dead\# Dave's Picks #\48 - 1971-11-20 [Pauley Pavilion - UCLA, Los Angeles, CA] HDCD\113 Casey Jones.flac|Casey Jones
Z:\Grateful Dead\# Dave's Picks #\48 - 1971-11-20 [Pauley Pavilion - UCLA, Los Angeles, CA] HDCD\114 One More Saturday Night.flac|One More Saturday Night
Z:\Grateful Dead\# Dave's Picks #\48 - 1971-11-20 [Pauley Pavilion - UCLA, Los Angeles, CA] HDCD\201 Truckin'].flac|Truckin']
Z:\Grateful Dead\# Dave's Picks #\48 - 1971-11-20 [Pauley Pavilion - UCLA, Los Angeles, CA] HDCD\203 The Other One].flac|The Other One]
Z:\Grateful Dead\# Dave's Picks #\48 - 1971-11-20 [Pauley Pavilion - UCLA, Los Angeles, CA] HDCD\204 Ramble On Rose.flac|Ramble On Rose
Z:\Grateful Dead\# Dave's Picks #\48 - 1971-11-20 [Pauley Pavilion - UCLA, Los Angeles, CA] HDCD\205 Sugar Magnolia.flac|Sugar Magnolia
Z:\Grateful Dead\# Dave's Picks #\48 - 1971-11-20 [Pauley Pavilion - UCLA, Los Angeles, CA] HDCD\206 You Win Again.flac|You Win Again
Z:\Grateful Dead\# Dave's Picks #\48 - 1971-11-20 [Pauley Pavilion - UCLA, Los Angeles, CA] HDCD\207 Not Fade Away].flac|Not Fade Away]
Z:\Grateful Dead\# Dave's Picks #\48 - 1971-11-20 [Pauley Pavilion - UCLA, Los Angeles, CA] HDCD\208 Goin' Down The Road Feeling Bad.flac|Goin' Down The Road Feeling Bad
Z:\Grateful Dead\# Dave's Picks #\48 - 1971-11-20 [Pauley Pavilion - UCLA, Los Angeles, CA] HDCD\209 Not Fade Away.flac|Not Fade Away
Z:\Grateful Dead\# Dave's Picks #\48 - 1971-11-20 [Pauley Pavilion - UCLA, Los Angeles, CA] HDCD\210 Dancing In The Street.flac|Dancing In The Street
Z:\Grateful Dead\# Dave's Picks #\48 - 1971-11-20 [Pauley Pavilion - UCLA, Los Angeles, CA] HDCD\211 Hurts Me Too.flac|Hurts Me Too
Z:\Grateful Dead\# Dave's Picks #\48 - 1971-11-20 [Pauley Pavilion - UCLA, Los Angeles, CA] HDCD\212  Good Lovin'.flac|Good Lovin'
Z:\Grateful Dead\# Dave's Picks #\48 - 1971-11-20 [Pauley Pavilion - UCLA, Los Angeles, CA] HDCD\213 St. Stephen].flac|St. Stephen]
Z:\Grateful Dead\# Dave's Picks #\48 - 1971-11-20 [Pauley Pavilion - UCLA, Los Angeles, CA] HDCD\214 Not Fade Away].flac|Not Fade Away]
Z:\Grateful Dead\# Dave's Picks #\48 - 1971-11-20 [Pauley Pavilion - UCLA, Los Angeles, CA] HDCD\215 Goin' Down The Road Feeling Bad].flac|Goin' Down The Road Feeling Bad]
Z:\Grateful Dead\# Dave's Picks #\48 - 1971-11-20 [Pauley Pavilion - UCLA, Los Angeles, CA] HDCD\216 Not Fade Away].flac|Not Fade Away]
Z:\Grateful Dead\# Dave's Picks #\48 - 1971-11-20 [Pauley Pavilion - UCLA, Los Angeles, CA] HDCD\217 Turn On Your Lovelight.flac|Turn On Your Lovelight
Z:\Grateful Dead\# Dave's Picks #\49 - 1985-04-27 [Frost Amphitheatre Stanford University, Palo Alto, CA] HDCD\101 Dancing in the Street.flac|Dancing in the Street
Z:\Grateful Dead\# Dave's Picks #\49 - 1985-04-27 [Frost Amphitheatre Stanford University, Palo Alto, CA] HDCD\102 Bertha.flac|Bertha
Z:\Grateful Dead\# Dave's Picks #\49 - 1985-04-27 [Frost Amphitheatre Stanford University, Palo Alto, CA] HDCD\103 Little Red Rooster.flac|Little Red Rooster
Z:\Grateful Dead\# Dave's Picks #\49 - 1985-04-27 [Frost Amphitheatre Stanford University, Palo Alto, CA] HDCD\104 Brown-Eyed Women.flac|Brown-Eyed Women
Z:\Grateful Dead\# Dave's Picks #\49 - 1985-04-27 [Frost Amphitheatre Stanford University, Palo Alto, CA] HDCD\105 My Brother Esau.flac|My Brother Esau
Z:\Grateful Dead\# Dave's Picks #\49 - 1985-04-27 [Frost Amphitheatre Stanford University, Palo Alto, CA] HDCD\106 Ramble On Rose.flac|Ramble On Rose
Z:\Grateful Dead\# Dave's Picks #\49 - 1985-04-27 [Frost Amphitheatre Stanford University, Palo Alto, CA] HDCD\107 Just Like Tom Thumb's Blues.flac|Just Like Tom Thumb's Blues
Z:\Grateful Dead\# Dave's Picks #\49 - 1985-04-27 [Frost Amphitheatre Stanford University, Palo Alto, CA] HDCD\108 Cold Rain and Snow.flac|Cold Rain and Snow
Z:\Grateful Dead\# Dave's Picks #\49 - 1985-04-27 [Frost Amphitheatre Stanford University, Palo Alto, CA] HDCD\109 The Music Never Stopped.flac|The Music Never Stopped
Z:\Grateful Dead\# Dave's Picks #\49 - 1985-04-27 [Frost Amphitheatre Stanford University, Palo Alto, CA] HDCD\201 Scarlet Begonias.flac|Scarlet Begonias
Z:\Grateful Dead\# Dave's Picks #\49 - 1985-04-27 [Frost Amphitheatre Stanford University, Palo Alto, CA] HDCD\202 Eyes of the World.flac|Eyes of the World
Z:\Grateful Dead\# Dave's Picks #\49 - 1985-04-27 [Frost Amphitheatre Stanford University, Palo Alto, CA] HDCD\203 Goin' Down the Road Feeling Bad.flac|Goin' Down the Road Feeling Bad
Z:\Grateful Dead\# Dave's Picks #\49 - 1985-04-27 [Frost Amphitheatre Stanford University, Palo Alto, CA] HDCD\204 Man Smart, Woman Smarter.flac|Man Smart, Woman Smarter
Z:\Grateful Dead\# Dave's Picks #\49 - 1985-04-27 [Frost Amphitheatre Stanford University, Palo Alto, CA] HDCD\205 Drums.flac|Drums
Z:\Grateful Dead\# Dave's Picks #\49 - 1985-04-27 [Frost Amphitheatre Stanford University, Palo Alto, CA] HDCD\206 Space.flac|Space
Z:\Grateful Dead\# Dave's Picks #\49 - 1985-04-27 [Frost Amphitheatre Stanford University, Palo Alto, CA] HDCD\207 The Wheel.flac|The Wheel
Z:\Grateful Dead\# Dave's Picks #\49 - 1985-04-27 [Frost Amphitheatre Stanford University, Palo Alto, CA] HDCD\208 Truckin'.flac|Truckin'
Z:\Grateful Dead\# Dave's Picks #\49 - 1985-04-27 [Frost Amphitheatre Stanford University, Palo Alto, CA] HDCD\209 The Other One.flac|The Other One
Z:\Grateful Dead\# Dave's Picks #\49 - 1985-04-27 [Frost Amphitheatre Stanford University, Palo Alto, CA] HDCD\210 Black Peter.flac|Black Peter
Z:\Grateful Dead\# Dave's Picks #\49 - 1985-04-27 [Frost Amphitheatre Stanford University, Palo Alto, CA] HDCD\211 Around and Around.flac|Around and Around
Z:\Grateful Dead\# Dave's Picks #\49 - 1985-04-27 [Frost Amphitheatre Stanford University, Palo Alto, CA] HDCD\212 One More Saturday Night.flac|One More Saturday Night
Z:\Grateful Dead\# Dave's Picks #\49 - 1985-04-27 [Frost Amphitheatre Stanford University, Palo Alto, CA] HDCD\213 Keep Your Day Job.flac|Keep Your Day Job
Z:\Grateful Dead\# Dave's Picks #\49 - 1985-04-28 [Frost Amphitheatre Stanford University, Palo Alto, CA] HDCD\101 Gimme Some Lovin.flac|Gimme Some Lovin
Z:\Grateful Dead\# Dave's Picks #\49 - 1985-04-28 [Frost Amphitheatre Stanford University, Palo Alto, CA] HDCD\102 Mississippi Half-Step Uptown Toodeloo.flac|Mississippi Half-Step Uptown Toodeloo
Z:\Grateful Dead\# Dave's Picks #\49 - 1985-04-28 [Frost Amphitheatre Stanford University, Palo Alto, CA] HDCD\103 New Minglewood Blues.flac|New Minglewood Blues
Z:\Grateful Dead\# Dave's Picks #\49 - 1985-04-28 [Frost Amphitheatre Stanford University, Palo Alto, CA] HDCD\104 Bird Song.flac|Bird Song
Z:\Grateful Dead\# Dave's Picks #\49 - 1985-04-28 [Frost Amphitheatre Stanford University, Palo Alto, CA] HDCD\105 Tons of Steel.flac|Tons of Steel
Z:\Grateful Dead\# Dave's Picks #\49 - 1985-04-28 [Frost Amphitheatre Stanford University, Palo Alto, CA] HDCD\106 China Cat Sunflower.flac|China Cat Sunflower
Z:\Grateful Dead\# Dave's Picks #\49 - 1985-04-28 [Frost Amphitheatre Stanford University, Palo Alto, CA] HDCD\107 I Know You Rider.flac|I Know You Rider
Z:\Grateful Dead\# Dave's Picks #\49 - 1985-04-28 [Frost Amphitheatre Stanford University, Palo Alto, CA] HDCD\108 U.S. Blues.flac|U.S. Blues
Z:\Grateful Dead\# Dave's Picks #\49 - 1985-04-28 [Frost Amphitheatre Stanford University, Palo Alto, CA] HDCD\109 She Belongs to Me.flac|She Belongs to Me
Z:\Grateful Dead\# Dave's Picks #\49 - 1985-04-28 [Frost Amphitheatre Stanford University, Palo Alto, CA] HDCD\201 Hell in a Bucket.flac|Hell in a Bucket
Z:\Grateful Dead\# Dave's Picks #\49 - 1985-04-28 [Frost Amphitheatre Stanford University, Palo Alto, CA] HDCD\202 Crazy Fingers.flac|Crazy Fingers
Z:\Grateful Dead\# Dave's Picks #\49 - 1985-04-28 [Frost Amphitheatre Stanford University, Palo Alto, CA] HDCD\203 Playing in the Band.flac|Playing in the Band
Z:\Grateful Dead\# Dave's Picks #\49 - 1985-04-28 [Frost Amphitheatre Stanford University, Palo Alto, CA] HDCD\204 China Doll.flac|China Doll
Z:\Grateful Dead\# Dave's Picks #\49 - 1985-04-28 [Frost Amphitheatre Stanford University, Palo Alto, CA] HDCD\205 Drums.flac|Drums
Z:\Grateful Dead\# Dave's Picks #\49 - 1985-04-28 [Frost Amphitheatre Stanford University, Palo Alto, CA] HDCD\206 Space.flac|Space
Z:\Grateful Dead\# Dave's Picks #\49 - 1985-04-28 [Frost Amphitheatre Stanford University, Palo Alto, CA] HDCD\207 Playing in the Band.flac|Playing in the Band
Z:\Grateful Dead\# Dave's Picks #\49 - 1985-04-28 [Frost Amphitheatre Stanford University, Palo Alto, CA] HDCD\208 Wharf Rat.flac|Wharf Rat
Z:\Grateful Dead\# Dave's Picks #\49 - 1985-04-28 [Frost Amphitheatre Stanford University, Palo Alto, CA] HDCD\209 Throwing Stones.flac|Throwing Stones
Z:\Grateful Dead\# Dave's Picks #\49 - 1985-04-28 [Frost Amphitheatre Stanford University, Palo Alto, CA] HDCD\210 Not Fade Away.flac|Not Fade Away
Z:\Grateful Dead\# Dave's Picks #\50 - 1977-05-03 [The Palladium, New York, NY]\101 Promised Land.flac|Promised Land
Z:\Grateful Dead\# Dave's Picks #\50 - 1977-05-03 [The Palladium, New York, NY]\102 Bertha.flac|Bertha
Z:\Grateful Dead\# Dave's Picks #\50 - 1977-05-03 [The Palladium, New York, NY]\103 Me and My Uncle.flac|Me and My Uncle
Z:\Grateful Dead\# Dave's Picks #\50 - 1977-05-03 [The Palladium, New York, NY]\104 Peggy-O.flac|Peggy-O
Z:\Grateful Dead\# Dave's Picks #\50 - 1977-05-03 [The Palladium, New York, NY]\105 Jack Straw.flac|Jack Straw
Z:\Grateful Dead\# Dave's Picks #\50 - 1977-05-03 [The Palladium, New York, NY]\106 Row Jimmy.flac|Row Jimmy
Z:\Grateful Dead\# Dave's Picks #\50 - 1977-05-03 [The Palladium, New York, NY]\107 Lazy Lightning ].flac|Lazy Lightning ]
Z:\Grateful Dead\# Dave's Picks #\50 - 1977-05-03 [The Palladium, New York, NY]\108 Supplication.flac|Supplication
Z:\Grateful Dead\# Dave's Picks #\50 - 1977-05-03 [The Palladium, New York, NY]\109 Deal.flac|Deal
Z:\Grateful Dead\# Dave's Picks #\50 - 1977-05-03 [The Palladium, New York, NY]\110 Good Lovin'.flac|Good Lovin'
Z:\Grateful Dead\# Dave's Picks #\50 - 1977-05-03 [The Palladium, New York, NY]\111 Ship of Fools.flac|Ship of Fools
Z:\Grateful Dead\# Dave's Picks #\50 - 1977-05-03 [The Palladium, New York, NY]\112 The Music Never Stopped.flac|The Music Never Stopped
Z:\Grateful Dead\# Dave's Picks #\50 - 1977-05-03 [The Palladium, New York, NY]\201 Might as Well.flac|Might as Well
Z:\Grateful Dead\# Dave's Picks #\50 - 1977-05-03 [The Palladium, New York, NY]\202 Estimated Prophet.flac|Estimated Prophet
Z:\Grateful Dead\# Dave's Picks #\50 - 1977-05-03 [The Palladium, New York, NY]\203 Sugaree.flac|Sugaree
Z:\Grateful Dead\# Dave's Picks #\50 - 1977-05-03 [The Palladium, New York, NY]\204 Samson and Delilah.flac|Samson and Delilah
Z:\Grateful Dead\# Dave's Picks #\50 - 1977-05-03 [The Palladium, New York, NY]\205 Friend of the Devil.flac|Friend of the Devil
Z:\Grateful Dead\# Dave's Picks #\50 - 1977-05-03 [The Palladium, New York, NY]\206 Eyes of the World ].flac|Eyes of the World ]
Z:\Grateful Dead\# Dave's Picks #\50 - 1977-05-03 [The Palladium, New York, NY]\207 Space ].flac|Space ]
Z:\Grateful Dead\# Dave's Picks #\50 - 1977-05-03 [The Palladium, New York, NY]\208 Wharf Rat ].flac|Wharf Rat ]
Z:\Grateful Dead\# Dave's Picks #\50 - 1977-05-03 [The Palladium, New York, NY]\209 Drums ].flac|Drums ]
Z:\Grateful Dead\# Dave's Picks #\50 - 1977-05-03 [The Palladium, New York, NY]\210 Not Fade Away ].flac|Not Fade Away ]
Z:\Grateful Dead\# Dave's Picks #\50 - 1977-05-03 [The Palladium, New York, NY]\211 Around and Around.flac|Around and Around
Z:\Grateful Dead\# Dave's Picks #\50 - 1977-05-03 [The Palladium, New York, NY]\212 Uncle John's Band.flac|Uncle John's Band
Z:\Grateful Dead\# Dave's Picks #\50 - 1977-05-04 [The Palladium, New York, NY] %I II (Bonus + added tracks)\101 Big River.flac|Big River
Z:\Grateful Dead\# Dave's Picks #\50 - 1977-05-04 [The Palladium, New York, NY] %I II (Bonus + added tracks)\102 Mississippi Half-Step Uptown Toodeloo ].flac|Mississippi Half-Step Uptown Toodeloo ]
Z:\Grateful Dead\# Dave's Picks #\50 - 1977-05-04 [The Palladium, New York, NY] %I II (Bonus + added tracks)\103 They Love Each Other.flac|They Love Each Other
Z:\Grateful Dead\# Dave's Picks #\50 - 1977-05-04 [The Palladium, New York, NY] %I II (Bonus + added tracks)\105 It Must Have Been the Roses.flac|It Must Have Been the Roses
Z:\Grateful Dead\# Dave's Picks #\50 - 1977-05-04 [The Palladium, New York, NY] %I II (Bonus + added tracks)\110 Dancing in the Street.flac|Dancing in the Street
Z:\Grateful Dead\# Dave's Picks #\50 - 1977-05-04 [The Palladium, New York, NY] %I II (Bonus + added tracks)\201 Estimated Prophet.flac|Estimated Prophet
Z:\Grateful Dead\# Dave's Picks #\50 - 1977-05-04 [The Palladium, New York, NY] %I II (Bonus + added tracks)\202 Scarlet Begonias ].flac|Scarlet Begonias ]
Z:\Grateful Dead\# Dave's Picks #\50 - 1977-05-04 [The Palladium, New York, NY] %I II (Bonus + added tracks)\203 Fire on the Mountain.flac|Fire on the Mountain
Z:\Grateful Dead\# Dave's Picks #\50 - 1977-05-04 [The Palladium, New York, NY] %I II (Bonus + added tracks)\204 Terrapin Station ].flac|Terrapin Station ]
Z:\Grateful Dead\# Dave's Picks #\50 - 1977-05-04 [The Palladium, New York, NY] %I II (Bonus + added tracks)\205 Playing in the Band ].flac|Playing in the Band ]
Z:\Grateful Dead\# Dave's Picks #\50 - 1977-05-04 [The Palladium, New York, NY] %I II (Bonus + added tracks)\206 Comes a Time ].flac|Comes a Time ]
Z:\Grateful Dead\# Dave's Picks #\50 - 1977-05-04 [The Palladium, New York, NY] %I II (Bonus + added tracks)\207 Playing in the Band.flac|Playing in the Band
Z:\Grateful Dead\# Dave's Picks #\51 - 1970-10-24 [Kiel Opera House, St. Louis, MO] %II\203 Me And My Uncle.flac|Me And My Uncle
Z:\Grateful Dead\# Dave's Picks #\51 - 1970-10-24 [Kiel Opera House, St. Louis, MO] %II\204 Friend Of The Devil.flac|Friend Of The Devil
Z:\Grateful Dead\# Dave's Picks #\51 - 1970-10-24 [Kiel Opera House, St. Louis, MO] %II\205 Cold Rain And Snow.flac|Cold Rain And Snow
Z:\Grateful Dead\# Dave's Picks #\51 - 1970-10-24 [Kiel Opera House, St. Louis, MO] %II\206 Attics Of My Life.flac|Attics Of My Life
Z:\Grateful Dead\# Dave's Picks #\51 - 1970-10-24 [Kiel Opera House, St. Louis, MO] %II\208 Casey Jones.flac|Casey Jones
Z:\Grateful Dead\# Dave's Picks #\51 - 1971-04-12 [Pittsburgh Civic Arena, Pittsburgh, PA] II\201 Truckin_ ».flac|Truckin  »
Z:\Grateful Dead\# Dave's Picks #\51 - 1971-04-12 [Pittsburgh Civic Arena, Pittsburgh, PA] II\202 Drums ».flac|Drums »
Z:\Grateful Dead\# Dave's Picks #\51 - 1971-04-12 [Pittsburgh Civic Arena, Pittsburgh, PA] II\203 The Other One ».flac|The Other One »
Z:\Grateful Dead\# Dave's Picks #\51 - 1971-04-12 [Pittsburgh Civic Arena, Pittsburgh, PA] II\204 Wharf Rat.flac|Wharf Rat
Z:\Grateful Dead\# Dave's Picks #\51 - 1971-04-12 [Pittsburgh Civic Arena, Pittsburgh, PA] II\205 Me And Bobby McGee.flac|Me And Bobby Mcgee
Z:\Grateful Dead\# Dave's Picks #\51 - 1971-04-12 [Pittsburgh Civic Arena, Pittsburgh, PA] II\206 Casey Jones.flac|Casey Jones
Z:\Grateful Dead\# Dave's Picks #\51 - 1971-04-12 [Pittsburgh Civic Arena, Pittsburgh, PA] II\207 Sugar Magnolia.flac|Sugar Magnolia
Z:\Grateful Dead\# Dave's Picks #\51 - 1971-04-12 [Pittsburgh Civic Arena, Pittsburgh, PA] II\208 Deal ».flac|Deal »
Z:\Grateful Dead\# Dave's Picks #\51 - 1971-04-12 [Pittsburgh Civic Arena, Pittsburgh, PA] II\209 Not Fade Away ».flac|Not Fade Away »
Z:\Grateful Dead\# Dave's Picks #\51 - 1971-04-12 [Pittsburgh Civic Arena, Pittsburgh, PA] II\210 Goin_ Down The Road Feeling Bad ».flac|Goin  Down The Road Feeling Bad »
Z:\Grateful Dead\# Dave's Picks #\51 - 1971-04-12 [Pittsburgh Civic Arena, Pittsburgh, PA] II\211 Turn On Your Lovelight.flac|Turn On Your Lovelight
Z:\Grateful Dead\# Dave's Picks #\51 - 1971-04-13 [The Catholic Youth Center, Scranton, PA]\101 Casey Jones.flac|Casey Jones
Z:\Grateful Dead\# Dave's Picks #\51 - 1971-04-13 [The Catholic Youth Center, Scranton, PA]\102 Mama Tried.flac|Mama Tried
Z:\Grateful Dead\# Dave's Picks #\51 - 1971-04-13 [The Catholic Youth Center, Scranton, PA]\103 Loser.flac|Loser
Z:\Grateful Dead\# Dave's Picks #\51 - 1971-04-13 [The Catholic Youth Center, Scranton, PA]\104 Big Boss Man.flac|Big Boss Man
Z:\Grateful Dead\# Dave's Picks #\51 - 1971-04-13 [The Catholic Youth Center, Scranton, PA]\105 Me And Bobby McGee.flac|Me And Bobby Mcgee
Z:\Grateful Dead\# Dave's Picks #\51 - 1971-04-13 [The Catholic Youth Center, Scranton, PA]\106 Bertha.flac|Bertha
Z:\Grateful Dead\# Dave's Picks #\51 - 1971-04-13 [The Catholic Youth Center, Scranton, PA]\107 Cumberland Blues.flac|Cumberland Blues
Z:\Grateful Dead\# Dave's Picks #\51 - 1971-04-13 [The Catholic Youth Center, Scranton, PA]\108 Big Railroad Blues.flac|Big Railroad Blues
Z:\Grateful Dead\# Dave's Picks #\51 - 1971-04-13 [The Catholic Youth Center, Scranton, PA]\109 Playing In The Band.flac|Playing In The Band
Z:\Grateful Dead\# Dave's Picks #\51 - 1971-04-13 [The Catholic Youth Center, Scranton, PA]\110 Hard To Handle.flac|Hard To Handle
Z:\Grateful Dead\# Dave's Picks #\51 - 1971-04-13 [The Catholic Youth Center, Scranton, PA]\111 Sugar Magnolia.flac|Sugar Magnolia
Z:\Grateful Dead\# Dave's Picks #\51 - 1971-04-13 [The Catholic Youth Center, Scranton, PA]\201 Truckin_ ».flac|Truckin  »
Z:\Grateful Dead\# Dave's Picks #\51 - 1971-04-13 [The Catholic Youth Center, Scranton, PA]\202 Drums ».flac|Drums »
Z:\Grateful Dead\# Dave's Picks #\51 - 1971-04-13 [The Catholic Youth Center, Scranton, PA]\203 Good Lovin_.flac|Good Lovin
Z:\Grateful Dead\# Dave's Picks #\51 - 1971-04-13 [The Catholic Youth Center, Scranton, PA]\204 I Second That Emotion.flac|I Second That Emotion
Z:\Grateful Dead\# Dave's Picks #\51 - 1971-04-13 [The Catholic Youth Center, Scranton, PA]\205 Greatest Story Ever Told ».flac|Greatest Story Ever Told »
Z:\Grateful Dead\# Dave's Picks #\51 - 1971-04-13 [The Catholic Youth Center, Scranton, PA]\206 Johnny B. Goode.flac|Johnny B. Goode
Z:\Grateful Dead\# Dave's Picks #\51 - 1971-04-13 [The Catholic Youth Center, Scranton, PA]\207 Uncle John_s Band.flac|Uncle John S Band
Z:\Grateful Dead\# Dave's Picks #\52 - 1983-09-11 [Downs of Santa Fe, Santa Fe, NM]\101 Alabama Getaway.flac|Alabama Getaway
Z:\Grateful Dead\# Dave's Picks #\52 - 1983-09-11 [Downs of Santa Fe, Santa Fe, NM]\102 Greatest Story Ever Told.flac|Greatest Story Ever Told
Z:\Grateful Dead\# Dave's Picks #\52 - 1983-09-11 [Downs of Santa Fe, Santa Fe, NM]\103 Dire Wolf.flac|Dire Wolf
Z:\Grateful Dead\# Dave's Picks #\52 - 1983-09-11 [Downs of Santa Fe, Santa Fe, NM]\104 Hell in a Bucket.flac|Hell in a Bucket
Z:\Grateful Dead\# Dave's Picks #\52 - 1983-09-11 [Downs of Santa Fe, Santa Fe, NM]\105 West L.A. Fadeaway.flac|West L.A. Fadeaway
Z:\Grateful Dead\# Dave's Picks #\52 - 1983-09-11 [Downs of Santa Fe, Santa Fe, NM]\106 Me and My Uncle.flac|Me and My Uncle
Z:\Grateful Dead\# Dave's Picks #\52 - 1983-09-11 [Downs of Santa Fe, Santa Fe, NM]\107 Mexicali Blues.flac|Mexicali Blues
Z:\Grateful Dead\# Dave's Picks #\52 - 1983-09-11 [Downs of Santa Fe, Santa Fe, NM]\108 Althea.flac|Althea
Z:\Grateful Dead\# Dave's Picks #\52 - 1983-09-11 [Downs of Santa Fe, Santa Fe, NM]\109 C.C. Rider.flac|C.C. Rider
Z:\Grateful Dead\# Dave's Picks #\52 - 1983-09-11 [Downs of Santa Fe, Santa Fe, NM]\110 Might as Well.flac|Might as Well
Z:\Grateful Dead\# Dave's Picks #\52 - 1983-09-11 [Downs of Santa Fe, Santa Fe, NM]\201 Help on the Way.flac|Help on the Way
Z:\Grateful Dead\# Dave's Picks #\52 - 1983-09-11 [Downs of Santa Fe, Santa Fe, NM]\202 Slipknot!.flac|Slipknot!
Z:\Grateful Dead\# Dave's Picks #\52 - 1983-09-11 [Downs of Santa Fe, Santa Fe, NM]\203 Franklin's Tower.flac|Franklin's Tower
Z:\Grateful Dead\# Dave's Picks #\52 - 1983-09-11 [Downs of Santa Fe, Santa Fe, NM]\204 Let It Grow.flac|Let It Grow
Z:\Grateful Dead\# Dave's Picks #\52 - 1983-09-11 [Downs of Santa Fe, Santa Fe, NM]\205 He's Gone.flac|He's Gone
Z:\Grateful Dead\# Dave's Picks #\52 - 1983-09-11 [Downs of Santa Fe, Santa Fe, NM]\206 Drums.flac|Drums
Z:\Grateful Dead\# Dave's Picks #\52 - 1983-09-11 [Downs of Santa Fe, Santa Fe, NM]\207 Space .flac|Space
Z:\Grateful Dead\# Dave's Picks #\52 - 1983-09-11 [Downs of Santa Fe, Santa Fe, NM]\208 Truckin'.flac|Truckin'
Z:\Grateful Dead\# Dave's Picks #\52 - 1983-09-11 [Downs of Santa Fe, Santa Fe, NM]\209 Wang Dang Doodle.flac|Wang Dang Doodle
Z:\Grateful Dead\# Dave's Picks #\52 - 1983-09-11 [Downs of Santa Fe, Santa Fe, NM]\210 Morning Dew.flac|Morning Dew
Z:\Grateful Dead\# Dave's Picks #\52 - 1983-09-11 [Downs of Santa Fe, Santa Fe, NM]\211 Around and Around.flac|Around and Around
Z:\Grateful Dead\# Dave's Picks #\52 - 1983-09-11 [Downs of Santa Fe, Santa Fe, NM]\212 Sugar Magnolia.flac|Sugar Magnolia
Z:\Grateful Dead\# Dave's Picks #\52 - 1983-09-11 [Downs of Santa Fe, Santa Fe, NM]\213 U.S. Blues.flac|U.S. Blues
Z:\Grateful Dead\# Dave's Picks #\52 - 1983-09-11 [Downs of Santa Fe, Santa Fe, NM]\214 Cumberland Blues.flac|Cumberland Blues
Z:\Grateful Dead\# Dave's Picks #\52 - 1983-09-11 [Downs of Santa Fe, Santa Fe, NM]\215 Playing in the Band.flac|Playing in the Band
Z:\Grateful Dead\# Dave's Picks #\52 - 1983-09-11 [Downs of Santa Fe, Santa Fe, NM]\216 China Doll.flac|China Doll
Z:\Grateful Dead\# Dave's Picks #\53 - 1976-10-02 [Riverfront Coliseum, Cincinnati, OH]\101 Promised Land.flac|Promised Land
Z:\Grateful Dead\# Dave's Picks #\53 - 1976-10-02 [Riverfront Coliseum, Cincinnati, OH]\102 They Love Each Other.flac|They Love Each Other
Z:\Grateful Dead\# Dave's Picks #\53 - 1976-10-02 [Riverfront Coliseum, Cincinnati, OH]\103 New Minglewood Blues.flac|Minglewood Blues
Z:\Grateful Dead\# Dave's Picks #\53 - 1976-10-02 [Riverfront Coliseum, Cincinnati, OH]\104 Row Jimmy.flac|Row Jimmy
Z:\Grateful Dead\# Dave's Picks #\53 - 1976-10-02 [Riverfront Coliseum, Cincinnati, OH]\105 El Paso.flac|El Paso
Z:\Grateful Dead\# Dave's Picks #\53 - 1976-10-02 [Riverfront Coliseum, Cincinnati, OH]\106 Tennessee Jed.flac|Tennessee Jed
Z:\Grateful Dead\# Dave's Picks #\53 - 1976-10-02 [Riverfront Coliseum, Cincinnati, OH]\107 It's All Over Now.flac|It's All Over Now
Z:\Grateful Dead\# Dave's Picks #\53 - 1976-10-02 [Riverfront Coliseum, Cincinnati, OH]\108 Brown-Eyed Women.flac|Brown Eyed Women
Z:\Grateful Dead\# Dave's Picks #\53 - 1976-10-02 [Riverfront Coliseum, Cincinnati, OH]\109 Let It Grow.flac|Let It Grow
Z:\Grateful Dead\# Dave's Picks #\53 - 1976-10-02 [Riverfront Coliseum, Cincinnati, OH]\110 Might As Well.flac|Might As Well
Z:\Grateful Dead\# Dave's Picks #\53 - 1976-10-02 [Riverfront Coliseum, Cincinnati, OH]\201 The Music Never Stopped.flac|The Music Never Stopped
Z:\Grateful Dead\# Dave's Picks #\53 - 1976-10-02 [Riverfront Coliseum, Cincinnati, OH]\202 Candyman.flac|Candyman
Z:\Grateful Dead\# Dave's Picks #\53 - 1976-10-02 [Riverfront Coliseum, Cincinnati, OH]\203 Samson And Delilah.flac|Samson And Delilah
Z:\Grateful Dead\# Dave's Picks #\53 - 1976-10-02 [Riverfront Coliseum, Cincinnati, OH]\204 It Must Have Been The Roses.flac|It Must Have Been The Roses
Z:\Grateful Dead\# Dave's Picks #\53 - 1976-10-02 [Riverfront Coliseum, Cincinnati, OH]\205 Big River.flac|Big River
Z:\Grateful Dead\# Dave's Picks #\53 - 1976-10-02 [Riverfront Coliseum, Cincinnati, OH]\206 Friend Of The Devil.flac|Friend Of The Devil
Z:\Grateful Dead\# Dave's Picks #\53 - 1976-10-02 [Riverfront Coliseum, Cincinnati, OH]\207 Dancing In The Street.flac|Dancing In The Street
Z:\Grateful Dead\# Dave's Picks #\53 - 1976-10-02 [Riverfront Coliseum, Cincinnati, OH]\208 Drums.flac|Drums
Z:\Grateful Dead\# Dave's Picks #\53 - 1976-10-02 [Riverfront Coliseum, Cincinnati, OH]\209 The Other One.flac|The Other One
Z:\Grateful Dead\# Dave's Picks #\53 - 1976-10-02 [Riverfront Coliseum, Cincinnati, OH]\210 Stella Blue.flac|Stella Blue
Z:\Grateful Dead\# Dave's Picks #\53 - 1976-10-02 [Riverfront Coliseum, Cincinnati, OH]\211 The Other One.flac|The Other One
Z:\Grateful Dead\# Dave's Picks #\53 - 1976-10-02 [Riverfront Coliseum, Cincinnati, OH]\212 Sugar Magnolia.flac|Sugar Magnolia
Z:\Grateful Dead\# Dave's Picks #\53 - 1977-05-04 [Palladium, New York, NY] % Filler\105 New Minglewood Blues.flac|New Minglewood Blues
Z:\Grateful Dead\# Dave's Picks #\53 - 1977-05-04 [Palladium, New York, NY] % Filler\107 Cassidy.flac|Cassidy
Z:\Grateful Dead\# Dave's Picks #\53 - 1977-05-04 [Palladium, New York, NY] % Filler\108 Deal.flac|Deal
Z:\Grateful Dead\# Dave's Picks #\53 - 1977-05-04 [Palladium, New York, NY] % Filler\109 Looks Like Rain.flac|Looks Like Rain
Z:\Grateful Dead\# Dave's Picks #\53 - 1977-05-04 [Palladium, New York, NY] % Filler\110 Brown-Eyed Women.flac|Brown-Eyed Women
Z:\Grateful Dead\# Dave's Picks #\54 - 1973-03-26 [Civic Center, Baltimore, MD]\101 Promised Land.flac|Promised Land
Z:\Grateful Dead\# Dave's Picks #\54 - 1973-03-26 [Civic Center, Baltimore, MD]\102 Mississippi Half-Step Uptown Toodeloo.flac|Mississippi Half Step Uptown Toodeloo
Z:\Grateful Dead\# Dave's Picks #\54 - 1973-03-26 [Civic Center, Baltimore, MD]\103 The Race Is On.flac|The Race Is On
Z:\Grateful Dead\# Dave's Picks #\54 - 1973-03-26 [Civic Center, Baltimore, MD]\104 Wave That Flag.flac|Wave That Flag
Z:\Grateful Dead\# Dave's Picks #\54 - 1973-03-26 [Civic Center, Baltimore, MD]\105 Jack Straw.flac|Jack Straw
Z:\Grateful Dead\# Dave's Picks #\54 - 1973-03-26 [Civic Center, Baltimore, MD]\106 Sugaree.flac|Sugaree
Z:\Grateful Dead\# Dave's Picks #\54 - 1973-03-26 [Civic Center, Baltimore, MD]\107 Mexicali Blues.flac|Mexicali Blues
Z:\Grateful Dead\# Dave's Picks #\54 - 1973-03-26 [Civic Center, Baltimore, MD]\108 Box of Rain.flac|Box of Rain
Z:\Grateful Dead\# Dave's Picks #\54 - 1973-03-26 [Civic Center, Baltimore, MD]\109 Row Jimmy.flac|Row Jimmy
Z:\Grateful Dead\# Dave's Picks #\54 - 1973-03-26 [Civic Center, Baltimore, MD]\110 Beat It On Down the Line.flac|Beat It On Down the Line
Z:\Grateful Dead\# Dave's Picks #\54 - 1973-03-26 [Civic Center, Baltimore, MD]\111 Brown-Eyed Women.flac|Brown Eyed Women
Z:\Grateful Dead\# Dave's Picks #\54 - 1973-03-26 [Civic Center, Baltimore, MD]\112 El Paso.flac|El Paso
Z:\Grateful Dead\# Dave's Picks #\54 - 1973-03-26 [Civic Center, Baltimore, MD]\113 China Cat Sunflower ].flac|China Cat Sunflower
Z:\Grateful Dead\# Dave's Picks #\54 - 1973-03-26 [Civic Center, Baltimore, MD]\114 I Know You Rider.flac|I Know You Rider
Z:\Grateful Dead\# Dave's Picks #\54 - 1973-03-26 [Civic Center, Baltimore, MD]\115 Looks Like Rain.flac|Looks Like Rain
Z:\Grateful Dead\# Dave's Picks #\54 - 1973-03-26 [Civic Center, Baltimore, MD]\116 Don't Ease Me In.flac|Don't Ease Me In
Z:\Grateful Dead\# Dave's Picks #\54 - 1973-03-26 [Civic Center, Baltimore, MD]\117 Playing in the Band.flac|Playing in the Band
Z:\Grateful Dead\# Dave's Picks #\54 - 1973-03-26 [Civic Center, Baltimore, MD]\201 Wolfman Jack Introduction.flac|Wolfman Jack Introduction
Z:\Grateful Dead\# Dave's Picks #\54 - 1973-03-26 [Civic Center, Baltimore, MD]\202 Ramble On Rose.flac|Ramble On Rose
Z:\Grateful Dead\# Dave's Picks #\54 - 1973-03-26 [Civic Center, Baltimore, MD]\203 Big River.flac|Big River
Z:\Grateful Dead\# Dave's Picks #\54 - 1973-03-26 [Civic Center, Baltimore, MD]\204 Here Comes Sunshine.flac|Here Comes Sunshine
Z:\Grateful Dead\# Dave's Picks #\54 - 1973-03-26 [Civic Center, Baltimore, MD]\205 Greatest Story Ever Told.flac|Greatest Story Ever Told
Z:\Grateful Dead\# Dave's Picks #\54 - 1973-03-26 [Civic Center, Baltimore, MD]\206 Candyman.flac|Candyman
Z:\Grateful Dead\# Dave's Picks #\54 - 1973-03-26 [Civic Center, Baltimore, MD]\207 Me and My Uncle.flac|Me and My Uncle
Z:\Grateful Dead\# Dave's Picks #\54 - 1973-03-26 [Civic Center, Baltimore, MD]\208 One More Saturday Night.flac|One More Saturday Night
Z:\Grateful Dead\# Dave's Picks #\54 - 1973-03-26 [Civic Center, Baltimore, MD]\209 He's Gone ].flac|He's Gone
Z:\Grateful Dead\# Dave's Picks #\54 - 1973-03-26 [Civic Center, Baltimore, MD]\210 Truckin' ].flac|Truckin'
Z:\Grateful Dead\# Dave's Picks #\54 - 1973-03-26 [Civic Center, Baltimore, MD]\211 Weather Report Suite- Prelude ].flac|Weather Report Suite Prelude
Z:\Grateful Dead\# Dave's Picks #\54 - 1973-03-26 [Civic Center, Baltimore, MD]\212 Jam ].flac|Jam
Z:\Grateful Dead\# Dave's Picks #\54 - 1973-03-26 [Civic Center, Baltimore, MD]\213 Wharf Rat ].flac|Wharf Rat
Z:\Grateful Dead\# Dave's Picks #\54 - 1973-03-26 [Civic Center, Baltimore, MD]\214 Me and Bobby McGee ].flac|Me and Bobby McGee
Z:\Grateful Dead\# Dave's Picks #\54 - 1973-03-26 [Civic Center, Baltimore, MD]\215 Eyes of the World ].flac|Eyes of the World
Z:\Grateful Dead\# Dave's Picks #\54 - 1973-03-26 [Civic Center, Baltimore, MD]\216 Morning Dew.flac|Morning Dew
Z:\Grateful Dead\# Dave's Picks #\54 - 1973-03-26 [Civic Center, Baltimore, MD]\217 Playing in the Band.flac|Playing in the Band
Z:\Grateful Dead\# Dave's Picks #\54 - 1973-03-26 [Civic Center, Baltimore, MD]\218 He's Gone ].flac|He's Gone
Z:\Grateful Dead\# Dave's Picks #\54 - 1973-03-26 [Civic Center, Baltimore, MD]\219 Truckin' ].flac|Truckin'
Z:\Grateful Dead\# Dave's Picks #\54 - 1973-03-26 [Civic Center, Baltimore, MD]\220 Drums ].flac|Drums
Z:\Grateful Dead\# Dave's Picks #\54 - 1973-03-26 [Civic Center, Baltimore, MD]\221 The Other One ].flac|The Other One
Z:\Grateful Dead\# Dave's Picks #\54 - 1973-03-26 [Civic Center, Baltimore, MD]\222 Jam ].flac|Jam
Z:\Grateful Dead\# Dave's Picks #\54 - 1973-03-26 [Civic Center, Baltimore, MD]\223 I Know You Rider.flac|I Know You Rider
Z:\Grateful Dead\# Dave's Picks #\54 - 1973-03-26 [Civic Center, Baltimore, MD]\224 Sugar Magnolia.flac|Sugar Magnolia
Z:\Grateful Dead\# Dave's Picks #\55\55 - 1990-10-28 [Le Zenith, Paris, France]\101 Touch Of Grey.flac|Touch Of Grey >
Z:\Grateful Dead\# Dave's Picks #\55\55 - 1990-10-28 [Le Zenith, Paris, France]\102 Walkin’ Blues.flac|Walkin’ Blues
Z:\Grateful Dead\# Dave's Picks #\55\55 - 1990-10-28 [Le Zenith, Paris, France]\103 Candyman.flac|Candyman
Z:\Grateful Dead\# Dave's Picks #\55\55 - 1990-10-28 [Le Zenith, Paris, France]\104 Box of Rain.flac|Box of Rain
Z:\Grateful Dead\# Dave's Picks #\55\55 - 1990-10-28 [Le Zenith, Paris, France]\105 Mexicali Blues.flac|Mexicali Blues >
Z:\Grateful Dead\# Dave's Picks #\55\55 - 1990-10-28 [Le Zenith, Paris, France]\106 Maggie’s Farm.flac|Maggie’s Farm
Z:\Grateful Dead\# Dave's Picks #\55\55 - 1990-10-28 [Le Zenith, Paris, France]\107 Althea.flac|Althea
Z:\Grateful Dead\# Dave's Picks #\55\55 - 1990-10-28 [Le Zenith, Paris, France]\108 Cassidy.flac|Cassidy
Z:\Grateful Dead\# Dave's Picks #\55\55 - 1990-10-28 [Le Zenith, Paris, France]\109 Tennessee Jed.flac|Tennessee Jed
Z:\Grateful Dead\# Dave's Picks #\55\55 - 1990-10-28 [Le Zenith, Paris, France]\110 Stander on the Mountain.flac|Stander on the Mountain
Z:\Grateful Dead\# Dave's Picks #\55\55 - 1990-10-28 [Le Zenith, Paris, France]\201 Victim Or The Crime.flac|Victim Or The Crime >
Z:\Grateful Dead\# Dave's Picks #\55\55 - 1990-10-28 [Le Zenith, Paris, France]\202 Eyes Of The World.flac|Eyes Of The World >
Z:\Grateful Dead\# Dave's Picks #\55\55 - 1990-10-28 [Le Zenith, Paris, France]\203 Estimated Prophet.flac|Estimated Prophet >
Z:\Grateful Dead\# Dave's Picks #\55\55 - 1990-10-28 [Le Zenith, Paris, France]\204 Uncle John's Band.flac|Uncle John's Band >
Z:\Grateful Dead\# Dave's Picks #\55\55 - 1990-10-28 [Le Zenith, Paris, France]\205 Drums.flac|Drums >
Z:\Grateful Dead\# Dave's Picks #\55\55 - 1990-10-28 [Le Zenith, Paris, France]\206 Space.flac|Space >
Z:\Grateful Dead\# Dave's Picks #\55\55 - 1990-10-28 [Le Zenith, Paris, France]\207 The Other One.flac|The Other One >
Z:\Grateful Dead\# Dave's Picks #\55\55 - 1990-10-28 [Le Zenith, Paris, France]\208 Wharf Rat.flac|Wharf Rat >
Z:\Grateful Dead\# Dave's Picks #\55\55 - 1990-10-28 [Le Zenith, Paris, France]\209 Sugar Magnolia.flac|Sugar Magnolia
Z:\Grateful Dead\# Dave's Picks #\55\55 - 1990-10-28 [Le Zenith, Paris, France]\210 Knockin’ on Heaven’s Door.flac|Knockin’ on Heaven’s Door
Z:\Grateful Dead\# Dave's Picks #\55\55 - 1990-10-30 [Wembley Arena, London, England]\107 Let It Grow _.flac|Let It Grow >
Z:\Grateful Dead\# Dave's Picks #\55\55 - 1990-10-30 [Wembley Arena, London, England]\108 Jam _.flac|Jam >
Z:\Grateful Dead\# Dave's Picks #\55\55 - 1990-10-30 [Wembley Arena, London, England]\109 Valley Road.flac|Valley Road
Z:\Grateful Dead\# Dave's Picks #\55\55 - 1990-10-30 [Wembley Arena, London, England]\201 Picasso Moon _.flac|Picasso Moon >
Z:\Grateful Dead\# Dave's Picks #\55\55 - 1990-10-30 [Wembley Arena, London, England]\202 Foolish Heart _.flac|Foolish Heart >
Z:\Grateful Dead\# Dave's Picks #\55\55 - 1990-10-30 [Wembley Arena, London, England]\203 Looks Like Rain _.flac|Looks Like Rain >
Z:\Grateful Dead\# Dave's Picks #\55\55 - 1990-10-30 [Wembley Arena, London, England]\204 Terrapin Station.flac|Terrapin Station
Z:\Grateful Dead\# Dave's Picks #\99 - 1977-05-04 [Palladium, New York, NY] % DP50&53\101 Big River.flac|Big River
Z:\Grateful Dead\# Dave's Picks #\99 - 1977-05-04 [Palladium, New York, NY] % DP50&53\102 Mississippi Half-Step Uptown Toodeloo ].flac|Mississippi Half-Step Uptown Toodeloo ]
Z:\Grateful Dead\# Dave's Picks #\99 - 1977-05-04 [Palladium, New York, NY] % DP50&53\103 They Love Each Other.flac|They Love Each Other
Z:\Grateful Dead\# Dave's Picks #\99 - 1977-05-04 [Palladium, New York, NY] % DP50&53\105 It Must Have Been the Roses.flac|It Must Have Been the Roses
Z:\Grateful Dead\# Dave's Picks #\99 - 1977-05-04 [Palladium, New York, NY] % DP50&53\105 New Minglewood Blues.flac|New Minglewood Blues
Z:\Grateful Dead\# Dave's Picks #\99 - 1977-05-04 [Palladium, New York, NY] % DP50&53\107 Cassidy.flac|Cassidy
Z:\Grateful Dead\# Dave's Picks #\99 - 1977-05-04 [Palladium, New York, NY] % DP50&53\108 Deal.flac|Deal
Z:\Grateful Dead\# Dave's Picks #\99 - 1977-05-04 [Palladium, New York, NY] % DP50&53\109 Looks Like Rain.flac|Looks Like Rain
Z:\Grateful Dead\# Dave's Picks #\99 - 1977-05-04 [Palladium, New York, NY] % DP50&53\110 Brown-Eyed Women.flac|Brown-Eyed Women
Z:\Grateful Dead\# Dave's Picks #\99 - 1977-05-04 [Palladium, New York, NY] % DP50&53\110 Dancing in the Street.flac|Dancing in the Street
Z:\Grateful Dead\# Dave's Picks #\99 - 1977-05-04 [Palladium, New York, NY] % DP50&53\201 Estimated Prophet.flac|Estimated Prophet
Z:\Grateful Dead\# Dave's Picks #\99 - 1977-05-04 [Palladium, New York, NY] % DP50&53\202 Scarlet Begonias ].flac|Scarlet Begonias ]
Z:\Grateful Dead\# Dave's Picks #\99 - 1977-05-04 [Palladium, New York, NY] % DP50&53\203 Fire on the Mountain.flac|Fire on the Mountain
Z:\Grateful Dead\# Dave's Picks #\99 - 1977-05-04 [Palladium, New York, NY] % DP50&53\204 Terrapin Station ].flac|Terrapin Station ]
Z:\Grateful Dead\# Dave's Picks #\99 - 1977-05-04 [Palladium, New York, NY] % DP50&53\205 Playing in the Band ].flac|Playing in the Band ]
Z:\Grateful Dead\# Dave's Picks #\99 - 1977-05-04 [Palladium, New York, NY] % DP50&53\206 Comes a Time ].flac|Comes a Time ]
Z:\Grateful Dead\# Dave's Picks #\99 - 1977-05-04 [Palladium, New York, NY] % DP50&53\207 Playing in the Band.flac|Playing in the Band
Z:\Grateful Dead\# Studio Albums #\50th Anniversary Deluxe (24 Bit)\1967 - The Grateful Dead + Show\1966-07-29 [P.N.E. Garden Auditorium, Vancouver, British Columbia]\01 Standing On The Corner.flac|Standing On The Corner
Z:\Grateful Dead\# Studio Albums #\50th Anniversary Deluxe (24 Bit)\1967 - The Grateful Dead + Show\1966-07-29 [P.N.E. Garden Auditorium, Vancouver, British Columbia]\02 I Know You Rider.flac|I Know You Rider
Z:\Grateful Dead\# Studio Albums #\50th Anniversary Deluxe (24 Bit)\1967 - The Grateful Dead + Show\1966-07-29 [P.N.E. Garden Auditorium, Vancouver, British Columbia]\03 Next Time You See Me.flac|Next Time You See Me
Z:\Grateful Dead\# Studio Albums #\50th Anniversary Deluxe (24 Bit)\1967 - The Grateful Dead + Show\1966-07-29 [P.N.E. Garden Auditorium, Vancouver, British Columbia]\04 Sittin' On Top Of The World.flac|Sittin' On Top Of The World
Z:\Grateful Dead\# Studio Albums #\50th Anniversary Deluxe (24 Bit)\1967 - The Grateful Dead + Show\1966-07-29 [P.N.E. Garden Auditorium, Vancouver, British Columbia]\05 You Don't Have To Ask.flac|You Don't Have To Ask
Z:\Grateful Dead\# Studio Albums #\50th Anniversary Deluxe (24 Bit)\1967 - The Grateful Dead + Show\1966-07-29 [P.N.E. Garden Auditorium, Vancouver, British Columbia]\06 Big Boss Man.flac|Big Boss Man
Z:\Grateful Dead\# Studio Albums #\50th Anniversary Deluxe (24 Bit)\1967 - The Grateful Dead + Show\1966-07-29 [P.N.E. Garden Auditorium, Vancouver, British Columbia]\07 Stealin'.flac|Stealin'
Z:\Grateful Dead\# Studio Albums #\50th Anniversary Deluxe (24 Bit)\1967 - The Grateful Dead + Show\1966-07-29 [P.N.E. Garden Auditorium, Vancouver, British Columbia]\08 Cardboard Cowboy.flac|Cardboard Cowboy
Z:\Grateful Dead\# Studio Albums #\50th Anniversary Deluxe (24 Bit)\1967 - The Grateful Dead + Show\1966-07-29 [P.N.E. Garden Auditorium, Vancouver, British Columbia]\09 It's All Over Now, Baby Blue.flac|It's All Over Now, Baby Blue
Z:\Grateful Dead\# Studio Albums #\50th Anniversary Deluxe (24 Bit)\1967 - The Grateful Dead + Show\1966-07-29 [P.N.E. Garden Auditorium, Vancouver, British Columbia]\10 Beat It On Down The Line.flac|Beat It On Down The Line
Z:\Grateful Dead\# Studio Albums #\50th Anniversary Deluxe (24 Bit)\1967 - The Grateful Dead + Show\1966-07-29 [P.N.E. Garden Auditorium, Vancouver, British Columbia]\22-Good Mornin' Little Schoolgirl.flac|Good Mornin' Little Schoolgirl
Z:\Grateful Dead\# Studio Albums #\50th Anniversary Deluxe (24 Bit)\1967 - The Grateful Dead + Show\1966-07-30 [P.N.E. Garden Auditorium, Vancouver, British Columbia]\01-Cold Rain And Snow.flac|Cold Rain And Snow
Z:\Grateful Dead\# Studio Albums #\50th Anniversary Deluxe (24 Bit)\1967 - The Grateful Dead + Show\1966-07-30 [P.N.E. Garden Auditorium, Vancouver, British Columbia]\02-One Kind Favor.flac|One Kind Favor
Z:\Grateful Dead\# Studio Albums #\50th Anniversary Deluxe (24 Bit)\1967 - The Grateful Dead + Show\1966-07-30 [P.N.E. Garden Auditorium, Vancouver, British Columbia]\03-Hey Little One.flac|Hey Little One
Z:\Grateful Dead\# Studio Albums #\50th Anniversary Deluxe (24 Bit)\1967 - The Grateful Dead + Show\1966-07-30 [P.N.E. Garden Auditorium, Vancouver, British Columbia]\04-New, New Minglewood Blues.flac|New, New Minglewood Blues
Z:\Grateful Dead\# Studio Albums #\50th Anniversary Deluxe (24 Bit)\1967 - The Grateful Dead + Show\1967 - The Grateful Dead (50th Anniversary Deluxe Edition)\01 The Golden Road To Unlimted Devotion.flac|The Golden Road To Unlimted Devotion
Z:\Grateful Dead\# Studio Albums #\50th Anniversary Deluxe (24 Bit)\1967 - The Grateful Dead + Show\1967 - The Grateful Dead (50th Anniversary Deluxe Edition)\02 Beat It On DownTthe Line.flac|Beat It On DownTthe Line
Z:\Grateful Dead\# Studio Albums #\50th Anniversary Deluxe (24 Bit)\1967 - The Grateful Dead + Show\1967 - The Grateful Dead (50th Anniversary Deluxe Edition)\03 Good Mornin' Little School Girl.flac|Good Mornin' Little School Girl
Z:\Grateful Dead\# Studio Albums #\50th Anniversary Deluxe (24 Bit)\1967 - The Grateful Dead + Show\1967 - The Grateful Dead (50th Anniversary Deluxe Edition)\04 Cold Rain and Snow.flac|Cold Rain and Snow
Z:\Grateful Dead\# Studio Albums #\50th Anniversary Deluxe (24 Bit)\1967 - The Grateful Dead + Show\1967 - The Grateful Dead (50th Anniversary Deluxe Edition)\05 Sittin' on Top of the World.flac|Sittin' on Top of the World
Z:\Grateful Dead\# Studio Albums #\50th Anniversary Deluxe (24 Bit)\1967 - The Grateful Dead + Show\1967 - The Grateful Dead (50th Anniversary Deluxe Edition)\06 Cream Puff War.flac|Cream Puff War
Z:\Grateful Dead\# Studio Albums #\50th Anniversary Deluxe (24 Bit)\1967 - The Grateful Dead + Show\1967 - The Grateful Dead (50th Anniversary Deluxe Edition)\07  Morning Dew.flac|Morning Dew
Z:\Grateful Dead\# Studio Albums #\50th Anniversary Deluxe (24 Bit)\1967 - The Grateful Dead + Show\1967 - The Grateful Dead (50th Anniversary Deluxe Edition)\08 New, New Minglewood Blues.flac|New, New Minglewood Blues
Z:\Grateful Dead\# Studio Albums #\50th Anniversary Deluxe (24 Bit)\1967 - The Grateful Dead + Show\1967 - The Grateful Dead (50th Anniversary Deluxe Edition)\09 Viola Lee Blues.flac|Viola Lee Blues
Z:\Grateful Dead\# Studio Albums #\50th Anniversary Deluxe (24 Bit)\1968 - Anthem Of The Sun +Show\1967-10-22 [Marijuana Defense Benefit - Winterland Arena, San Francisco, CA]\01_Morning_Dew.flac|Morning Dew
Z:\Grateful Dead\# Studio Albums #\50th Anniversary Deluxe (24 Bit)\1968 - Anthem Of The Sun +Show\1967-10-22 [Marijuana Defense Benefit - Winterland Arena, San Francisco, CA]\02_New_Pot.flac|New Potato Caboose
Z:\Grateful Dead\# Studio Albums #\50th Anniversary Deluxe (24 Bit)\1968 - Anthem Of The Sun +Show\1967-10-22 [Marijuana Defense Benefit - Winterland Arena, San Francisco, CA]\03_It_Hurts.flac|It Hurts Me Too Live
Z:\Grateful Dead\# Studio Albums #\50th Anniversary Deluxe (24 Bit)\1968 - Anthem Of The Sun +Show\1967-10-22 [Marijuana Defense Benefit - Winterland Arena, San Francisco, CA]\04_Cold.flac|Cold Rain And Snow
Z:\Grateful Dead\# Studio Albums #\50th Anniversary Deluxe (24 Bit)\1968 - Anthem Of The Sun +Show\1967-10-22 [Marijuana Defense Benefit - Winterland Arena, San Francisco, CA]\05_Turn_On.flac|Turn On Your Love Light Live
Z:\Grateful Dead\# Studio Albums #\50th Anniversary Deluxe (24 Bit)\1968 - Anthem Of The Sun +Show\1967-10-22 [Marijuana Defense Benefit - Winterland Arena, San Francisco, CA]\06_Beat_It.flac|Beat It On Down The Line
Z:\Grateful Dead\# Studio Albums #\50th Anniversary Deluxe (24 Bit)\1968 - Anthem Of The Sun +Show\1967-10-22 [Marijuana Defense Benefit - Winterland Arena, San Francisco, CA]\07_That's_It.flac|That's It For The Other One...
Z:\Grateful Dead\# Studio Albums #\50th Anniversary Deluxe (24 Bit)\1968 - Anthem Of The Sun +Show\1968 - Anthem Of The Sun (50th Anniversary Deluxe Edition)\01_That's_It_For_The_Other_One_.flac|That's It For The Other One
Z:\Grateful Dead\# Studio Albums #\50th Anniversary Deluxe (24 Bit)\1968 - Anthem Of The Sun +Show\1968 - Anthem Of The Sun (50th Anniversary Deluxe Edition)\02_New_Potato_Caboose.flac|New Potato Caboose
Z:\Grateful Dead\# Studio Albums #\50th Anniversary Deluxe (24 Bit)\1968 - Anthem Of The Sun +Show\1968 - Anthem Of The Sun (50th Anniversary Deluxe Edition)\03_Born_Cross-Eyed.flac|Born Cross-Eyed
Z:\Grateful Dead\# Studio Albums #\50th Anniversary Deluxe (24 Bit)\1968 - Anthem Of The Sun +Show\1968 - Anthem Of The Sun (50th Anniversary Deluxe Edition)\04_Alligator.flac|Alligator 1968
Z:\Grateful Dead\# Studio Albums #\50th Anniversary Deluxe (24 Bit)\1968 - Anthem Of The Sun +Show\1968 - Anthem Of The Sun (50th Anniversary Deluxe Edition)\05_Caution_Do_Not_Stop_On_Tracks.flac|Caution Do Not Stop On Tracks
Z:\Grateful Dead\# Studio Albums #\50th Anniversary Deluxe (24 Bit)\1968 - Anthem Of The Sun +Show\1971 - Anthem Of The Sun (50th Anniversary Deluxe Edition)\01_That's_It_For_The_Other_One....flac|That's It For The Other One...
Z:\Grateful Dead\# Studio Albums #\50th Anniversary Deluxe (24 Bit)\1968 - Anthem Of The Sun +Show\1971 - Anthem Of The Sun (50th Anniversary Deluxe Edition)\02_New_Potato_Caboose.flac|New Potato Caboose
Z:\Grateful Dead\# Studio Albums #\50th Anniversary Deluxe (24 Bit)\1968 - Anthem Of The Sun +Show\1971 - Anthem Of The Sun (50th Anniversary Deluxe Edition)\03_Born_Cross-Eyed.flac|Born Cross-Eyed
Z:\Grateful Dead\# Studio Albums #\50th Anniversary Deluxe (24 Bit)\1968 - Anthem Of The Sun +Show\1971 - Anthem Of The Sun (50th Anniversary Deluxe Edition)\04_Alligator.flac|Alligator
Z:\Grateful Dead\# Studio Albums #\50th Anniversary Deluxe (24 Bit)\1968 - Anthem Of The Sun +Show\1971 - Anthem Of The Sun (50th Anniversary Deluxe Edition)\05_Caution.flac|Caution Do Not Stop On The Tracks
Z:\Grateful Dead\# Studio Albums #\50th Anniversary Deluxe (24 Bit)\1969 - Aoxomoxoa + Show\1969 - Aoxomoxoa (50th Anniversary Deluxe Edition)\01 St. Stephen.flac|St. Stephen
Z:\Grateful Dead\# Studio Albums #\50th Anniversary Deluxe (24 Bit)\1969 - Aoxomoxoa + Show\1969 - Aoxomoxoa (50th Anniversary Deluxe Edition)\02 Dupree's Diamond Blues.flac|Dupree's Diamond Blues
Z:\Grateful Dead\# Studio Albums #\50th Anniversary Deluxe (24 Bit)\1969 - Aoxomoxoa + Show\1969 - Aoxomoxoa (50th Anniversary Deluxe Edition)\03 Rosemary.flac|Rosemary
Z:\Grateful Dead\# Studio Albums #\50th Anniversary Deluxe (24 Bit)\1969 - Aoxomoxoa + Show\1969 - Aoxomoxoa (50th Anniversary Deluxe Edition)\04 Doin' That Rag.flac|Doin' That Rag
Z:\Grateful Dead\# Studio Albums #\50th Anniversary Deluxe (24 Bit)\1969 - Aoxomoxoa + Show\1969 - Aoxomoxoa (50th Anniversary Deluxe Edition)\05 Mountains of the Moon.flac|Mountains of the Moon
Z:\Grateful Dead\# Studio Albums #\50th Anniversary Deluxe (24 Bit)\1969 - Aoxomoxoa + Show\1969 - Aoxomoxoa (50th Anniversary Deluxe Edition)\06 China Cat Sunflower.flac|China Cat Sunflower
Z:\Grateful Dead\# Studio Albums #\50th Anniversary Deluxe (24 Bit)\1969 - Aoxomoxoa + Show\1969 - Aoxomoxoa (50th Anniversary Deluxe Edition)\07 What's Become of the Baby.flac|What's Become of the Baby
Z:\Grateful Dead\# Studio Albums #\50th Anniversary Deluxe (24 Bit)\1969 - Aoxomoxoa + Show\1969 - Aoxomoxoa (50th Anniversary Deluxe Edition)\08 Cosmic Charlie.flac|Cosmic Charlie
Z:\Grateful Dead\# Studio Albums #\50th Anniversary Deluxe (24 Bit)\1969 - Aoxomoxoa + Show\1969-01-2x [Avalon Ballroom, San Francisco, CA] (Aoxomoxoa - 50th Anniversary) 24 Bit (192-2)\01 New Potato Caboose.flac|New Potato Caboose (Live at Avalon Ballroom, San Francisco, CA, 1,24,69)
Z:\Grateful Dead\# Studio Albums #\50th Anniversary Deluxe (24 Bit)\1969 - Aoxomoxoa + Show\1969-01-2x [Avalon Ballroom, San Francisco, CA] (Aoxomoxoa - 50th Anniversary) 24 Bit (192-2)\02 Caution.flac|Caution (Do Not Stop On Tracks) (Live at Avalon Ballroom, San Francisco, CA, 1,25,69)
Z:\Grateful Dead\# Studio Albums #\50th Anniversary Deluxe (24 Bit)\1969 - Aoxomoxoa + Show\1969-01-2x [Avalon Ballroom, San Francisco, CA] (Aoxomoxoa - 50th Anniversary) 24 Bit (192-2)\03 And.flac|And We Bid You Goodnight (Live at Avalon Ballroom, San Francisco, CA, 1,25,69)
Z:\Grateful Dead\# Studio Albums #\50th Anniversary Deluxe (24 Bit)\1969 - Aoxomoxoa + Show\1969-01-2x [Avalon Ballroom, San Francisco, CA] (Aoxomoxoa - 50th Anniversary) 24 Bit (192-2)\03 Doin' That Rag .flac|Doin' That Rag (Live at Avalon Ballroom, San Francisco, CA, 1,25,69)
Z:\Grateful Dead\# Studio Albums #\50th Anniversary Deluxe (24 Bit)\1969 - Aoxomoxoa + Show\1969-01-2x [Avalon Ballroom, San Francisco, CA] (Aoxomoxoa - 50th Anniversary) 24 Bit (192-2)\04 Alligator.flac|Alligator (Live at Avalon Ballroom, San Francisco, CA, 1,25,69)
Z:\Grateful Dead\# Studio Albums #\50th Anniversary Deluxe (24 Bit)\1969 - Aoxomoxoa + Show\1969-01-2x [Avalon Ballroom, San Francisco, CA] (Aoxomoxoa - 50th Anniversary) 24 Bit (192-2)\04 Death.flac|Death Don't Have No Mercy (Live at Avalon Ballroom, San Francisco, CA, 1,26,69)
Z:\Grateful Dead\# Studio Albums #\50th Anniversary Deluxe (24 Bit)\1969 - Aoxomoxoa + Show\1969-01-2x [Avalon Ballroom, San Francisco, CA] (Aoxomoxoa - 50th Anniversary) 24 Bit (192-2)\06 Feedback.flac|Feedback (Live at Avalon Ballroom, San Francisco, CA, 1,25,69)
Z:\Grateful Dead\# Studio Albums #\50th Anniversary Deluxe (24 Bit)\1969 - Aoxomoxoa + Show\1969-01-2x [Avalon Ballroom, San Francisco, CA] (Aoxomoxoa - 50th Anniversary) 24 Bit (192-2)\08 Clementine.flac|Clementine (Live at Avalon Ballroom, San Francisco, CA, 1,26,69)
Z:\Grateful Dead\# Studio Albums #\50th Anniversary Deluxe (24 Bit)\1969 - Aoxomoxoa + Show\1971 - Aoxomoxoa (50th Anniversary Deluxe Edition)\01 St. Stephen (1971 Mix).flac|St. Stephen (1971 Mix)
Z:\Grateful Dead\# Studio Albums #\50th Anniversary Deluxe (24 Bit)\1969 - Aoxomoxoa + Show\1971 - Aoxomoxoa (50th Anniversary Deluxe Edition)\02 Dupree's Diamond Blues (1971 Mix).flac|Dupree's Diamond Blues (1971 Mix)
Z:\Grateful Dead\# Studio Albums #\50th Anniversary Deluxe (24 Bit)\1969 - Aoxomoxoa + Show\1971 - Aoxomoxoa (50th Anniversary Deluxe Edition)\03 Rosemary (1971 Mix).flac|Rosemary (1971 Mix)
Z:\Grateful Dead\# Studio Albums #\50th Anniversary Deluxe (24 Bit)\1969 - Aoxomoxoa + Show\1971 - Aoxomoxoa (50th Anniversary Deluxe Edition)\04 Doin' That Rag (1971 Mix).flac|Doin' That Rag (1971 Mix)
Z:\Grateful Dead\# Studio Albums #\50th Anniversary Deluxe (24 Bit)\1969 - Aoxomoxoa + Show\1971 - Aoxomoxoa (50th Anniversary Deluxe Edition)\05 Mountains of the Moon (1971 Mix).flac|Mountains of the Moon (1971 Mix)
Z:\Grateful Dead\# Studio Albums #\50th Anniversary Deluxe (24 Bit)\1969 - Aoxomoxoa + Show\1971 - Aoxomoxoa (50th Anniversary Deluxe Edition)\06 China Cat Sunflower (1971 Mix).flac|China Cat Sunflower (1971 Mix)
Z:\Grateful Dead\# Studio Albums #\50th Anniversary Deluxe (24 Bit)\1969 - Aoxomoxoa + Show\1971 - Aoxomoxoa (50th Anniversary Deluxe Edition)\07 What's Become of the Baby (1971 Mix).flac|What's Become of the Baby (1971 Mix)
Z:\Grateful Dead\# Studio Albums #\50th Anniversary Deluxe (24 Bit)\1969 - Aoxomoxoa + Show\1971 - Aoxomoxoa (50th Anniversary Deluxe Edition)\08 Cosmic Charlie (1971 Mix).flac|Cosmic Charlie (1971 Mix)
Z:\Grateful Dead\# Studio Albums #\50th Anniversary Deluxe (24 Bit)\1970 - American Beauty + Show\1970 - American Beauty (50th Anniversary Deluxe Edition)\01 box of rain.flac|Box Of Rain
Z:\Grateful Dead\# Studio Albums #\50th Anniversary Deluxe (24 Bit)\1970 - American Beauty + Show\1970 - American Beauty (50th Anniversary Deluxe Edition)\02 friend of the devil.flac|Friend Of The Devil
Z:\Grateful Dead\# Studio Albums #\50th Anniversary Deluxe (24 Bit)\1970 - American Beauty + Show\1970 - American Beauty (50th Anniversary Deluxe Edition)\03 sugar magnolia.flac|Sugar Magnolia
Z:\Grateful Dead\# Studio Albums #\50th Anniversary Deluxe (24 Bit)\1970 - American Beauty + Show\1970 - American Beauty (50th Anniversary Deluxe Edition)\04 operator.flac|Operator
Z:\Grateful Dead\# Studio Albums #\50th Anniversary Deluxe (24 Bit)\1970 - American Beauty + Show\1970 - American Beauty (50th Anniversary Deluxe Edition)\05 candyman.flac|Candyman
Z:\Grateful Dead\# Studio Albums #\50th Anniversary Deluxe (24 Bit)\1970 - American Beauty + Show\1970 - American Beauty (50th Anniversary Deluxe Edition)\06 ripple.flac|Ripple
Z:\Grateful Dead\# Studio Albums #\50th Anniversary Deluxe (24 Bit)\1970 - American Beauty + Show\1970 - American Beauty (50th Anniversary Deluxe Edition)\07 brokedown palace.flac|Brokedown Palace
Z:\Grateful Dead\# Studio Albums #\50th Anniversary Deluxe (24 Bit)\1970 - American Beauty + Show\1970 - American Beauty (50th Anniversary Deluxe Edition)\08 till the morning comes.flac|Till The Morning Comes
Z:\Grateful Dead\# Studio Albums #\50th Anniversary Deluxe (24 Bit)\1970 - American Beauty + Show\1970 - American Beauty (50th Anniversary Deluxe Edition)\09 attics of my life.flac|Attics Of My Life
Z:\Grateful Dead\# Studio Albums #\50th Anniversary Deluxe (24 Bit)\1970 - American Beauty + Show\1970 - American Beauty (50th Anniversary Deluxe Edition)\10 truckin' (2020 remaster).flac|Truckin'
Z:\Grateful Dead\# Studio Albums #\50th Anniversary Deluxe (24 Bit)\1970 - American Beauty + Show\1970 - American Beauty; The Angel's Share (Extended outtakes)\01 - Friend of the Devil (Demo).flac|Friend of the Devil (Demo)
Z:\Grateful Dead\# Studio Albums #\50th Anniversary Deluxe (24 Bit)\1970 - American Beauty + Show\1970 - American Beauty; The Angel's Share (Extended outtakes)\01-friend-of-the-devil-(demo).flac|Friend of the Devil (Demo)
Z:\Grateful Dead\# Studio Albums #\50th Anniversary Deluxe (24 Bit)\1970 - American Beauty + Show\1970 - American Beauty; The Angel's Share (Extended outtakes)\02 - Sugar Magnolia (Demo).flac|Sugar Magnolia (Demo)
Z:\Grateful Dead\# Studio Albums #\50th Anniversary Deluxe (24 Bit)\1970 - American Beauty + Show\1970 - American Beauty; The Angel's Share (Extended outtakes)\02-operator-(demo).flac|Operator (Demo)
Z:\Grateful Dead\# Studio Albums #\50th Anniversary Deluxe (24 Bit)\1970 - American Beauty + Show\1970 - American Beauty; The Angel's Share (Extended outtakes)\03 - Candyman (Demo).flac|Candyman (Demo)
Z:\Grateful Dead\# Studio Albums #\50th Anniversary Deluxe (24 Bit)\1970 - American Beauty + Show\1970 - American Beauty; The Angel's Share (Extended outtakes)\03-sugar-magnolia-(demo).flac|Sugar Magnolia (Demo)
Z:\Grateful Dead\# Studio Albums #\50th Anniversary Deluxe (24 Bit)\1970 - American Beauty + Show\1970 - American Beauty; The Angel's Share (Extended outtakes)\04 - To Lay Me Down (Demo).flac|To Lay Me Down (Demo)
Z:\Grateful Dead\# Studio Albums #\50th Anniversary Deluxe (24 Bit)\1970 - American Beauty + Show\1970 - American Beauty; The Angel's Share (Extended outtakes)\04-candyman-(demo).flac|Candyman (Demo)
Z:\Grateful Dead\# Studio Albums #\50th Anniversary Deluxe (24 Bit)\1970 - American Beauty + Show\1970 - American Beauty; The Angel's Share (Extended outtakes)\05 - Truckin' (Demo).flac|Truckin' (Demo)
Z:\Grateful Dead\# Studio Albums #\50th Anniversary Deluxe (24 Bit)\1970 - American Beauty + Show\1970 - American Beauty; The Angel's Share (Extended outtakes)\05-to-lay-me-down-(demo).flac|To Lay Me Down (Demo)
Z:\Grateful Dead\# Studio Albums #\50th Anniversary Deluxe (24 Bit)\1970 - American Beauty + Show\1970 - American Beauty; The Angel's Share (Extended outtakes)\06 - Hand Me Down (Ripple) (Demo).flac|Hand Me Down (Ripple) (Demo)
Z:\Grateful Dead\# Studio Albums #\50th Anniversary Deluxe (24 Bit)\1970 - American Beauty + Show\1970 - American Beauty; The Angel's Share (Extended outtakes)\06-truckin-(demo).flac|Truckin (Demo)
Z:\Grateful Dead\# Studio Albums #\50th Anniversary Deluxe (24 Bit)\1970 - American Beauty + Show\1970 - American Beauty; The Angel's Share (Extended outtakes)\07 - Brokedown Palace (Demo).flac|Brokedown Palace (Demo)
Z:\Grateful Dead\# Studio Albums #\50th Anniversary Deluxe (24 Bit)\1970 - American Beauty + Show\1970 - American Beauty; The Angel's Share (Extended outtakes)\07-hand-me-down-ripple-(demo).flac|Hand Me Down Ripple (Demo)
Z:\Grateful Dead\# Studio Albums #\50th Anniversary Deluxe (24 Bit)\1970 - American Beauty + Show\1970 - American Beauty; The Angel's Share (Extended outtakes)\08 - Till the Morning Comes (Demo).flac|Till the Morning Comes (Demo)
Z:\Grateful Dead\# Studio Albums #\50th Anniversary Deluxe (24 Bit)\1970 - American Beauty + Show\1970 - American Beauty; The Angel's Share (Extended outtakes)\08-brokedown-palace-(demo).flac|Brokedown Palace (Demo)
Z:\Grateful Dead\# Studio Albums #\50th Anniversary Deluxe (24 Bit)\1970 - American Beauty + Show\1970 - American Beauty; The Angel's Share (Extended outtakes)\09 - Attics of My Life (Demo).flac|Attics of My Life (Demo)
Z:\Grateful Dead\# Studio Albums #\50th Anniversary Deluxe (24 Bit)\1970 - American Beauty + Show\1970 - American Beauty; The Angel's Share (Extended outtakes)\09-till-the-morning-comes-(demo).flac|Till the Morning Comes (Demo)
Z:\Grateful Dead\# Studio Albums #\50th Anniversary Deluxe (24 Bit)\1970 - American Beauty + Show\1970 - American Beauty; The Angel's Share (Extended outtakes)\10 - Operator (Demo).flac|Operator (Demo)
Z:\Grateful Dead\# Studio Albums #\50th Anniversary Deluxe (24 Bit)\1970 - American Beauty + Show\1970 - American Beauty; The Angel's Share (Extended outtakes)\10-attics-of-my-life-(demo).flac|Attics of My Life (Demo)
Z:\Grateful Dead\# Studio Albums #\50th Anniversary Deluxe (24 Bit)\1970 - American Beauty + Show\1970 - American Beauty; The Angel's Share (Extended outtakes)\11 - Box of Rain (Acoustic Mix).flac|Box of Rain (Acoustic Mix)
Z:\Grateful Dead\# Studio Albums #\50th Anniversary Deluxe (24 Bit)\1970 - American Beauty + Show\1970 - American Beauty; The Angel's Share (Extended outtakes)\11-box-of-rain-(acoustic-mix).flac|Box of Rain (Acoustic Mix)
Z:\Grateful Dead\# Studio Albums #\50th Anniversary Deluxe (24 Bit)\1970 - American Beauty + Show\1970 - American Beauty; The Angel's Share (Extended outtakes)\12 - Candyman (Alternate Take).flac|Candyman (Alternate Take)
Z:\Grateful Dead\# Studio Albums #\50th Anniversary Deluxe (24 Bit)\1970 - American Beauty + Show\1970 - American Beauty; The Angel's Share (Extended outtakes)\12-candyman-(alternate-take).flac|Candyman (Alternate Take)
Z:\Grateful Dead\# Studio Albums #\50th Anniversary Deluxe (24 Bit)\1970 - American Beauty + Show\1970 - American Beauty; The Angel's Share (Extended outtakes)\13 - Truckin' (Alternate Mix).flac|Truckin' (Alternate Mix)
Z:\Grateful Dead\# Studio Albums #\50th Anniversary Deluxe (24 Bit)\1970 - American Beauty + Show\1970 - American Beauty; The Angel's Share (Extended outtakes)\13-truckin-(alternate-mix).flac|Truckin (Alternate Mix)
Z:\Grateful Dead\# Studio Albums #\50th Anniversary Deluxe (24 Bit)\1970 - American Beauty + Show\1970 - American Beauty; The Angel's Share (Extended outtakes)\14 - Operator (Take 1) (Slated).flac|Operator (Take 1) (Slated)
Z:\Grateful Dead\# Studio Albums #\50th Anniversary Deluxe (24 Bit)\1970 - American Beauty + Show\1970 - American Beauty; The Angel's Share (Extended outtakes)\14-operator-(take-1)-slated.flac|Operator (Take 1) [Slated]
Z:\Grateful Dead\# Studio Albums #\50th Anniversary Deluxe (24 Bit)\1970 - American Beauty + Show\1970 - American Beauty; The Angel's Share (Extended outtakes)\15 - Operator (Take 2 Breakdown) (Slated).flac|Operator (Take 2 Breakdown) (Slated)
Z:\Grateful Dead\# Studio Albums #\50th Anniversary Deluxe (24 Bit)\1970 - American Beauty + Show\1970 - American Beauty; The Angel's Share (Extended outtakes)\15-operator-(take-2)-breakdown-slated.flac|Operator (Take 2) [Breakdown Slated]
Z:\Grateful Dead\# Studio Albums #\50th Anniversary Deluxe (24 Bit)\1970 - American Beauty + Show\1970 - American Beauty; The Angel's Share (Extended outtakes)\16 - Operator (Take 3) (Slated).flac|Operator (Take 3) (Slated)
Z:\Grateful Dead\# Studio Albums #\50th Anniversary Deluxe (24 Bit)\1970 - American Beauty + Show\1970 - American Beauty; The Angel's Share (Extended outtakes)\16-operator-(take-3)-slated.flac|Operator (Take 3) [Slated]
Z:\Grateful Dead\# Studio Albums #\50th Anniversary Deluxe (24 Bit)\1970 - American Beauty + Show\1970 - American Beauty; The Angel's Share (Extended outtakes)\17 - Operator (Take 4 Breakdown) (Slated).flac|Operator (Take 4 Breakdown) (Slated)
Z:\Grateful Dead\# Studio Albums #\50th Anniversary Deluxe (24 Bit)\1970 - American Beauty + Show\1970 - American Beauty; The Angel's Share (Extended outtakes)\17-operator-(take-4)-breakdown-slated.flac|Operator (Take 4) [Breakdown Slated]
Z:\Grateful Dead\# Studio Albums #\50th Anniversary Deluxe (24 Bit)\1970 - American Beauty + Show\1970 - American Beauty; The Angel's Share (Extended outtakes)\18 - Operator (Take 5, Misnamed as Take 6) (Slated).flac|Operator (Take 5, Misnamed as Take 6) (Slated)
Z:\Grateful Dead\# Studio Albums #\50th Anniversary Deluxe (24 Bit)\1970 - American Beauty + Show\1970 - American Beauty; The Angel's Share (Extended outtakes)\18-operator-(take-5-misnamed-as-take-6)-slated.flac|Operator (Take 5 Misnamed as Take 6) [Slated]
Z:\Grateful Dead\# Studio Albums #\50th Anniversary Deluxe (24 Bit)\1970 - American Beauty + Show\1970 - American Beauty; The Angel's Share (Extended outtakes)\19 - Operator (Take 6 Breakdown) (Slated).flac|Operator (Take 6 Breakdown) (Slated)
Z:\Grateful Dead\# Studio Albums #\50th Anniversary Deluxe (24 Bit)\1970 - American Beauty + Show\1970 - American Beauty; The Angel's Share (Extended outtakes)\19-operator-(take-6)-breakdown-slated.flac|Operator (Take 6) [Breakdown Slated]
Z:\Grateful Dead\# Studio Albums #\50th Anniversary Deluxe (24 Bit)\1970 - American Beauty + Show\1970 - American Beauty; The Angel's Share (Extended outtakes)\20 - Operator (Take 7 Breakdown) (Slated).flac|Operator (Take 7 Breakdown) (Slated)
Z:\Grateful Dead\# Studio Albums #\50th Anniversary Deluxe (24 Bit)\1970 - American Beauty + Show\1970 - American Beauty; The Angel's Share (Extended outtakes)\20-operator-(take-7)-breakdown-slated.flac|Operator (Take 7) [Breakdown Slated]
Z:\Grateful Dead\# Studio Albums #\50th Anniversary Deluxe (24 Bit)\1970 - American Beauty + Show\1970 - American Beauty; The Angel's Share (Extended outtakes)\21 - Operator (Take 8) (Slated).flac|Operator (Take 8) (Slated)
Z:\Grateful Dead\# Studio Albums #\50th Anniversary Deluxe (24 Bit)\1970 - American Beauty + Show\1970 - American Beauty; The Angel's Share (Extended outtakes)\21-operator-(take-8)-slated.flac|Operator (Take 8) [Slated]
Z:\Grateful Dead\# Studio Albums #\50th Anniversary Deluxe (24 Bit)\1970 - American Beauty + Show\1970 - American Beauty; The Angel's Share (Extended outtakes)\22 - Friend.flac|Friend of the Devil (Take 1 Breakdown) (Slated)
Z:\Grateful Dead\# Studio Albums #\50th Anniversary Deluxe (24 Bit)\1970 - American Beauty + Show\1970 - American Beauty; The Angel's Share (Extended outtakes)\22-friend-of-the-devil-(take-1)-breakdown-slated.flac|Friend of the Devil (Take 1) [Breakdown Slated]
Z:\Grateful Dead\# Studio Albums #\50th Anniversary Deluxe (24 Bit)\1970 - American Beauty + Show\1970 - American Beauty; The Angel's Share (Extended outtakes)\23 - Friend.flac|Friend of the Devil (Take 2 Breakdown) (Slated)
Z:\Grateful Dead\# Studio Albums #\50th Anniversary Deluxe (24 Bit)\1970 - American Beauty + Show\1970 - American Beauty; The Angel's Share (Extended outtakes)\23-friend-of-the-devil-(take-2)-breakdown-slated.flac|Friend of the Devil (Take 2) [Breakdown Slated]
Z:\Grateful Dead\# Studio Albums #\50th Anniversary Deluxe (24 Bit)\1970 - American Beauty + Show\1970 - American Beauty; The Angel's Share (Extended outtakes)\24 - Friend.flac|Friend of the Devil (Take 3 Breakdown) (Slated)
Z:\Grateful Dead\# Studio Albums #\50th Anniversary Deluxe (24 Bit)\1970 - American Beauty + Show\1970 - American Beauty; The Angel's Share (Extended outtakes)\24-friend-of-the-devil-(take-3)-breakdown-slated.flac|Friend of the Devil (Take 3) [Breakdown Slated]
Z:\Grateful Dead\# Studio Albums #\50th Anniversary Deluxe (24 Bit)\1970 - American Beauty + Show\1970 - American Beauty; The Angel's Share (Extended outtakes)\25 - Friend.flac|Friend of the Devil (Take 4 Breakdown) (Slated)
Z:\Grateful Dead\# Studio Albums #\50th Anniversary Deluxe (24 Bit)\1970 - American Beauty + Show\1970 - American Beauty; The Angel's Share (Extended outtakes)\25-friend-of-the-devil-(take-4)-breakdown-slated.flac|Friend of the Devil (Take 4) [Breakdown Slated]
Z:\Grateful Dead\# Studio Albums #\50th Anniversary Deluxe (24 Bit)\1970 - American Beauty + Show\1970 - American Beauty; The Angel's Share (Extended outtakes)\26 - Friend of the Devil (Take 5) (Slated).flac|Friend of the Devil (Take 5) (Slated)
Z:\Grateful Dead\# Studio Albums #\50th Anniversary Deluxe (24 Bit)\1970 - American Beauty + Show\1970 - American Beauty; The Angel's Share (Extended outtakes)\26-friend-of-the-devil-(take-5)-slated.flac|Friend of the Devil (Take 5) [Slated]
Z:\Grateful Dead\# Studio Albums #\50th Anniversary Deluxe (24 Bit)\1970 - American Beauty + Show\1970 - American Beauty; The Angel's Share (Extended outtakes)\27 - Friend of the Devil (Take 6) (Slated).flac|Friend of the Devil (Take 6) (Slated)
Z:\Grateful Dead\# Studio Albums #\50th Anniversary Deluxe (24 Bit)\1970 - American Beauty + Show\1970 - American Beauty; The Angel's Share (Extended outtakes)\27-friend-of-the-devil-(take-6)-slated.flac|Friend of the Devil (Take 6) [Slated]
Z:\Grateful Dead\# Studio Albums #\50th Anniversary Deluxe (24 Bit)\1970 - American Beauty + Show\1970 - American Beauty; The Angel's Share (Extended outtakes)\28 - Friend of the Devil (Take 7) (Slated).flac|Friend of the Devil (Take 7) (Slated)
Z:\Grateful Dead\# Studio Albums #\50th Anniversary Deluxe (24 Bit)\1970 - American Beauty + Show\1970 - American Beauty; The Angel's Share (Extended outtakes)\28-friend-of-the-devil-(take-7)-slated.flac|Friend of the Devil (Take 7) [Slated]
Z:\Grateful Dead\# Studio Albums #\50th Anniversary Deluxe (24 Bit)\1970 - American Beauty + Show\1970 - American Beauty; The Angel's Share (Extended outtakes)\29 - Friend.flac|Friend of the Devil (Arranging Take 1) (Not Slated)
Z:\Grateful Dead\# Studio Albums #\50th Anniversary Deluxe (24 Bit)\1970 - American Beauty + Show\1970 - American Beauty; The Angel's Share (Extended outtakes)\29-friend.flac|Friend of the Devil (Arranging Take 1) [Not Slated]
Z:\Grateful Dead\# Studio Albums #\50th Anniversary Deluxe (24 Bit)\1970 - American Beauty + Show\1970 - American Beauty; The Angel's Share (Extended outtakes)\30 - Friend.flac|Friend of the Devil (Arranging Take 2) (Not Slated)
Z:\Grateful Dead\# Studio Albums #\50th Anniversary Deluxe (24 Bit)\1970 - American Beauty + Show\1970 - American Beauty; The Angel's Share (Extended outtakes)\30-friend.flac|Friend of the Devil (Arranging Take 2) [Not Slated]
Z:\Grateful Dead\# Studio Albums #\50th Anniversary Deluxe (24 Bit)\1970 - American Beauty + Show\1970 - American Beauty; The Angel's Share (Extended outtakes)\31 - Friend.flac|Friend of the Devil (Arranging Take 3) (Not Slated)
Z:\Grateful Dead\# Studio Albums #\50th Anniversary Deluxe (24 Bit)\1970 - American Beauty + Show\1970 - American Beauty; The Angel's Share (Extended outtakes)\31-friend.flac|Friend of the Devil (Arranging Take 3) [Not Slated]
Z:\Grateful Dead\# Studio Albums #\50th Anniversary Deluxe (24 Bit)\1970 - American Beauty + Show\1970 - American Beauty; The Angel's Share (Extended outtakes)\32 - Friend.flac|Friend of the Devil (Take 9 Breakdown) (Slated)
Z:\Grateful Dead\# Studio Albums #\50th Anniversary Deluxe (24 Bit)\1970 - American Beauty + Show\1970 - American Beauty; The Angel's Share (Extended outtakes)\32-friend-of-the-devil-(take-9)-breakdown-slated.flac|Friend of the Devil (Take 9) [Breakdown Slated]
Z:\Grateful Dead\# Studio Albums #\50th Anniversary Deluxe (24 Bit)\1970 - American Beauty + Show\1970 - American Beauty; The Angel's Share (Extended outtakes)\33 - Friend.flac|Friend of the Devil (Take 10 Breakdown) (Slated)
Z:\Grateful Dead\# Studio Albums #\50th Anniversary Deluxe (24 Bit)\1970 - American Beauty + Show\1970 - American Beauty; The Angel's Share (Extended outtakes)\33-friend-of-the-devil-(take-10)-breakdown-slated.flac|Friend of the Devil (Take 10) [Breakdown Slated]
Z:\Grateful Dead\# Studio Albums #\50th Anniversary Deluxe (24 Bit)\1970 - American Beauty + Show\1970 - American Beauty; The Angel's Share (Extended outtakes)\34 - Friend of the Devil (Take 11) (Slated).flac|Friend of the Devil (Take 11) (Slated)
Z:\Grateful Dead\# Studio Albums #\50th Anniversary Deluxe (24 Bit)\1970 - American Beauty + Show\1970 - American Beauty; The Angel's Share (Extended outtakes)\34-friend-of-the-devil-(take-11)-slated.flac|Friend of the Devil (Take 11) [Slated]
Z:\Grateful Dead\# Studio Albums #\50th Anniversary Deluxe (24 Bit)\1970 - American Beauty + Show\1970 - American Beauty; The Angel's Share (Extended outtakes)\35 - Friend.flac|Friend of the Devil (Take 12 Breakdown) (Slated)
Z:\Grateful Dead\# Studio Albums #\50th Anniversary Deluxe (24 Bit)\1970 - American Beauty + Show\1970 - American Beauty; The Angel's Share (Extended outtakes)\35-friend-of-the-devil-(take-12)-breakdown-slated.flac|Friend of the Devil (Take 12) [Breakdown Slated]
Z:\Grateful Dead\# Studio Albums #\50th Anniversary Deluxe (24 Bit)\1970 - American Beauty + Show\1970 - American Beauty; The Angel's Share (Extended outtakes)\36 - Friend of the Devil (Take 13) (Not Slated).flac|Friend of the Devil (Take 13) (Not Slated)
Z:\Grateful Dead\# Studio Albums #\50th Anniversary Deluxe (24 Bit)\1970 - American Beauty + Show\1970 - American Beauty; The Angel's Share (Extended outtakes)\36-friend-of-the-devil-(take-13)-not-slated.flac|Friend of the Devil (Take 13) [Not Slated]
Z:\Grateful Dead\# Studio Albums #\50th Anniversary Deluxe (24 Bit)\1970 - American Beauty + Show\1970 - American Beauty; The Angel's Share (Extended outtakes)\37 - Friend.flac|Friend of the Devil (Take 14 Breakdown) (Slated)
Z:\Grateful Dead\# Studio Albums #\50th Anniversary Deluxe (24 Bit)\1970 - American Beauty + Show\1970 - American Beauty; The Angel's Share (Extended outtakes)\37-friend-of-the-devil-(take-14)-breakdown-slated.flac|Friend of the Devil (Take 14) [Breakdown Slated]
Z:\Grateful Dead\# Studio Albums #\50th Anniversary Deluxe (24 Bit)\1970 - American Beauty + Show\1970 - American Beauty; The Angel's Share (Extended outtakes)\38 - Friend of the Devil (Take 15) (Slated).flac|Friend of the Devil (Take 15) (Slated)
Z:\Grateful Dead\# Studio Albums #\50th Anniversary Deluxe (24 Bit)\1970 - American Beauty + Show\1970 - American Beauty; The Angel's Share (Extended outtakes)\38-friend-of-the-devil-(take-15)-slated.flac|Friend of the Devil (Take 15) [Slated]
Z:\Grateful Dead\# Studio Albums #\50th Anniversary Deluxe (24 Bit)\1970 - American Beauty + Show\1970 - American Beauty; The Angel's Share (Extended outtakes)\39 - Friend of the Devil (Take 16) (Slated).flac|Friend of the Devil (Take 16) (Slated)
Z:\Grateful Dead\# Studio Albums #\50th Anniversary Deluxe (24 Bit)\1970 - American Beauty + Show\1970 - American Beauty; The Angel's Share (Extended outtakes)\39-friend-of-the-devil-(take-16)-slated.flac|Friend of the Devil (Take 16) [Slated]
Z:\Grateful Dead\# Studio Albums #\50th Anniversary Deluxe (24 Bit)\1970 - American Beauty + Show\1970 - American Beauty; The Angel's Share (Extended outtakes)\40 - Friend of the Devil (Take 17) (Slated).flac|Friend of the Devil (Take 17) (Slated)
Z:\Grateful Dead\# Studio Albums #\50th Anniversary Deluxe (24 Bit)\1970 - American Beauty + Show\1970 - American Beauty; The Angel's Share (Extended outtakes)\40-friend-of-the-devil-(take-17)-slated.flac|Friend of the Devil (Take 17) [Slated]
Z:\Grateful Dead\# Studio Albums #\50th Anniversary Deluxe (24 Bit)\1970 - American Beauty + Show\1970 - American Beauty; The Angel's Share (Extended outtakes)\41 - Friend of the Devil (Take 18) (Slated).flac|Friend of the Devil (Take 18) (Slated)
Z:\Grateful Dead\# Studio Albums #\50th Anniversary Deluxe (24 Bit)\1970 - American Beauty + Show\1970 - American Beauty; The Angel's Share (Extended outtakes)\41-friend-of-the-devil-(take-18)-slated.flac|Friend of the Devil (Take 18) [Slated]
Z:\Grateful Dead\# Studio Albums #\50th Anniversary Deluxe (24 Bit)\1970 - American Beauty + Show\1970 - American Beauty; The Angel's Share (Extended outtakes)\42 - Friend of the Devil (Take 19) (Not Slated).flac|Friend of the Devil (Take 19) (Not Slated)
Z:\Grateful Dead\# Studio Albums #\50th Anniversary Deluxe (24 Bit)\1970 - American Beauty + Show\1970 - American Beauty; The Angel's Share (Extended outtakes)\42-friend-of-the-devil-(take-19)-not-slated.flac|Friend of the Devil (Take 19) [Not Slated]
Z:\Grateful Dead\# Studio Albums #\50th Anniversary Deluxe (24 Bit)\1970 - American Beauty + Show\1970 - American Beauty; The Angel's Share (Extended outtakes)\43 - Friend of the Devil (Take 20) (Slated).flac|Friend of the Devil (Take 20) (Slated)
Z:\Grateful Dead\# Studio Albums #\50th Anniversary Deluxe (24 Bit)\1970 - American Beauty + Show\1970 - American Beauty; The Angel's Share (Extended outtakes)\43-friend-of-the-devil-(take-20)-slated.flac|Friend of the Devil (Take 20) [Slated]
Z:\Grateful Dead\# Studio Albums #\50th Anniversary Deluxe (24 Bit)\1970 - American Beauty + Show\1970 - American Beauty; The Angel's Share (Extended outtakes)\44 - Attics of My Life (Take 1) (Slated).flac|Attics of My Life (Take 1) (Slated)
Z:\Grateful Dead\# Studio Albums #\50th Anniversary Deluxe (24 Bit)\1970 - American Beauty + Show\1970 - American Beauty; The Angel's Share (Extended outtakes)\44-attics-of-my-life-(take-1)-slated.flac|Attics of My Life (Take 1) [Slated]
Z:\Grateful Dead\# Studio Albums #\50th Anniversary Deluxe (24 Bit)\1970 - American Beauty + Show\1970 - American Beauty; The Angel's Share (Extended outtakes)\45 - Attics of My Life (Take 2 Breakdown) (Slated).flac|Attics of My Life (Take 2 Breakdown) (Slated)
Z:\Grateful Dead\# Studio Albums #\50th Anniversary Deluxe (24 Bit)\1970 - American Beauty + Show\1970 - American Beauty; The Angel's Share (Extended outtakes)\45-attics-of-my-life-(take-2)-breakdown-slated.flac|Attics of My Life (Take 2) [Breakdown Slated]
Z:\Grateful Dead\# Studio Albums #\50th Anniversary Deluxe (24 Bit)\1970 - American Beauty + Show\1970 - American Beauty; The Angel's Share (Extended outtakes)\46 - Attics of My Life (Take 3 Breakdown) (Slated).flac|Attics of My Life (Take 3 Breakdown) (Slated)
Z:\Grateful Dead\# Studio Albums #\50th Anniversary Deluxe (24 Bit)\1970 - American Beauty + Show\1970 - American Beauty; The Angel's Share (Extended outtakes)\46-attics-of-my-life-(take-3)-breakdown-slated.flac|Attics of My Life (Take 3) [Breakdown Slated]
Z:\Grateful Dead\# Studio Albums #\50th Anniversary Deluxe (24 Bit)\1970 - American Beauty + Show\1970 - American Beauty; The Angel's Share (Extended outtakes)\47 - Attics of My Life (Take 4 Breakdown) (Slated).flac|Attics of My Life (Take 4 Breakdown) (Slated)
Z:\Grateful Dead\# Studio Albums #\50th Anniversary Deluxe (24 Bit)\1970 - American Beauty + Show\1970 - American Beauty; The Angel's Share (Extended outtakes)\47-attics-of-my-life-(take-4)-breakdown-slated.flac|Attics of My Life (Take 4) [Breakdown Slated]
Z:\Grateful Dead\# Studio Albums #\50th Anniversary Deluxe (24 Bit)\1970 - American Beauty + Show\1970 - American Beauty; The Angel's Share (Extended outtakes)\48 - Attics of My Life (Take 5) (Slated).flac|Attics of My Life (Take 5) (Slated)
Z:\Grateful Dead\# Studio Albums #\50th Anniversary Deluxe (24 Bit)\1970 - American Beauty + Show\1970 - American Beauty; The Angel's Share (Extended outtakes)\48-attics-of-my-life-(take-5)-slated.flac|Attics of My Life (Take 5) [Slated]
Z:\Grateful Dead\# Studio Albums #\50th Anniversary Deluxe (24 Bit)\1970 - American Beauty + Show\1970 - American Beauty; The Angel's Share (Extended outtakes)\49 - Attics of My Life (Solo Version) (Demo).flac|Attics of My Life (Solo Version) (Demo)
Z:\Grateful Dead\# Studio Albums #\50th Anniversary Deluxe (24 Bit)\1970 - American Beauty + Show\1970 - American Beauty; The Angel's Share (Extended outtakes)\49-attics-of-my-life-(solo-version)-demo.flac|Attics of My Life (Solo Version) [Demo]
Z:\Grateful Dead\# Studio Albums #\50th Anniversary Deluxe (24 Bit)\1970 - American Beauty + Show\1970 - American Beauty; The Angel's Share (Extended outtakes)\50 - Hand.flac|Hand Me Down (Ripple) [Take 1 Breakdown] (Slated)
Z:\Grateful Dead\# Studio Albums #\50th Anniversary Deluxe (24 Bit)\1970 - American Beauty + Show\1970 - American Beauty; The Angel's Share (Extended outtakes)\50-hand-me-down-ripple-(take-1)-breakdown-slated.flac|Hand Me Down Ripple (Take 1) [Breakdown Slated]
Z:\Grateful Dead\# Studio Albums #\50th Anniversary Deluxe (24 Bit)\1970 - American Beauty + Show\1970 - American Beauty; The Angel's Share (Extended outtakes)\51 - Hand.flac|Hand Me Down (Ripple) [Take 2 With Vocals] (Slated)
Z:\Grateful Dead\# Studio Albums #\50th Anniversary Deluxe (24 Bit)\1970 - American Beauty + Show\1970 - American Beauty; The Angel's Share (Extended outtakes)\51-hand-me-down-ripple-(take-2-with-vocals)-slated.flac|Hand Me Down Ripple (Take 2 With Vocals) [Slated]
Z:\Grateful Dead\# Studio Albums #\50th Anniversary Deluxe (24 Bit)\1970 - American Beauty + Show\1970 - American Beauty; The Angel's Share (Extended outtakes)\52 - Hand Me Down (Ripple) [Take 3] (Slated).flac|Hand Me Down (Ripple) [Take 3] (Slated)
Z:\Grateful Dead\# Studio Albums #\50th Anniversary Deluxe (24 Bit)\1970 - American Beauty + Show\1970 - American Beauty; The Angel's Share (Extended outtakes)\52-hand-me-down-ripple-(take-3)-slated.flac|Hand Me Down Ripple (Take 3) [Slated]
Z:\Grateful Dead\# Studio Albums #\50th Anniversary Deluxe (24 Bit)\1970 - American Beauty + Show\1970 - American Beauty; The Angel's Share (Extended outtakes)\53 - Hand Me Down (Ripple) [Take 4] (Slated).flac|Hand Me Down (Ripple) [Take 4] (Slated)
Z:\Grateful Dead\# Studio Albums #\50th Anniversary Deluxe (24 Bit)\1970 - American Beauty + Show\1970 - American Beauty; The Angel's Share (Extended outtakes)\53-hand-me-down-ripple-(take-4)-slated.flac|Hand Me Down Ripple (Take 4) [Slated]
Z:\Grateful Dead\# Studio Albums #\50th Anniversary Deluxe (24 Bit)\1970 - American Beauty + Show\1970 - American Beauty; The Angel's Share (Extended outtakes)\54 - Hand.flac|Hand Me Down (Ripple) [Take 5 Breakdown] (Slated)
Z:\Grateful Dead\# Studio Albums #\50th Anniversary Deluxe (24 Bit)\1970 - American Beauty + Show\1970 - American Beauty; The Angel's Share (Extended outtakes)\54-hand-me-down-ripple-(take-5)-breakdown-slated.flac|Hand Me Down Ripple (Take 5) [Breakdown Slated]
Z:\Grateful Dead\# Studio Albums #\50th Anniversary Deluxe (24 Bit)\1970 - American Beauty + Show\1970 - American Beauty; The Angel's Share (Extended outtakes)\55 - Hand.flac|Hand Me Down (Ripple) [Take 6 Breakdown] (Slated)
Z:\Grateful Dead\# Studio Albums #\50th Anniversary Deluxe (24 Bit)\1970 - American Beauty + Show\1970 - American Beauty; The Angel's Share (Extended outtakes)\55-hand-me-down-ripple-(take-6)-breakdown-slated.flac|Hand Me Down Ripple (Take 6) [Breakdown Slated]
Z:\Grateful Dead\# Studio Albums #\50th Anniversary Deluxe (24 Bit)\1970 - American Beauty + Show\1970 - American Beauty; The Angel's Share (Extended outtakes)\56 - Hand Me Down (Ripple) [Take 7] (Slated).flac|Hand Me Down (Ripple) [Take 7] (Slated)
Z:\Grateful Dead\# Studio Albums #\50th Anniversary Deluxe (24 Bit)\1970 - American Beauty + Show\1970 - American Beauty; The Angel's Share (Extended outtakes)\56-hand-me-down-ripple-(take-7)-slated.flac|Hand Me Down Ripple (Take 7) [Slated]
Z:\Grateful Dead\# Studio Albums #\50th Anniversary Deluxe (24 Bit)\1970 - American Beauty + Show\1971-02-18 [Capitol Theatre, Port Chester, NY]\101 bertha .flac|Bertha
Z:\Grateful Dead\# Studio Albums #\50th Anniversary Deluxe (24 Bit)\1970 - American Beauty + Show\1971-02-18 [Capitol Theatre, Port Chester, NY]\102 truckin' .flac|Truckin'
Z:\Grateful Dead\# Studio Albums #\50th Anniversary Deluxe (24 Bit)\1970 - American Beauty + Show\1971-02-18 [Capitol Theatre, Port Chester, NY]\103 hurts me too .flac|Hurts Me Too
Z:\Grateful Dead\# Studio Albums #\50th Anniversary Deluxe (24 Bit)\1970 - American Beauty + Show\1971-02-18 [Capitol Theatre, Port Chester, NY]\104 loser .flac|Loser
Z:\Grateful Dead\# Studio Albums #\50th Anniversary Deluxe (24 Bit)\1970 - American Beauty + Show\1971-02-18 [Capitol Theatre, Port Chester, NY]\105 greatest story ever told .flac|Greatest Story Ever Told
Z:\Grateful Dead\# Studio Albums #\50th Anniversary Deluxe (24 Bit)\1970 - American Beauty + Show\1971-02-18 [Capitol Theatre, Port Chester, NY]\106 johnny b goode .flac|Johnny B Goode
Z:\Grateful Dead\# Studio Albums #\50th Anniversary Deluxe (24 Bit)\1970 - American Beauty + Show\1971-02-18 [Capitol Theatre, Port Chester, NY]\107 mama tried .flac|Mama Tried
Z:\Grateful Dead\# Studio Albums #\50th Anniversary Deluxe (24 Bit)\1970 - American Beauty + Show\1971-02-18 [Capitol Theatre, Port Chester, NY]\108 hard to handle .flac|Hard To Handle
Z:\Grateful Dead\# Studio Albums #\50th Anniversary Deluxe (24 Bit)\1970 - American Beauty + Show\1971-02-18 [Capitol Theatre, Port Chester, NY]\109 dark star pt 1 .flac|Dark Star Pt 1
Z:\Grateful Dead\# Studio Albums #\50th Anniversary Deluxe (24 Bit)\1970 - American Beauty + Show\1971-02-18 [Capitol Theatre, Port Chester, NY]\110 wharf rat.flac|Wharf Rat
Z:\Grateful Dead\# Studio Albums #\50th Anniversary Deluxe (24 Bit)\1970 - American Beauty + Show\1971-02-18 [Capitol Theatre, Port Chester, NY]\111 dark star pt 2 .flac|Dark Star Pt 2
Z:\Grateful Dead\# Studio Albums #\50th Anniversary Deluxe (24 Bit)\1970 - American Beauty + Show\1971-02-18 [Capitol Theatre, Port Chester, NY]\112 me and my uncle .flac|Me And My Uncle
Z:\Grateful Dead\# Studio Albums #\50th Anniversary Deluxe (24 Bit)\1970 - American Beauty + Show\1971-02-18 [Capitol Theatre, Port Chester, NY]\201 casey jones .flac|Casey Jones
Z:\Grateful Dead\# Studio Albums #\50th Anniversary Deluxe (24 Bit)\1970 - American Beauty + Show\1971-02-18 [Capitol Theatre, Port Chester, NY]\202 playing in the band .flac|Playing In The Band
Z:\Grateful Dead\# Studio Albums #\50th Anniversary Deluxe (24 Bit)\1970 - American Beauty + Show\1971-02-18 [Capitol Theatre, Port Chester, NY]\203 me and bobby mcgee .flac|Me And Bobby Mcgee
Z:\Grateful Dead\# Studio Albums #\50th Anniversary Deluxe (24 Bit)\1970 - American Beauty + Show\1971-02-18 [Capitol Theatre, Port Chester, NY]\204 candyman.flac|Candyman
Z:\Grateful Dead\# Studio Albums #\50th Anniversary Deluxe (24 Bit)\1970 - American Beauty + Show\1971-02-18 [Capitol Theatre, Port Chester, NY]\205 big boss man.flac|Big Boss Man
Z:\Grateful Dead\# Studio Albums #\50th Anniversary Deluxe (24 Bit)\1970 - American Beauty + Show\1971-02-18 [Capitol Theatre, Port Chester, NY]\206 sugar magnolia .flac|Sugar Magnolia
Z:\Grateful Dead\# Studio Albums #\50th Anniversary Deluxe (24 Bit)\1970 - American Beauty + Show\1971-02-18 [Capitol Theatre, Port Chester, NY]\207 st. stephen .flac|St. Stephen
Z:\Grateful Dead\# Studio Albums #\50th Anniversary Deluxe (24 Bit)\1970 - American Beauty + Show\1971-02-18 [Capitol Theatre, Port Chester, NY]\208 not fade away pt 1 .flac|Not Fade Away Pt 1
Z:\Grateful Dead\# Studio Albums #\50th Anniversary Deluxe (24 Bit)\1970 - American Beauty + Show\1971-02-18 [Capitol Theatre, Port Chester, NY]\209 goin' down the road feeling bad .flac|Goin' Down The Road Feeling Bad
Z:\Grateful Dead\# Studio Albums #\50th Anniversary Deluxe (24 Bit)\1970 - American Beauty + Show\1971-02-18 [Capitol Theatre, Port Chester, NY]\210 not fade away pt 2 .flac|Not Fade Away Pt 2
Z:\Grateful Dead\# Studio Albums #\50th Anniversary Deluxe (24 Bit)\1970 - American Beauty + Show\1971-02-18 [Capitol Theatre, Port Chester, NY]\211 uncle john's band .flac|Uncle John's Band
Z:\Grateful Dead\# Studio Albums #\50th Anniversary Deluxe (24 Bit)\1970 - Workingman's Dead + Show\1970 - Workingman's Dead (50th Anniversary Deluxe Edition)\01_Uncle_John's_Band.flac|Uncle John's Band
Z:\Grateful Dead\# Studio Albums #\50th Anniversary Deluxe (24 Bit)\1970 - Workingman's Dead + Show\1970 - Workingman's Dead (50th Anniversary Deluxe Edition)\02_High_Time.flac|High Time
Z:\Grateful Dead\# Studio Albums #\50th Anniversary Deluxe (24 Bit)\1970 - Workingman's Dead + Show\1970 - Workingman's Dead (50th Anniversary Deluxe Edition)\03_Dire_Wolf.flac|Dire Wolf
Z:\Grateful Dead\# Studio Albums #\50th Anniversary Deluxe (24 Bit)\1970 - Workingman's Dead + Show\1970 - Workingman's Dead (50th Anniversary Deluxe Edition)\04_New_Speedway_Boogie.flac|New Speedway Boogie
Z:\Grateful Dead\# Studio Albums #\50th Anniversary Deluxe (24 Bit)\1970 - Workingman's Dead + Show\1970 - Workingman's Dead (50th Anniversary Deluxe Edition)\05_Cumberland_Blues.flac|Cumberland Blues
Z:\Grateful Dead\# Studio Albums #\50th Anniversary Deluxe (24 Bit)\1970 - Workingman's Dead + Show\1970 - Workingman's Dead (50th Anniversary Deluxe Edition)\06_Black_Peter.flac|Black Peter
Z:\Grateful Dead\# Studio Albums #\50th Anniversary Deluxe (24 Bit)\1970 - Workingman's Dead + Show\1970 - Workingman's Dead (50th Anniversary Deluxe Edition)\07_Easy_Wind.flac|Easy Wind
Z:\Grateful Dead\# Studio Albums #\50th Anniversary Deluxe (24 Bit)\1970 - Workingman's Dead + Show\1970 - Workingman's Dead (50th Anniversary Deluxe Edition)\08_Casey_Jones.flac|Casey Jones
Z:\Grateful Dead\# Studio Albums #\50th Anniversary Deluxe (24 Bit)\1970 - Workingman's Dead + Show\1970 - Workingman's Dead; The Angel's Share (Extended outtakes)\01 Friend of the Devil  (Demo).flac|Friend Of The Devil  (Demo)
Z:\Grateful Dead\# Studio Albums #\50th Anniversary Deluxe (24 Bit)\1970 - Workingman's Dead + Show\1970 - Workingman's Dead; The Angel's Share (Extended outtakes)\02 Sugar Magnolia  (Demo).flac|Sugar Magnolia  (Demo)
Z:\Grateful Dead\# Studio Albums #\50th Anniversary Deluxe (24 Bit)\1970 - Workingman's Dead + Show\1970 - Workingman's Dead; The Angel's Share (Extended outtakes)\03 Candyman  (Demo).flac|Candyman  (Demo)
Z:\Grateful Dead\# Studio Albums #\50th Anniversary Deluxe (24 Bit)\1970 - Workingman's Dead + Show\1970 - Workingman's Dead; The Angel's Share (Extended outtakes)\04 To Lay Me Down  (Demo).flac|To Lay Me Down  (Demo)
Z:\Grateful Dead\# Studio Albums #\50th Anniversary Deluxe (24 Bit)\1970 - Workingman's Dead + Show\1970 - Workingman's Dead; The Angel's Share (Extended outtakes)\05 Truckin'  (Demo).flac|Truckin'  (Demo)
Z:\Grateful Dead\# Studio Albums #\50th Anniversary Deluxe (24 Bit)\1970 - Workingman's Dead + Show\1970 - Workingman's Dead; The Angel's Share (Extended outtakes)\06 Hand Me Down (Ripple)  (Demo).flac|Hand Me Down (Ripple)  (Demo)
Z:\Grateful Dead\# Studio Albums #\50th Anniversary Deluxe (24 Bit)\1970 - Workingman's Dead + Show\1970 - Workingman's Dead; The Angel's Share (Extended outtakes)\07 Brokedown Palace  (Demo).flac|Brokedown Palace  (Demo)
Z:\Grateful Dead\# Studio Albums #\50th Anniversary Deluxe (24 Bit)\1970 - Workingman's Dead + Show\1970 - Workingman's Dead; The Angel's Share (Extended outtakes)\08 Till the Morning Comes  (Demo).flac|Till The Morning Comes  (Demo)
Z:\Grateful Dead\# Studio Albums #\50th Anniversary Deluxe (24 Bit)\1970 - Workingman's Dead + Show\1970 - Workingman's Dead; The Angel's Share (Extended outtakes)\09 Attics of My Life  (Demo).flac|Attics Of My Life  (Demo)
Z:\Grateful Dead\# Studio Albums #\50th Anniversary Deluxe (24 Bit)\1970 - Workingman's Dead + Show\1970 - Workingman's Dead; The Angel's Share (Extended outtakes)\10 Operator  (Demo).flac|Operator  (Demo)
Z:\Grateful Dead\# Studio Albums #\50th Anniversary Deluxe (24 Bit)\1970 - Workingman's Dead + Show\1970 - Workingman's Dead; The Angel's Share (Extended outtakes)\11 Box of Rain  (Acoustic Mix).flac|Box Of Rain  (Acoustic Mix)
Z:\Grateful Dead\# Studio Albums #\50th Anniversary Deluxe (24 Bit)\1970 - Workingman's Dead + Show\1970 - Workingman's Dead; The Angel's Share (Extended outtakes)\12 Candyman  (Alternate Take).flac|Candyman  (Alternate Take)
Z:\Grateful Dead\# Studio Albums #\50th Anniversary Deluxe (24 Bit)\1970 - Workingman's Dead + Show\1970 - Workingman's Dead; The Angel's Share (Extended outtakes)\13 Truckin'  (Alternate Mix).flac|Truckin'  (Alternate Mix)
Z:\Grateful Dead\# Studio Albums #\50th Anniversary Deluxe (24 Bit)\1970 - Workingman's Dead + Show\1970 - Workingman's Dead; The Angel's Share (Extended outtakes)\15 Operator (Take 2 Breakdown)  (Slated).flac|Operator (Take 2 Breakdown)  (Slated)
Z:\Grateful Dead\# Studio Albums #\50th Anniversary Deluxe (24 Bit)\1970 - Workingman's Dead + Show\1970 - Workingman's Dead; The Angel's Share (Extended outtakes)\16 Operator (Take 3)  (Slated).flac|Operator (Take 3)  (Slated)
Z:\Grateful Dead\# Studio Albums #\50th Anniversary Deluxe (24 Bit)\1970 - Workingman's Dead + Show\1970 - Workingman's Dead; The Angel's Share (Extended outtakes)\17 Operator (Take 4 Breakdown)  (Slated).flac|Operator (Take 4 Breakdown)  (Slated)
Z:\Grateful Dead\# Studio Albums #\50th Anniversary Deluxe (24 Bit)\1970 - Workingman's Dead + Show\1970 - Workingman's Dead; The Angel's Share (Extended outtakes)\18 Operator.flac|Operator (Take 5, Misnamed As Take 6)  (Slated)
Z:\Grateful Dead\# Studio Albums #\50th Anniversary Deluxe (24 Bit)\1970 - Workingman's Dead + Show\1970 - Workingman's Dead; The Angel's Share (Extended outtakes)\19 Operator (Take 6 Breakdown)  (Slated).flac|Operator (Take 6 Breakdown)  (Slated)
Z:\Grateful Dead\# Studio Albums #\50th Anniversary Deluxe (24 Bit)\1970 - Workingman's Dead + Show\1970 - Workingman's Dead; The Angel's Share (Extended outtakes)\20 Operator (Take 7 Breakdown)  (Slated).flac|Operator (Take 7 Breakdown)  (Slated)
Z:\Grateful Dead\# Studio Albums #\50th Anniversary Deluxe (24 Bit)\1970 - Workingman's Dead + Show\1970 - Workingman's Dead; The Angel's Share (Extended outtakes)\21 Operator (Take 8)  (Slated).flac|Operator (Take 8)  (Slated)
Z:\Grateful Dead\# Studio Albums #\50th Anniversary Deluxe (24 Bit)\1970 - Workingman's Dead + Show\1970 - Workingman's Dead; The Angel's Share (Extended outtakes)\22 Friend.flac|Friend Of The Devil (Take 1 Breakdown)  (Slated)
Z:\Grateful Dead\# Studio Albums #\50th Anniversary Deluxe (24 Bit)\1970 - Workingman's Dead + Show\1970 - Workingman's Dead; The Angel's Share (Extended outtakes)\23 Friend .flac|Friend Of The Devil (Take 2 Breakdown)  (Slated)
Z:\Grateful Dead\# Studio Albums #\50th Anniversary Deluxe (24 Bit)\1970 - Workingman's Dead + Show\1970 - Workingman's Dead; The Angel's Share (Extended outtakes)\24 Friend.flac|Friend Of The Devil (Take 3 Breakdown)  (Slated)
Z:\Grateful Dead\# Studio Albums #\50th Anniversary Deluxe (24 Bit)\1970 - Workingman's Dead + Show\1970 - Workingman's Dead; The Angel's Share (Extended outtakes)\25 Friend.flac|Friend Of The Devil (Take 4 Breakdown)  (Slated)
Z:\Grateful Dead\# Studio Albums #\50th Anniversary Deluxe (24 Bit)\1970 - Workingman's Dead + Show\1970 - Workingman's Dead; The Angel's Share (Extended outtakes)\26 Friend of the Devil (Take 5)  (Slated).flac|Friend Of The Devil (Take 5)  (Slated)
Z:\Grateful Dead\# Studio Albums #\50th Anniversary Deluxe (24 Bit)\1970 - Workingman's Dead + Show\1970 - Workingman's Dead; The Angel's Share (Extended outtakes)\27 Friend of the Devil (Take 6)  (Slated).flac|Friend Of The Devil (Take 6)  (Slated)
Z:\Grateful Dead\# Studio Albums #\50th Anniversary Deluxe (24 Bit)\1970 - Workingman's Dead + Show\1970 - Workingman's Dead; The Angel's Share (Extended outtakes)\29 Friend.flac|Friend Of The Devil (Arranging Take 1)  (Not Slated)
Z:\Grateful Dead\# Studio Albums #\50th Anniversary Deluxe (24 Bit)\1970 - Workingman's Dead + Show\1970 - Workingman's Dead; The Angel's Share (Extended outtakes)\30 Friend.flac|Friend Of The Devil (Arranging Take 2)  (Not Slated)
Z:\Grateful Dead\# Studio Albums #\50th Anniversary Deluxe (24 Bit)\1970 - Workingman's Dead + Show\1970 - Workingman's Dead; The Angel's Share (Extended outtakes)\31 Friend.flac|Friend Of The Devil (Arranging Take 3)  (Not Slated)
Z:\Grateful Dead\# Studio Albums #\50th Anniversary Deluxe (24 Bit)\1970 - Workingman's Dead + Show\1970 - Workingman's Dead; The Angel's Share (Extended outtakes)\32 Friend.flac|Friend Of The Devil (Take 9 Breakdown)  (Slated)
Z:\Grateful Dead\# Studio Albums #\50th Anniversary Deluxe (24 Bit)\1970 - Workingman's Dead + Show\1970 - Workingman's Dead; The Angel's Share (Extended outtakes)\33 Friend.flac|Friend Of The Devil (Take 10 Breakdown)  (Slated)
Z:\Grateful Dead\# Studio Albums #\50th Anniversary Deluxe (24 Bit)\1970 - Workingman's Dead + Show\1970 - Workingman's Dead; The Angel's Share (Extended outtakes)\34 Friend of the Devil (Take 11)  (Slated).flac|Friend Of The Devil (Take 11)  (Slated)
Z:\Grateful Dead\# Studio Albums #\50th Anniversary Deluxe (24 Bit)\1970 - Workingman's Dead + Show\1970 - Workingman's Dead; The Angel's Share (Extended outtakes)\35 Friend.flac|Friend Of The Devil (Take 12 Breakdown)  (Slated)
Z:\Grateful Dead\# Studio Albums #\50th Anniversary Deluxe (24 Bit)\1970 - Workingman's Dead + Show\1970 - Workingman's Dead; The Angel's Share (Extended outtakes)\36 Friend of the Devil (Take 13)  (Not Slated).flac|Friend Of The Devil (Take 13)  (Not Slated)
Z:\Grateful Dead\# Studio Albums #\50th Anniversary Deluxe (24 Bit)\1970 - Workingman's Dead + Show\1970 - Workingman's Dead; The Angel's Share (Extended outtakes)\37 Friend.flac|Friend Of The Devil (Take 14 Breakdown)  (Slated)
Z:\Grateful Dead\# Studio Albums #\50th Anniversary Deluxe (24 Bit)\1970 - Workingman's Dead + Show\1970 - Workingman's Dead; The Angel's Share (Extended outtakes)\38 Friend of the Devil (Take 15)  (Slated).flac|Friend Of The Devil (Take 15)  (Slated)
Z:\Grateful Dead\# Studio Albums #\50th Anniversary Deluxe (24 Bit)\1970 - Workingman's Dead + Show\1970 - Workingman's Dead; The Angel's Share (Extended outtakes)\39 Friend of the Devil (Take 16)  (Slated).flac|Friend Of The Devil (Take 16)  (Slated)
Z:\Grateful Dead\# Studio Albums #\50th Anniversary Deluxe (24 Bit)\1970 - Workingman's Dead + Show\1970 - Workingman's Dead; The Angel's Share (Extended outtakes)\40 Friend of the Devil (Take 17)  (Slated).flac|Friend Of The Devil (Take 17)  (Slated)
Z:\Grateful Dead\# Studio Albums #\50th Anniversary Deluxe (24 Bit)\1970 - Workingman's Dead + Show\1970 - Workingman's Dead; The Angel's Share (Extended outtakes)\41 Friend of the Devil (Take 18)  (Slated).flac|Friend Of The Devil (Take 18)  (Slated)
Z:\Grateful Dead\# Studio Albums #\50th Anniversary Deluxe (24 Bit)\1970 - Workingman's Dead + Show\1970 - Workingman's Dead; The Angel's Share (Extended outtakes)\14 Operator (Take 1)  (Slated).flac|Operator (Take 1)  (Slated)
Z:\Grateful Dead\# Studio Albums #\50th Anniversary Deluxe (24 Bit)\1970 - Workingman's Dead + Show\1970 - Workingman's Dead; The Angel's Share (Extended outtakes)\28 Friend of the Devil (Take 7)  (Slated).flac|Friend Of The Devil (Take 7)  (Slated)
Z:\Grateful Dead\# Studio Albums #\50th Anniversary Deluxe (24 Bit)\1970 - Workingman's Dead + Show\1970 - Workingman's Dead; The Angel's Share (Extended outtakes)\42 Friend of the Devil (Take 19)  (Not Slated).flac|Friend Of The Devil (Take 19)  (Not Slated)
Z:\Grateful Dead\# Studio Albums #\50th Anniversary Deluxe (24 Bit)\1970 - Workingman's Dead + Show\1970 - Workingman's Dead; The Angel's Share (Extended outtakes)\43 Friend of the Devil (Take 20)  (Slated).flac|Friend Of The Devil (Take 20)  (Slated)
Z:\Grateful Dead\# Studio Albums #\50th Anniversary Deluxe (24 Bit)\1970 - Workingman's Dead + Show\1970 - Workingman's Dead; The Angel's Share (Extended outtakes)\44 Attics of My Life (Take 1)  (Slated).flac|Attics Of My Life (Take 1)  (Slated)
Z:\Grateful Dead\# Studio Albums #\50th Anniversary Deluxe (24 Bit)\1970 - Workingman's Dead + Show\1970 - Workingman's Dead; The Angel's Share (Extended outtakes)\45 Attics.flac|Attics Of My Life (Take 2 Breakdown)  (Slated)
Z:\Grateful Dead\# Studio Albums #\50th Anniversary Deluxe (24 Bit)\1970 - Workingman's Dead + Show\1970 - Workingman's Dead; The Angel's Share (Extended outtakes)\46 Attics.flac|Attics Of My Life (Take 3 Breakdown)  (Slated)
Z:\Grateful Dead\# Studio Albums #\50th Anniversary Deluxe (24 Bit)\1970 - Workingman's Dead + Show\1970 - Workingman's Dead; The Angel's Share (Extended outtakes)\47 Attics.flac|Attics Of My Life (Take 4 Breakdown)  (Slated)
Z:\Grateful Dead\# Studio Albums #\50th Anniversary Deluxe (24 Bit)\1970 - Workingman's Dead + Show\1970 - Workingman's Dead; The Angel's Share (Extended outtakes)\48 Attics of My Life (Take 5)  (Slated).flac|Attics Of My Life (Take 5)  (Slated)
Z:\Grateful Dead\# Studio Albums #\50th Anniversary Deluxe (24 Bit)\1970 - Workingman's Dead + Show\1970 - Workingman's Dead; The Angel's Share (Extended outtakes)\49 Attics of My Life (Solo Version)  (Demo).flac|Attics Of My Life (Solo Version)  (Demo)
Z:\Grateful Dead\# Studio Albums #\50th Anniversary Deluxe (24 Bit)\1970 - Workingman's Dead + Show\1970 - Workingman's Dead; The Angel's Share (Extended outtakes)\50 Hand.flac|Hand Me Down (Ripple) [Take 1 Breakdown]  (Slated)
Z:\Grateful Dead\# Studio Albums #\50th Anniversary Deluxe (24 Bit)\1970 - Workingman's Dead + Show\1970 - Workingman's Dead; The Angel's Share (Extended outtakes)\51 Hand.flac|Hand Me Down (Ripple) [Take 2 With Vocals]  (Slated)
Z:\Grateful Dead\# Studio Albums #\50th Anniversary Deluxe (24 Bit)\1970 - Workingman's Dead + Show\1970 - Workingman's Dead; The Angel's Share (Extended outtakes)\52 Hand Me Down (Ripple) [Take 3]  (Slated).flac|Hand Me Down (Ripple) [Take 3]  (Slated)
Z:\Grateful Dead\# Studio Albums #\50th Anniversary Deluxe (24 Bit)\1970 - Workingman's Dead + Show\1970 - Workingman's Dead; The Angel's Share (Extended outtakes)\53 Hand Me Down (Ripple) [Take 4]  (Slated).flac|Hand Me Down (Ripple) [Take 4]  (Slated)
Z:\Grateful Dead\# Studio Albums #\50th Anniversary Deluxe (24 Bit)\1970 - Workingman's Dead + Show\1970 - Workingman's Dead; The Angel's Share (Extended outtakes)\54 Hand.flac|Hand Me Down (Ripple) [Take 5 Breakdown]  (Slated)
Z:\Grateful Dead\# Studio Albums #\50th Anniversary Deluxe (24 Bit)\1970 - Workingman's Dead + Show\1970 - Workingman's Dead; The Angel's Share (Extended outtakes)\55 Hand.flac|Hand Me Down (Ripple) [Take 6 Breakdown]  (Slated)
Z:\Grateful Dead\# Studio Albums #\50th Anniversary Deluxe (24 Bit)\1970 - Workingman's Dead + Show\1970 - Workingman's Dead; The Angel's Share (Extended outtakes)\56 Hand Me Down (Ripple) [Take 7]  (Slated).flac|Hand Me Down (Ripple) [Take 7]  (Slated)
Z:\Grateful Dead\# Studio Albums #\50th Anniversary Deluxe (24 Bit)\1970 - Workingman's Dead + Show\1971-02-21 [Capitol Theater, Port Chester, NY]\101 Cold Rain And Snow.flac|Cold Rain And Snow
Z:\Grateful Dead\# Studio Albums #\50th Anniversary Deluxe (24 Bit)\1970 - Workingman's Dead + Show\1971-02-21 [Capitol Theater, Port Chester, NY]\102 Me And Bobby McGee.flac|Me And Bobby Mcgee
Z:\Grateful Dead\# Studio Albums #\50th Anniversary Deluxe (24 Bit)\1970 - Workingman's Dead + Show\1971-02-21 [Capitol Theater, Port Chester, NY]\103 Loser.flac|Loser
Z:\Grateful Dead\# Studio Albums #\50th Anniversary Deluxe (24 Bit)\1970 - Workingman's Dead + Show\1971-02-21 [Capitol Theater, Port Chester, NY]\104 Easy Wind.flac|Easy Wind
Z:\Grateful Dead\# Studio Albums #\50th Anniversary Deluxe (24 Bit)\1970 - Workingman's Dead + Show\1971-02-21 [Capitol Theater, Port Chester, NY]\105 Playing In The Band.flac|Playing In The Band
Z:\Grateful Dead\# Studio Albums #\50th Anniversary Deluxe (24 Bit)\1970 - Workingman's Dead + Show\1971-02-21 [Capitol Theater, Port Chester, NY]\106 Bertha.flac|Bertha
Z:\Grateful Dead\# Studio Albums #\50th Anniversary Deluxe (24 Bit)\1970 - Workingman's Dead + Show\1971-02-21 [Capitol Theater, Port Chester, NY]\107 Me And My Uncle.flac|Me And My Uncle
Z:\Grateful Dead\# Studio Albums #\50th Anniversary Deluxe (24 Bit)\1970 - Workingman's Dead + Show\1971-02-21 [Capitol Theater, Port Chester, NY]\108 Ripple (False Start).flac|Ripple (False Start)
Z:\Grateful Dead\# Studio Albums #\50th Anniversary Deluxe (24 Bit)\1970 - Workingman's Dead + Show\1971-02-21 [Capitol Theater, Port Chester, NY]\109 Ripple.flac|Ripple
Z:\Grateful Dead\# Studio Albums #\50th Anniversary Deluxe (24 Bit)\1970 - Workingman's Dead + Show\1971-02-21 [Capitol Theater, Port Chester, NY]\110 Next Time You See Me.flac|Next Time You See Me
Z:\Grateful Dead\# Studio Albums #\50th Anniversary Deluxe (24 Bit)\1970 - Workingman's Dead + Show\1971-02-21 [Capitol Theater, Port Chester, NY]\111 Sugar Magnolia.flac|Sugar Magnolia
Z:\Grateful Dead\# Studio Albums #\50th Anniversary Deluxe (24 Bit)\1970 - Workingman's Dead + Show\1971-02-21 [Capitol Theater, Port Chester, NY]\112 Greatest Story Ever Told.flac|Greatest Story Ever Told
Z:\Grateful Dead\# Studio Albums #\50th Anniversary Deluxe (24 Bit)\1970 - Workingman's Dead + Show\1971-02-21 [Capitol Theater, Port Chester, NY]\113 Johnny B. Goode.flac|Johnny B. Goode
Z:\Grateful Dead\# Studio Albums #\50th Anniversary Deluxe (24 Bit)\1970 - Workingman's Dead + Show\1971-02-21 [Capitol Theater, Port Chester, NY]\201 China Cat Sunflower.flac|China Cat Sunflower
Z:\Grateful Dead\# Studio Albums #\50th Anniversary Deluxe (24 Bit)\1970 - Workingman's Dead + Show\1971-02-21 [Capitol Theater, Port Chester, NY]\202 I Know You Rider.flac|I Know You Rider
Z:\Grateful Dead\# Studio Albums #\50th Anniversary Deluxe (24 Bit)\1970 - Workingman's Dead + Show\1971-02-21 [Capitol Theater, Port Chester, NY]\203 Bird Song.flac|Bird Song
Z:\Grateful Dead\# Studio Albums #\50th Anniversary Deluxe (24 Bit)\1970 - Workingman's Dead + Show\1971-02-21 [Capitol Theater, Port Chester, NY]\204 Cumberland Blues .flac|Cumberland Blues
Z:\Grateful Dead\# Studio Albums #\50th Anniversary Deluxe (24 Bit)\1970 - Workingman's Dead + Show\1971-02-21 [Capitol Theater, Port Chester, NY]\205 I'm A King Bee.flac|I'm A King Bee
Z:\Grateful Dead\# Studio Albums #\50th Anniversary Deluxe (24 Bit)\1970 - Workingman's Dead + Show\1971-02-21 [Capitol Theater, Port Chester, NY]\206 Beat It On Down The Line .flac|Beat It On Down The Line
Z:\Grateful Dead\# Studio Albums #\50th Anniversary Deluxe (24 Bit)\1970 - Workingman's Dead + Show\1971-02-21 [Capitol Theater, Port Chester, NY]\207 Wharf Rat.flac|Wharf Rat
Z:\Grateful Dead\# Studio Albums #\50th Anniversary Deluxe (24 Bit)\1970 - Workingman's Dead + Show\1971-02-21 [Capitol Theater, Port Chester, NY]\208 Truckin'.flac|Truckin'
Z:\Grateful Dead\# Studio Albums #\50th Anniversary Deluxe (24 Bit)\1970 - Workingman's Dead + Show\1971-02-21 [Capitol Theater, Port Chester, NY]\209 Casey Jones.flac|Casey Jones
Z:\Grateful Dead\# Studio Albums #\50th Anniversary Deluxe (24 Bit)\1970 - Workingman's Dead + Show\1971-02-21 [Capitol Theater, Port Chester, NY]\210 Good Lovin'.flac|Good Lovin'
Z:\Grateful Dead\# Studio Albums #\50th Anniversary Deluxe (24 Bit)\1970 - Workingman's Dead + Show\1971-02-21 [Capitol Theater, Port Chester, NY]\211 Uncle John's Band.flac|Uncle John's Band
Z:\Grateful Dead\# Studio Albums #\50th Anniversary Deluxe (24 Bit)\1971 - Skull & Roses + Show\1971 - Skull & Roses (50th Anniversary Expanded Edition)\01 - Bertha .flac|Bertha (Live at The Fillmore East, New York, NY, April 27, 1971) 
Z:\Grateful Dead\# Studio Albums #\50th Anniversary Deluxe (24 Bit)\1971 - Skull & Roses + Show\1971 - Skull & Roses (50th Anniversary Expanded Edition)\02 - Mama Tried.flac|Mama Tried (Live at The Fillmore East, New York, NY, April 26, 1971)
Z:\Grateful Dead\# Studio Albums #\50th Anniversary Deluxe (24 Bit)\1971 - Skull & Roses + Show\1971 - Skull & Roses (50th Anniversary Expanded Edition)\03 - Big Railroad Blues.flac|Big Railroad Blues (Live at The Fillmore East, New York, NY, April 5, 1971)
Z:\Grateful Dead\# Studio Albums #\50th Anniversary Deluxe (24 Bit)\1971 - Skull & Roses + Show\1971 - Skull & Roses (50th Anniversary Expanded Edition)\04 - Playing In The Band.flac|Playing in the Band (Live at The Fillmore East, New York, NY, April 6, 1971)
Z:\Grateful Dead\# Studio Albums #\50th Anniversary Deluxe (24 Bit)\1971 - Skull & Roses + Show\1971 - Skull & Roses (50th Anniversary Expanded Edition)\05 - The Other One.flac|The Other One (Live at The Fillmore East, New York, NY, April 28, 1971)
Z:\Grateful Dead\# Studio Albums #\50th Anniversary Deluxe (24 Bit)\1971 - Skull & Roses + Show\1971 - Skull & Roses (50th Anniversary Expanded Edition)\06 - Me & My Uncle.flac|Me & My Uncle (Live at The Fillmore East, New York, NY, April 29, 1971)
Z:\Grateful Dead\# Studio Albums #\50th Anniversary Deluxe (24 Bit)\1971 - Skull & Roses + Show\1971 - Skull & Roses (50th Anniversary Expanded Edition)\07 - Big Boss Man.flac|Big Boss Man (Live at The Fillmore East, New York, NY, April 26, 1971)
Z:\Grateful Dead\# Studio Albums #\50th Anniversary Deluxe (24 Bit)\1971 - Skull & Roses + Show\1971 - Skull & Roses (50th Anniversary Expanded Edition)\08 - Me & Bobby Mcgee.flac|Me & Bobby McGee (Live at The Fillmore East, New York, NY, April 27, 1971)
Z:\Grateful Dead\# Studio Albums #\50th Anniversary Deluxe (24 Bit)\1971 - Skull & Roses + Show\1971 - Skull & Roses (50th Anniversary Expanded Edition)\09 - Johnny B. Goode.flac|Johnny B. Goode (Live at The Fillmore East, New York, NY, March 24, 1971)
Z:\Grateful Dead\# Studio Albums #\50th Anniversary Deluxe (24 Bit)\1971 - Skull & Roses + Show\1971 - Skull & Roses (50th Anniversary Expanded Edition)\10 - Wharf Rat.flac|Wharf Rat (Live at The Fillmore East, New York, NY, April 26, 1971)
Z:\Grateful Dead\# Studio Albums #\50th Anniversary Deluxe (24 Bit)\1971 - Skull & Roses + Show\1971 - Skull & Roses (50th Anniversary Expanded Edition)\11 - Not Fade Away - .flac|Not Fade Away > Goin' Down the Road Feeling Bad (Live at The Fillmore East, New York, NY, April 5, 1971)
Z:\Grateful Dead\# Studio Albums #\50th Anniversary Deluxe (24 Bit)\1971 - Skull & Roses + Show\1971-07-02 [Fillmore West, San Francisco, CA] % (Skull & Roses - 50th Anniversary)\01 Good Lovin'.flac|Good Lovin' (Live at the Fillmore West, San Francisco, CA, July 2, 1971)
Z:\Grateful Dead\# Studio Albums #\50th Anniversary Deluxe (24 Bit)\1971 - Skull & Roses + Show\1971-07-02 [Fillmore West, San Francisco, CA] % (Skull & Roses - 50th Anniversary)\02 Sing Me Back Home.flac|Sing Me Back Home (Live at the Fillmore West, San Francisco, CA, July 2, 1971)
Z:\Grateful Dead\# Studio Albums #\50th Anniversary Deluxe (24 Bit)\1971 - Skull & Roses + Show\1971-07-02 [Fillmore West, San Francisco, CA] % (Skull & Roses - 50th Anniversary)\03 Mama Tried.flac|Mama Tried (Live at the Fillmore West, San Francisco, CA, July 2, 1971)
Z:\Grateful Dead\# Studio Albums #\50th Anniversary Deluxe (24 Bit)\1971 - Skull & Roses + Show\1971-07-02 [Fillmore West, San Francisco, CA] % (Skull & Roses - 50th Anniversary)\04 Cryptical Envelopment.flac|Cryptical Envelopment (Live at the Fillmore West, San Francisco, CA, July 2, 1971)
Z:\Grateful Dead\# Studio Albums #\50th Anniversary Deluxe (24 Bit)\1971 - Skull & Roses + Show\1971-07-02 [Fillmore West, San Francisco, CA] % (Skull & Roses - 50th Anniversary)\05 Drums.flac|Drums (Live at the Fillmore West, San Francisco, CA, July 2, 1971)
Z:\Grateful Dead\# Studio Albums #\50th Anniversary Deluxe (24 Bit)\1971 - Skull & Roses + Show\1971-07-02 [Fillmore West, San Francisco, CA] % (Skull & Roses - 50th Anniversary)\06 The Other One.flac|The Other One (Live at the Fillmore West, San Francisco, CA, July 2, 1971)
Z:\Grateful Dead\# Studio Albums #\50th Anniversary Deluxe (24 Bit)\1971 - Skull & Roses + Show\1971-07-02 [Fillmore West, San Francisco, CA] % (Skull & Roses - 50th Anniversary)\07 Big Boss Man.flac|Big Boss Man (Live at the Fillmore West, San Francisco, CA, July 2, 1971)
Z:\Grateful Dead\# Studio Albums #\50th Anniversary Deluxe (24 Bit)\1971 - Skull & Roses + Show\1971-07-02 [Fillmore West, San Francisco, CA] % (Skull & Roses - 50th Anniversary)\08 Not Fade Away, Pt. 1.flac|Not Fade Away, Pt. 1 (Live at the Fillmore West, San Francisco, CA, July 2, 1971)
Z:\Grateful Dead\# Studio Albums #\50th Anniversary Deluxe (24 Bit)\1971 - Skull & Roses + Show\1971-07-02 [Fillmore West, San Francisco, CA] % (Skull & Roses - 50th Anniversary)\09 Goin'.flac|Goin' Down the Road Feeling Bad (Live at the Fillmore West, San Francisco, CA, July 2, 1971)
Z:\Grateful Dead\# Studio Albums #\50th Anniversary Deluxe (24 Bit)\1971 - Skull & Roses + Show\1971-07-02 [Fillmore West, San Francisco, CA] % (Skull & Roses - 50th Anniversary)\10 Not Fade Away, Pt. 2.flac|Not Fade Away, Pt. 2 (Live at the Fillmore West, San Francisco, CA, July 2, 1971)
Z:\Grateful Dead\# Studio Albums #\50th Anniversary Deluxe (24 Bit)\1972 - Ace\Disc 1\01 - Greatest Story Ever Told (2022 Remaster).flac|Greatest Story Ever Told (2022 Remaster)
Z:\Grateful Dead\# Studio Albums #\50th Anniversary Deluxe (24 Bit)\1972 - Ace\Disc 1\02 - Black-Throated Wind (2022 Remaster).flac|Black-Throated Wind (2022 Remaster)
Z:\Grateful Dead\# Studio Albums #\50th Anniversary Deluxe (24 Bit)\1972 - Ace\Disc 1\03 - Walk in the Sunshine (2022 Remaster).flac|Walk in the Sunshine (2022 Remaster)
Z:\Grateful Dead\# Studio Albums #\50th Anniversary Deluxe (24 Bit)\1972 - Ace\Disc 1\04 - Playing in the Band (2022 Remaster).flac|Playing in the Band (2022 Remaster)
Z:\Grateful Dead\# Studio Albums #\50th Anniversary Deluxe (24 Bit)\1972 - Ace\Disc 1\05 - Looks Like Rain (2022 Remaster).flac|Looks Like Rain (2022 Remaster)
Z:\Grateful Dead\# Studio Albums #\50th Anniversary Deluxe (24 Bit)\1972 - Ace\Disc 1\06 - Mexicali Blues (2022 Remaster).flac|Mexicali Blues (2022 Remaster)
Z:\Grateful Dead\# Studio Albums #\50th Anniversary Deluxe (24 Bit)\1972 - Ace\Disc 1\07 - One More Saturday Night (2022 Remaster).flac|One More Saturday Night (2022 Remaster)
Z:\Grateful Dead\# Studio Albums #\50th Anniversary Deluxe (24 Bit)\1972 - Ace\Disc 1\08 - Cassidy (2022 Remaster).flac|Cassidy (2022 Remaster)
Z:\Grateful Dead\# Studio Albums #\50th Anniversary Deluxe (24 Bit)\1972 - Ace\Disc 2\01 - Greatest Story Ever Told (feat. Tyler Childers) [Live at Radio City Music Hall, New York, NY 4;3;22].flac|Greatest Story Ever Told (feat. Tyler Childers) [Live at Radio City Music Hall, New York, NY 4/3/22]
Z:\Grateful Dead\# Studio Albums #\50th Anniversary Deluxe (24 Bit)\1972 - Ace\Disc 2\02 - Black-Throated Wind (Live at Radio City Music Hall, New York, NY 4;3;22).flac|Black-Throated Wind (Live at Radio City Music Hall, New York, NY 4/3/22)
Z:\Grateful Dead\# Studio Albums #\50th Anniversary Deluxe (24 Bit)\1972 - Ace\Disc 2\03 - Walk in the Sunshine (feat. Brittney Spencer) [Live at Radio City Music Hall, New York, NY 4;3;22].flac|Walk in the Sunshine (feat. Brittney Spencer) [Live at Radio City Music Hall, New York, NY 4/3/22]
Z:\Grateful Dead\# Studio Albums #\50th Anniversary Deluxe (24 Bit)\1972 - Ace\Disc 2\04 - Playing in the Band (Live at Radio City Music Hall, New York, NY 4;3;22).flac|Playing in the Band (Live at Radio City Music Hall, New York, NY 4/3/22)
Z:\Grateful Dead\# Studio Albums #\50th Anniversary Deluxe (24 Bit)\1972 - Ace\Disc 2\05 - Looks Like Rain (feat. Brittney Spencer) [Live at Radio City Music Hall, New York, NY 4;3;22].flac|Looks Like Rain (feat. Brittney Spencer) [Live at Radio City Music Hall, New York, NY 4/3/22]
Z:\Grateful Dead\# Studio Albums #\50th Anniversary Deluxe (24 Bit)\1972 - Ace\Disc 2\06 - Mexicali Blues Intro (Live at Radio City Music Hall, New York, NY 4;3;22).flac|Mexicali Blues Intro (Live at Radio City Music Hall, New York, NY 4/3/22)
Z:\Grateful Dead\# Studio Albums #\50th Anniversary Deluxe (24 Bit)\1972 - Ace\Disc 2\07 - Mexicali Blues (Live at Radio City Music Hall, New York, NY 4;3;22).flac|Mexicali Blues (Live at Radio City Music Hall, New York, NY 4/3/22)
Z:\Grateful Dead\# Studio Albums #\50th Anniversary Deluxe (24 Bit)\1972 - Ace\Disc 2\08 - One More Saturday Night (Live at Radio City Music Hall, New York, NY 4;3;22).flac|One More Saturday Night (Live at Radio City Music Hall, New York, NY 4/3/22)
Z:\Grateful Dead\# Studio Albums #\50th Anniversary Deluxe (24 Bit)\1972 - Ace\Disc 2\09 - Cassidy (Live at Radio City Music Hall, New York, NY 4;3;22).flac|Cassidy (Live at Radio City Music Hall, New York, NY 4/3/22)
Z:\Grateful Dead\# Studio Albums #\50th Anniversary Deluxe (24 Bit)\1972 - Europe '72\101 Cumberland Blues.flac|Cumberland Blues
Z:\Grateful Dead\# Studio Albums #\50th Anniversary Deluxe (24 Bit)\1972 - Europe '72\102 He's Gone.flac|He's Gone
Z:\Grateful Dead\# Studio Albums #\50th Anniversary Deluxe (24 Bit)\1972 - Europe '72\103 One More Saturday Night.flac|One More Saturday Night
Z:\Grateful Dead\# Studio Albums #\50th Anniversary Deluxe (24 Bit)\1972 - Europe '72\104 Jack Straw.flac|Jack Straw
Z:\Grateful Dead\# Studio Albums #\50th Anniversary Deluxe (24 Bit)\1972 - Europe '72\105 You Win Again.flac|You Win Again
Z:\Grateful Dead\# Studio Albums #\50th Anniversary Deluxe (24 Bit)\1972 - Europe '72\106 China Cat Sunflower.flac|China Cat Sunflower
Z:\Grateful Dead\# Studio Albums #\50th Anniversary Deluxe (24 Bit)\1972 - Europe '72\107 I Know You Rider.flac|I Know You Rider
Z:\Grateful Dead\# Studio Albums #\50th Anniversary Deluxe (24 Bit)\1972 - Europe '72\201 Brown-Eyed Women.flac|Brown-Eyed Women
Z:\Grateful Dead\# Studio Albums #\50th Anniversary Deluxe (24 Bit)\1972 - Europe '72\202 Hurts Me Too.flac|Hurts Me Too
Z:\Grateful Dead\# Studio Albums #\50th Anniversary Deluxe (24 Bit)\1972 - Europe '72\203 Ramble on Rose.flac|Ramble on Rose
Z:\Grateful Dead\# Studio Albums #\50th Anniversary Deluxe (24 Bit)\1972 - Europe '72\204 Sugar Magnolia.flac|Sugar Magnolia
Z:\Grateful Dead\# Studio Albums #\50th Anniversary Deluxe (24 Bit)\1972 - Europe '72\205 Mr. Charlie.flac|Mr. Charlie
Z:\Grateful Dead\# Studio Albums #\50th Anniversary Deluxe (24 Bit)\1972 - Europe '72\206 Tennessee Jed .flac|Tennessee Jed
Z:\Grateful Dead\# Studio Albums #\50th Anniversary Deluxe (24 Bit)\1972 - Europe '72\301 Truckin'.flac|Truckin'
Z:\Grateful Dead\# Studio Albums #\50th Anniversary Deluxe (24 Bit)\1972 - Europe '72\302 Epilogue.flac|Epilogue
Z:\Grateful Dead\# Studio Albums #\50th Anniversary Deluxe (24 Bit)\1972 - Europe '72\303 Prelude.flac|Prelude
Z:\Grateful Dead\# Studio Albums #\50th Anniversary Deluxe (24 Bit)\1972 - Europe '72\304 Morning Dew.flac|Morning Dew
Z:\Grateful Dead\# Studio Albums #\50th Anniversary Deluxe (24 Bit)\1972 - Lyceum Theatre, London, England]\1972-05-23 [Lyceum Theatre, London, England] 24 Bit (96-2) (50th Anniversary remaster)\01_Prom.flac|Promised Land
Z:\Grateful Dead\# Studio Albums #\50th Anniversary Deluxe (24 Bit)\1972 - Lyceum Theatre, London, England]\1972-05-23 [Lyceum Theatre, London, England] 24 Bit (96-2) (50th Anniversary remaster)\02_Sugaree.flac|Sugaree
Z:\Grateful Dead\# Studio Albums #\50th Anniversary Deluxe (24 Bit)\1972 - Lyceum Theatre, London, England]\1972-05-23 [Lyceum Theatre, London, England] 24 Bit (96-2) (50th Anniversary remaster)\03_Mr_Charlie.flac|Mr Charlie
Z:\Grateful Dead\# Studio Albums #\50th Anniversary Deluxe (24 Bit)\1972 - Lyceum Theatre, London, England]\1972-05-23 [Lyceum Theatre, London, England] 24 Bit (96-2) (50th Anniversary remaster)\04_BTW.flac|Black-Throated Wind
Z:\Grateful Dead\# Studio Albums #\50th Anniversary Deluxe (24 Bit)\1972 - Lyceum Theatre, London, England]\1972-05-23 [Lyceum Theatre, London, England] 24 Bit (96-2) (50th Anniversary remaster)\05_TJ.flac|Tennessee Jed
Z:\Grateful Dead\# Studio Albums #\50th Anniversary Deluxe (24 Bit)\1972 - Lyceum Theatre, London, England]\1972-05-23 [Lyceum Theatre, London, England] 24 Bit (96-2) (50th Anniversary remaster)\06_NTYSM.flac|Next Time You See Me
Z:\Grateful Dead\# Studio Albums #\50th Anniversary Deluxe (24 Bit)\1972 - Lyceum Theatre, London, England]\1972-05-23 [Lyceum Theatre, London, England] 24 Bit (96-2) (50th Anniversary remaster)\07_Jack_Straw.flac|Jack Straw
Z:\Grateful Dead\# Studio Albums #\50th Anniversary Deluxe (24 Bit)\1972 - Lyceum Theatre, London, England]\1972-05-23 [Lyceum Theatre, London, England] 24 Bit (96-2) (50th Anniversary remaster)\08_CCS.flac|China Cat Sunflower
Z:\Grateful Dead\# Studio Albums #\50th Anniversary Deluxe (24 Bit)\1972 - Lyceum Theatre, London, England]\1972-05-23 [Lyceum Theatre, London, England] 24 Bit (96-2) (50th Anniversary remaster)\09_IKYR.flac|I Know You Rider
Z:\Grateful Dead\# Studio Albums #\50th Anniversary Deluxe (24 Bit)\1972 - Lyceum Theatre, London, England]\1972-05-23 [Lyceum Theatre, London, England] 24 Bit (96-2) (50th Anniversary remaster)\10_MAMU.flac|Me and My Uncle
Z:\Grateful Dead\# Studio Albums #\50th Anniversary Deluxe (24 Bit)\1972 - Lyceum Theatre, London, England]\1972-05-23 [Lyceum Theatre, London, England] 24 Bit (96-2) (50th Anniversary remaster)\11_CtownS.flac|Chinatown Shuffle
Z:\Grateful Dead\# Studio Albums #\50th Anniversary Deluxe (24 Bit)\1972 - Lyceum Theatre, London, England]\1972-05-23 [Lyceum Theatre, London, England] 24 Bit (96-2) (50th Anniversary remaster)\12_BRB.flac|Big Railroad Blues
Z:\Grateful Dead\# Studio Albums #\50th Anniversary Deluxe (24 Bit)\1972 - Lyceum Theatre, London, England]\1972-05-23 [Lyceum Theatre, London, England] 24 Bit (96-2) (50th Anniversary remaster)\13_2 Souls.flac|The Stranger (Two Souls in Communion)
Z:\Grateful Dead\# Studio Albums #\50th Anniversary Deluxe (24 Bit)\1972 - Lyceum Theatre, London, England]\1972-05-23 [Lyceum Theatre, London, England] 24 Bit (96-2) (50th Anniversary remaster)\14_PITB.flac|Playing in the Band
Z:\Grateful Dead\# Studio Albums #\50th Anniversary Deluxe (24 Bit)\1972 - Lyceum Theatre, London, England]\1972-05-23 [Lyceum Theatre, London, England] 24 Bit (96-2) (50th Anniversary remaster)\15_SOTOTW.flac|Sitting on Top of the World
Z:\Grateful Dead\# Studio Albums #\50th Anniversary Deluxe (24 Bit)\1972 - Lyceum Theatre, London, England]\1972-05-23 [Lyceum Theatre, London, England] 24 Bit (96-2) (50th Anniversary remaster)\16_RPBWF.flac|Rockin Pneumonia and the Boogie Woogie Flu
Z:\Grateful Dead\# Studio Albums #\50th Anniversary Deluxe (24 Bit)\1972 - Lyceum Theatre, London, England]\1972-05-23 [Lyceum Theatre, London, England] 24 Bit (96-2) (50th Anniversary remaster)\17_Mexicali.flac|Mexicali Blues
Z:\Grateful Dead\# Studio Albums #\50th Anniversary Deluxe (24 Bit)\1972 - Lyceum Theatre, London, England]\1972-05-23 [Lyceum Theatre, London, England] 24 Bit (96-2) (50th Anniversary remaster)\18_Good_Lovin'.flac|Good Lovin'
Z:\Grateful Dead\# Studio Albums #\50th Anniversary Deluxe (24 Bit)\1972 - Lyceum Theatre, London, England]\1972-05-23 [Lyceum Theatre, London, England] 24 Bit (96-2) (50th Anniversary remaster)\19_Casey_Jones.flac|Casey Jones
Z:\Grateful Dead\# Studio Albums #\50th Anniversary Deluxe (24 Bit)\1972 - Lyceum Theatre, London, England]\1972-05-23 [Lyceum Theatre, London, England] 24 Bit (96-2) (50th Anniversary remaster)\20_ROR.flac|Ramble on Rose
Z:\Grateful Dead\# Studio Albums #\50th Anniversary Deluxe (24 Bit)\1972 - Lyceum Theatre, London, England]\1972-05-23 [Lyceum Theatre, London, England] 24 Bit (96-2) (50th Anniversary remaster)\21_Dark_Star.flac|Dark Star
Z:\Grateful Dead\# Studio Albums #\50th Anniversary Deluxe (24 Bit)\1972 - Lyceum Theatre, London, England]\1972-05-23 [Lyceum Theatre, London, England] 24 Bit (96-2) (50th Anniversary remaster)\22_Morning_Dew.flac|Morning Dew
Z:\Grateful Dead\# Studio Albums #\50th Anniversary Deluxe (24 Bit)\1972 - Lyceum Theatre, London, England]\1972-05-23 [Lyceum Theatre, London, England] 24 Bit (96-2) (50th Anniversary remaster)\23_He's_Gone.flac|He's Gone
Z:\Grateful Dead\# Studio Albums #\50th Anniversary Deluxe (24 Bit)\1972 - Lyceum Theatre, London, England]\1972-05-23 [Lyceum Theatre, London, England] 24 Bit (96-2) (50th Anniversary remaster)\24_SMags.flac|Sugar Magnolia
Z:\Grateful Dead\# Studio Albums #\50th Anniversary Deluxe (24 Bit)\1972 - Lyceum Theatre, London, England]\1972-05-23 [Lyceum Theatre, London, England] 24 Bit (96-2) (50th Anniversary remaster)\25_Comes_a_Time.flac|Comes a Time
Z:\Grateful Dead\# Studio Albums #\50th Anniversary Deluxe (24 Bit)\1972 - Lyceum Theatre, London, England]\1972-05-23 [Lyceum Theatre, London, England] 24 Bit (96-2) (50th Anniversary remaster)\26_GDTRFB.flac|Goin' Down the Road Feeling Bad
Z:\Grateful Dead\# Studio Albums #\50th Anniversary Deluxe (24 Bit)\1972 - Lyceum Theatre, London, England]\1972-05-23 [Lyceum Theatre, London, England] 24 Bit (96-2) (50th Anniversary remaster)\27_NFA.flac|Not Fade Away Pt 1
Z:\Grateful Dead\# Studio Albums #\50th Anniversary Deluxe (24 Bit)\1972 - Lyceum Theatre, London, England]\1972-05-23 [Lyceum Theatre, London, England] 24 Bit (96-2) (50th Anniversary remaster)\28_BoD.flac|Hey Bo Diddley
Z:\Grateful Dead\# Studio Albums #\50th Anniversary Deluxe (24 Bit)\1972 - Lyceum Theatre, London, England]\1972-05-23 [Lyceum Theatre, London, England] 24 Bit (96-2) (50th Anniversary remaster)\29_NFA.flac|Not Fade Away Pt 2
Z:\Grateful Dead\# Studio Albums #\50th Anniversary Deluxe (24 Bit)\1972 - Lyceum Theatre, London, England]\1972-05-23 [Lyceum Theatre, London, England] 24 Bit (96-2) (50th Anniversary remaster)\30_UJB.flac|Uncle John's Band
Z:\Grateful Dead\# Studio Albums #\50th Anniversary Deluxe (24 Bit)\1972 - Lyceum Theatre, London, England]\1972-05-24 [Lyceum Theatre, London, England] 24 Bit (96-2) (50th Anniversary remaster)\01_CRS.flac|Cold Rain and Snow
Z:\Grateful Dead\# Studio Albums #\50th Anniversary Deluxe (24 Bit)\1972 - Lyceum Theatre, London, England]\1972-05-24 [Lyceum Theatre, London, England] 24 Bit (96-2) (50th Anniversary remaster)\02_BIODTL.flac|Beat It on Down the Line
Z:\Grateful Dead\# Studio Albums #\50th Anniversary Deluxe (24 Bit)\1972 - Lyceum Theatre, London, England]\1972-05-24 [Lyceum Theatre, London, England] 24 Bit (96-2) (50th Anniversary remaster)\03_Mr_Charlie.flac|Mr Charlie
Z:\Grateful Dead\# Studio Albums #\50th Anniversary Deluxe (24 Bit)\1972 - Lyceum Theatre, London, England]\1972-05-24 [Lyceum Theatre, London, England] 24 Bit (96-2) (50th Anniversary remaster)\04_Deal.flac|Deal
Z:\Grateful Dead\# Studio Albums #\50th Anniversary Deluxe (24 Bit)\1972 - Lyceum Theatre, London, England]\1972-05-24 [Lyceum Theatre, London, England] 24 Bit (96-2) (50th Anniversary remaster)\05_MAMU.flac|Me and My Uncle
Z:\Grateful Dead\# Studio Albums #\50th Anniversary Deluxe (24 Bit)\1972 - Lyceum Theatre, London, England]\1972-05-24 [Lyceum Theatre, London, England] 24 Bit (96-2) (50th Anniversary remaster)\06_Hurts_Me_Too.flac|Hurts Me Too
Z:\Grateful Dead\# Studio Albums #\50th Anniversary Deluxe (24 Bit)\1972 - Lyceum Theatre, London, England]\1972-05-24 [Lyceum Theatre, London, England] 24 Bit (96-2) (50th Anniversary remaster)\07_Dire_Wolf.flac|Dire Wolf
Z:\Grateful Dead\# Studio Albums #\50th Anniversary Deluxe (24 Bit)\1972 - Lyceum Theatre, London, England]\1972-05-24 [Lyceum Theatre, London, England] 24 Bit (96-2) (50th Anniversary remaster)\08_BTW.flac|Black-Throated Wind
Z:\Grateful Dead\# Studio Albums #\50th Anniversary Deluxe (24 Bit)\1972 - Lyceum Theatre, London, England]\1972-05-24 [Lyceum Theatre, London, England] 24 Bit (96-2) (50th Anniversary remaster)\09_China.flac|Chinatown Shuffle
Z:\Grateful Dead\# Studio Albums #\50th Anniversary Deluxe (24 Bit)\1972 - Lyceum Theatre, London, England]\1972-05-24 [Lyceum Theatre, London, England] 24 Bit (96-2) (50th Anniversary remaster)\10_CCS.flac|China Cat Sunflower
Z:\Grateful Dead\# Studio Albums #\50th Anniversary Deluxe (24 Bit)\1972 - Lyceum Theatre, London, England]\1972-05-24 [Lyceum Theatre, London, England] 24 Bit (96-2) (50th Anniversary remaster)\11_IKYR.flac|I Know You Rider
Z:\Grateful Dead\# Studio Albums #\50th Anniversary Deluxe (24 Bit)\1972 - Lyceum Theatre, London, England]\1972-05-24 [Lyceum Theatre, London, England] 24 Bit (96-2) (50th Anniversary remaster)\12_PITB.flac|Playing in the Band
Z:\Grateful Dead\# Studio Albums #\50th Anniversary Deluxe (24 Bit)\1972 - Lyceum Theatre, London, England]\1972-05-24 [Lyceum Theatre, London, England] 24 Bit (96-2) (50th Anniversary remaster)\13_YWA.flac|You Win Again
Z:\Grateful Dead\# Studio Albums #\50th Anniversary Deluxe (24 Bit)\1972 - Lyceum Theatre, London, England]\1972-05-24 [Lyceum Theatre, London, England] 24 Bit (96-2) (50th Anniversary remaster)\14_Jack_Straw.flac|Jack Straw
Z:\Grateful Dead\# Studio Albums #\50th Anniversary Deluxe (24 Bit)\1972 - Lyceum Theatre, London, England]\1972-05-24 [Lyceum Theatre, London, England] 24 Bit (96-2) (50th Anniversary remaster)\15_Casey_Jones.flac|Casey Jones
Z:\Grateful Dead\# Studio Albums #\50th Anniversary Deluxe (24 Bit)\1972 - Lyceum Theatre, London, England]\1972-05-24 [Lyceum Theatre, London, England] 24 Bit (96-2) (50th Anniversary remaster)\16_Rockin'.flac|Rockin' Pneumonia and the Boogie Woogie Flu
Z:\Grateful Dead\# Studio Albums #\50th Anniversary Deluxe (24 Bit)\1972 - Lyceum Theatre, London, England]\1972-05-24 [Lyceum Theatre, London, England] 24 Bit (96-2) (50th Anniversary remaster)\17_Mex.flac|Mexicali Blues
Z:\Grateful Dead\# Studio Albums #\50th Anniversary Deluxe (24 Bit)\1972 - Lyceum Theatre, London, England]\1972-05-24 [Lyceum Theatre, London, England] 24 Bit (96-2) (50th Anniversary remaster)\18_Black_Peter.flac|Black Peter
Z:\Grateful Dead\# Studio Albums #\50th Anniversary Deluxe (24 Bit)\1972 - Lyceum Theatre, London, England]\1972-05-24 [Lyceum Theatre, London, England] 24 Bit (96-2) (50th Anniversary remaster)\19_Mex2.flac|Mexican Hat Dance
Z:\Grateful Dead\# Studio Albums #\50th Anniversary Deluxe (24 Bit)\1972 - Lyceum Theatre, London, England]\1972-05-24 [Lyceum Theatre, London, England] 24 Bit (96-2) (50th Anniversary remaster)\20_Truckin'.flac|Truckin'
Z:\Grateful Dead\# Studio Albums #\50th Anniversary Deluxe (24 Bit)\1972 - Lyceum Theatre, London, England]\1972-05-24 [Lyceum Theatre, London, England] 24 Bit (96-2) (50th Anniversary remaster)\21_Drums.flac|Drums
Z:\Grateful Dead\# Studio Albums #\50th Anniversary Deluxe (24 Bit)\1972 - Lyceum Theatre, London, England]\1972-05-24 [Lyceum Theatre, London, England] 24 Bit (96-2) (50th Anniversary remaster)\22_TOO.flac|The Other One
Z:\Grateful Dead\# Studio Albums #\50th Anniversary Deluxe (24 Bit)\1972 - Lyceum Theatre, London, England]\1972-05-24 [Lyceum Theatre, London, England] 24 Bit (96-2) (50th Anniversary remaster)\23_SMBH.flac|Sing Me Back Home
Z:\Grateful Dead\# Studio Albums #\50th Anniversary Deluxe (24 Bit)\1972 - Lyceum Theatre, London, England]\1972-05-24 [Lyceum Theatre, London, England] 24 Bit (96-2) (50th Anniversary remaster)\24_Sugar.flac|Sugar Magnolia
Z:\Grateful Dead\# Studio Albums #\50th Anniversary Deluxe (24 Bit)\1972 - Lyceum Theatre, London, England]\1972-05-24 [Lyceum Theatre, London, England] 24 Bit (96-2) (50th Anniversary remaster)\25_TOYL.flac|Turn on Your Love Light
Z:\Grateful Dead\# Studio Albums #\50th Anniversary Deluxe (24 Bit)\1972 - Lyceum Theatre, London, England]\1972-05-24 [Lyceum Theatre, London, England] 24 Bit (96-2) (50th Anniversary remaster)\26_2Souls.flac|The Stranger (Two Souls in Communion)
Z:\Grateful Dead\# Studio Albums #\50th Anniversary Deluxe (24 Bit)\1972 - Lyceum Theatre, London, England]\1972-05-24 [Lyceum Theatre, London, England] 24 Bit (96-2) (50th Anniversary remaster)\27_OMSN.flac|One More Saturday Night
Z:\Grateful Dead\# Studio Albums #\50th Anniversary Deluxe (24 Bit)\1972 - Lyceum Theatre, London, England]\1972-05-25 [Lyceum Theatre, London, England] 24 Bit (96-2) (50th Anniversary remaster)\01_PL.flac|Promised Land
Z:\Grateful Dead\# Studio Albums #\50th Anniversary Deluxe (24 Bit)\1972 - Lyceum Theatre, London, England]\1972-05-25 [Lyceum Theatre, London, England] 24 Bit (96-2) (50th Anniversary remaster)\02_BEW.flac|Brown-Eyed Women
Z:\Grateful Dead\# Studio Albums #\50th Anniversary Deluxe (24 Bit)\1972 - Lyceum Theatre, London, England]\1972-05-25 [Lyceum Theatre, London, England] 24 Bit (96-2) (50th Anniversary remaster)\03_Big_Boss_Man.flac|Big Boss Man
Z:\Grateful Dead\# Studio Albums #\50th Anniversary Deluxe (24 Bit)\1972 - Lyceum Theatre, London, England]\1972-05-25 [Lyceum Theatre, London, England] 24 Bit (96-2) (50th Anniversary remaster)\04_BTW.flac|Black-Throated Wind
Z:\Grateful Dead\# Studio Albums #\50th Anniversary Deluxe (24 Bit)\1972 - Lyceum Theatre, London, England]\1972-05-25 [Lyceum Theatre, London, England] 24 Bit (96-2) (50th Anniversary remaster)\05_TJ.flac|Tennessee Jed
Z:\Grateful Dead\# Studio Albums #\50th Anniversary Deluxe (24 Bit)\1972 - Lyceum Theatre, London, England]\1972-05-25 [Lyceum Theatre, London, England] 24 Bit (96-2) (50th Anniversary remaster)\06_MrC.flac|Mr. Charlie Live
Z:\Grateful Dead\# Studio Albums #\50th Anniversary Deluxe (24 Bit)\1972 - Lyceum Theatre, London, England]\1972-05-25 [Lyceum Theatre, London, England] 24 Bit (96-2) (50th Anniversary remaster)\07_Jack_Straw.flac|Jack Straw
Z:\Grateful Dead\# Studio Albums #\50th Anniversary Deluxe (24 Bit)\1972 - Lyceum Theatre, London, England]\1972-05-25 [Lyceum Theatre, London, England] 24 Bit (96-2) (50th Anniversary remaster)\08_CCS.flac|China Cat Sunflower
Z:\Grateful Dead\# Studio Albums #\50th Anniversary Deluxe (24 Bit)\1972 - Lyceum Theatre, London, England]\1972-05-25 [Lyceum Theatre, London, England] 24 Bit (96-2) (50th Anniversary remaster)\09_IKYR.flac|I Know You Rider
Z:\Grateful Dead\# Studio Albums #\50th Anniversary Deluxe (24 Bit)\1972 - Lyceum Theatre, London, England]\1972-05-25 [Lyceum Theatre, London, England] 24 Bit (96-2) (50th Anniversary remaster)\10_MABM.flac|Me and Bobby McGee
Z:\Grateful Dead\# Studio Albums #\50th Anniversary Deluxe (24 Bit)\1972 - Lyceum Theatre, London, England]\1972-05-25 [Lyceum Theatre, London, England] 24 Bit (96-2) (50th Anniversary remaster)\11_Good_Lovin'.flac|Good Lovin'
Z:\Grateful Dead\# Studio Albums #\50th Anniversary Deluxe (24 Bit)\1972 - Lyceum Theatre, London, England]\1972-05-25 [Lyceum Theatre, London, England] 24 Bit (96-2) (50th Anniversary remaster)\12_PITB.flac|Playing in the Band
Z:\Grateful Dead\# Studio Albums #\50th Anniversary Deluxe (24 Bit)\1972 - Lyceum Theatre, London, England]\1972-05-25 [Lyceum Theatre, London, England] 24 Bit (96-2) (50th Anniversary remaster)\13_BP.flac|Brokedown Palace
Z:\Grateful Dead\# Studio Albums #\50th Anniversary Deluxe (24 Bit)\1972 - Lyceum Theatre, London, England]\1972-05-25 [Lyceum Theatre, London, England] 24 Bit (96-2) (50th Anniversary remaster)\14_Casey_Jones.flac|Casey Jones
Z:\Grateful Dead\# Studio Albums #\50th Anniversary Deluxe (24 Bit)\1972 - Lyceum Theatre, London, England]\1972-05-25 [Lyceum Theatre, London, England] 24 Bit (96-2) (50th Anniversary remaster)\15_MAMU.flac|Me and My Uncle
Z:\Grateful Dead\# Studio Albums #\50th Anniversary Deluxe (24 Bit)\1972 - Lyceum Theatre, London, England]\1972-05-25 [Lyceum Theatre, London, England] 24 Bit (96-2) (50th Anniversary remaster)\16_BRB.flac|Big Railroad Blues
Z:\Grateful Dead\# Studio Albums #\50th Anniversary Deluxe (24 Bit)\1972 - Lyceum Theatre, London, England]\1972-05-25 [Lyceum Theatre, London, England] 24 Bit (96-2) (50th Anniversary remaster)\17_China.flac|Chinatown Shuffle
Z:\Grateful Dead\# Studio Albums #\50th Anniversary Deluxe (24 Bit)\1972 - Lyceum Theatre, London, England]\1972-05-25 [Lyceum Theatre, London, England] 24 Bit (96-2) (50th Anniversary remaster)\18_ROR.flac|Ramble on Rose
Z:\Grateful Dead\# Studio Albums #\50th Anniversary Deluxe (24 Bit)\1972 - Lyceum Theatre, London, England]\1972-05-25 [Lyceum Theatre, London, England] 24 Bit (96-2) (50th Anniversary remaster)\19_UJB.flac|Uncle John's Band
Z:\Grateful Dead\# Studio Albums #\50th Anniversary Deluxe (24 Bit)\1972 - Lyceum Theatre, London, England]\1972-05-25 [Lyceum Theatre, London, England] 24 Bit (96-2) (50th Anniversary remaster)\20_Wharf_Rat.flac|Wharf Rat
Z:\Grateful Dead\# Studio Albums #\50th Anniversary Deluxe (24 Bit)\1972 - Lyceum Theatre, London, England]\1972-05-25 [Lyceum Theatre, London, England] 24 Bit (96-2) (50th Anniversary remaster)\21_Dark_Star.flac|Dark Star
Z:\Grateful Dead\# Studio Albums #\50th Anniversary Deluxe (24 Bit)\1972 - Lyceum Theatre, London, England]\1972-05-25 [Lyceum Theatre, London, England] 24 Bit (96-2) (50th Anniversary remaster)\22_Sugar.flac|Sugar Magnolia
Z:\Grateful Dead\# Studio Albums #\50th Anniversary Deluxe (24 Bit)\1972 - Lyceum Theatre, London, England]\1972-05-25 [Lyceum Theatre, London, England] 24 Bit (96-2) (50th Anniversary remaster)\23_Comes_a_Time.flac|Comes a Time
Z:\Grateful Dead\# Studio Albums #\50th Anniversary Deluxe (24 Bit)\1972 - Lyceum Theatre, London, England]\1972-05-25 [Lyceum Theatre, London, England] 24 Bit (96-2) (50th Anniversary remaster)\24_El_Paso.flac|El Paso
Z:\Grateful Dead\# Studio Albums #\50th Anniversary Deluxe (24 Bit)\1972 - Lyceum Theatre, London, England]\1972-05-25 [Lyceum Theatre, London, England] 24 Bit (96-2) (50th Anniversary remaster)\25_SOTOTW.flac|Sitting on Top of the World
Z:\Grateful Dead\# Studio Albums #\50th Anniversary Deluxe (24 Bit)\1972 - Lyceum Theatre, London, England]\1972-05-25 [Lyceum Theatre, London, England] 24 Bit (96-2) (50th Anniversary remaster)\26_GDTRFB.flac|Goin' Down the Road Feeling Bad
Z:\Grateful Dead\# Studio Albums #\50th Anniversary Deluxe (24 Bit)\1972 - Lyceum Theatre, London, England]\1972-05-25 [Lyceum Theatre, London, England] 24 Bit (96-2) (50th Anniversary remaster)\27_OMSN.flac|One More Saturday Night
Z:\Grateful Dead\# Studio Albums #\50th Anniversary Deluxe (24 Bit)\1972 - Lyceum Theatre, London, England]\1972-05-26 [Lyceum Theatre, London, England] 24 Bit (96-2) (50th Anniversary remaster)\01_PL.flac|Promised Land
Z:\Grateful Dead\# Studio Albums #\50th Anniversary Deluxe (24 Bit)\1972 - Lyceum Theatre, London, England]\1972-05-26 [Lyceum Theatre, London, England] 24 Bit (96-2) (50th Anniversary remaster)\02_Sugaree.flac|Sugaree
Z:\Grateful Dead\# Studio Albums #\50th Anniversary Deluxe (24 Bit)\1972 - Lyceum Theatre, London, England]\1972-05-26 [Lyceum Theatre, London, England] 24 Bit (96-2) (50th Anniversary remaster)\03_Mr._Charlie.flac|Mr. Charlie
Z:\Grateful Dead\# Studio Albums #\50th Anniversary Deluxe (24 Bit)\1972 - Lyceum Theatre, London, England]\1972-05-26 [Lyceum Theatre, London, England] 24 Bit (96-2) (50th Anniversary remaster)\04_BTW.flac|Black-Throated Wind
Z:\Grateful Dead\# Studio Albums #\50th Anniversary Deluxe (24 Bit)\1972 - Lyceum Theatre, London, England]\1972-05-26 [Lyceum Theatre, London, England] 24 Bit (96-2) (50th Anniversary remaster)\07_El_Paso.flac|El Paso
Z:\Grateful Dead\# Studio Albums #\50th Anniversary Deluxe (24 Bit)\1972 - Lyceum Theatre, London, England]\1972-05-26 [Lyceum Theatre, London, England] 24 Bit (96-2) (50th Anniversary remaster)\08_Dire_Wolf.flac|Dire Wolf
Z:\Grateful Dead\# Studio Albums #\50th Anniversary Deluxe (24 Bit)\1972 - Lyceum Theatre, London, England]\1972-05-26 [Lyceum Theatre, London, England] 24 Bit (96-2) (50th Anniversary remaster)\09_2Souls.flac|The Stranger (Two Souls in Communion)
Z:\Grateful Dead\# Studio Albums #\50th Anniversary Deluxe (24 Bit)\1972 - Lyceum Theatre, London, England]\1972-05-26 [Lyceum Theatre, London, England] 24 Bit (96-2) (50th Anniversary remaster)\10_PITB.flac|Playing in the Band
Z:\Grateful Dead\# Studio Albums #\50th Anniversary Deluxe (24 Bit)\1972 - Lyceum Theatre, London, England]\1972-05-26 [Lyceum Theatre, London, England] 24 Bit (96-2) (50th Anniversary remaster)\11_He's_Gone.flac|He's Gone
Z:\Grateful Dead\# Studio Albums #\50th Anniversary Deluxe (24 Bit)\1972 - Lyceum Theatre, London, England]\1972-05-26 [Lyceum Theatre, London, England] 24 Bit (96-2) (50th Anniversary remaster)\12_CB.flac|Cumberland Blues
Z:\Grateful Dead\# Studio Albums #\50th Anniversary Deluxe (24 Bit)\1972 - Lyceum Theatre, London, England]\1972-05-26 [Lyceum Theatre, London, England] 24 Bit (96-2) (50th Anniversary remaster)\14_China2.flac|Chinatown Shuffle
Z:\Grateful Dead\# Studio Albums #\50th Anniversary Deluxe (24 Bit)\1972 - Lyceum Theatre, London, England]\1972-05-26 [Lyceum Theatre, London, England] 24 Bit (96-2) (50th Anniversary remaster)\15_CCS.flac|China Cat Sunflower
Z:\Grateful Dead\# Studio Albums #\50th Anniversary Deluxe (24 Bit)\1972 - Lyceum Theatre, London, England]\1972-05-26 [Lyceum Theatre, London, England] 24 Bit (96-2) (50th Anniversary remaster)\16_IKYR.flac|I Know You Rider
Z:\Grateful Dead\# Studio Albums #\50th Anniversary Deluxe (24 Bit)\1972 - Lyceum Theatre, London, England]\1972-05-26 [Lyceum Theatre, London, England] 24 Bit (96-2) (50th Anniversary remaster)\17_NFA.flac|Not Fade Away Pt 1
Z:\Grateful Dead\# Studio Albums #\50th Anniversary Deluxe (24 Bit)\1972 - Lyceum Theatre, London, England]\1972-05-26 [Lyceum Theatre, London, England] 24 Bit (96-2) (50th Anniversary remaster)\20_Truckin'.flac|Truckin'
Z:\Grateful Dead\# Studio Albums #\50th Anniversary Deluxe (24 Bit)\1972 - Lyceum Theatre, London, England]\1972-05-26 [Lyceum Theatre, London, England] 24 Bit (96-2) (50th Anniversary remaster)\21_TOO1.flac|The Other One Pt 1
Z:\Grateful Dead\# Studio Albums #\50th Anniversary Deluxe (24 Bit)\1972 - Lyceum Theatre, London, England]\1972-05-26 [Lyceum Theatre, London, England] 24 Bit (96-2) (50th Anniversary remaster)\22_Drums.flac|Drums
Z:\Grateful Dead\# Studio Albums #\50th Anniversary Deluxe (24 Bit)\1972 - Lyceum Theatre, London, England]\1972-05-26 [Lyceum Theatre, London, England] 24 Bit (96-2) (50th Anniversary remaster)\23_TOO2.flac|The Other One Pt 2
Z:\Grateful Dead\# Studio Albums #\50th Anniversary Deluxe (24 Bit)\1972 - Lyceum Theatre, London, England]\1972-05-26 [Lyceum Theatre, London, England] 24 Bit (96-2) (50th Anniversary remaster)\24_Morning_Dew.flac|Morning Dew
Z:\Grateful Dead\# Studio Albums #\50th Anniversary Deluxe (24 Bit)\1972 - Lyceum Theatre, London, England]\1972-05-26 [Lyceum Theatre, London, England] 24 Bit (96-2) (50th Anniversary remaster)\25_TOO3.flac|The Other One Pt 3
Z:\Grateful Dead\# Studio Albums #\50th Anniversary Deluxe (24 Bit)\1972 - Lyceum Theatre, London, England]\1972-05-26 [Lyceum Theatre, London, England] 24 Bit (96-2) (50th Anniversary remaster)\27_MAMU.flac|Me and My Uncle
Z:\Grateful Dead\# Studio Albums #\50th Anniversary Deluxe (24 Bit)\1972 - Lyceum Theatre, London, England]\1972-05-26 [Lyceum Theatre, London, England] 24 Bit (96-2) (50th Anniversary remaster)\28_ROR.flac|Ramble on Rose
Z:\Grateful Dead\# Studio Albums #\50th Anniversary Deluxe (24 Bit)\1972 - Lyceum Theatre, London, England]\1972-05-26 [Lyceum Theatre, London, England] 24 Bit (96-2) (50th Anniversary remaster)\30_Casey_Jones.flac|Casey Jones
Z:\Grateful Dead\# Studio Albums #\50th Anniversary Deluxe (24 Bit)\1972 - Lyceum Theatre, London, England]\1972-05-26 [Lyceum Theatre, London, England] 24 Bit (96-2) (50th Anniversary remaster)\31_OMSN.flac|One More Saturday Night
Z:\Grateful Dead\# Studio Albums #\50th Anniversary Deluxe (24 Bit)\1973 - History of the Grateful Dead Vol. 1 (Bear's Choice)\01. Katie Mae (Live at the Fillmore East, San Francisco, CA 2-13-70).flac|Katie Mae (Live at the Fillmore East, San Francisco, CA 2/13/70)
Z:\Grateful Dead\# Studio Albums #\50th Anniversary Deluxe (24 Bit)\1973 - History of the Grateful Dead Vol. 1 (Bear's Choice)\02. Dark Hollow (Live at the Fillmore East, San Francisco, CA 2-14-70).flac|Dark Hollow (Live at the Fillmore East, San Francisco, CA 2/14/70)
Z:\Grateful Dead\# Studio Albums #\50th Anniversary Deluxe (24 Bit)\1973 - History of the Grateful Dead Vol. 1 (Bear's Choice)\03. I've Been.flac|I've Been All Around This World (Live at the Fillmore East, San Francisco, CA 2/14/70)
Z:\Grateful Dead\# Studio Albums #\50th Anniversary Deluxe (24 Bit)\1973 - History of the Grateful Dead Vol. 1 (Bear's Choice)\04. Wake Up.flac|Wake Up Little Susie (Live at the Fillmore East, San Francisco, CA 2/13/70)
Z:\Grateful Dead\# Studio Albums #\50th Anniversary Deluxe (24 Bit)\1973 - History of the Grateful Dead Vol. 1 (Bear's Choice)\05. Black Peter (Live at the Fillmore East, San Francisco, CA 2-13-70).flac|Black Peter (Live at the Fillmore East, San Francisco, CA 2/13/70)
Z:\Grateful Dead\# Studio Albums #\50th Anniversary Deluxe (24 Bit)\1973 - History of the Grateful Dead Vol. 1 (Bear's Choice)\06. Smokestack Lightnin.flac|Smokestack Lightnin' (Live at the Fillmore East, San Francisco, CA 2/13/70)
Z:\Grateful Dead\# Studio Albums #\50th Anniversary Deluxe (24 Bit)\1973 - History of the Grateful Dead Vol. 1 (Bear's Choice)\07. Hard to Handle.flac|Hard to Handle (Live at the Fillmore East, San Francisco, CA 2/14/70)
Z:\Grateful Dead\# Studio Albums #\50th Anniversary Deluxe (24 Bit)\1973 - Wake Of The Flood + Show\1973 - Wake Of The Flood  (50th Anniversary Deluxe Edition)\01. Mississippi.flac|Mississippi Half-Step Uptown Toodeloo (2023 Remaster)
Z:\Grateful Dead\# Studio Albums #\50th Anniversary Deluxe (24 Bit)\1973 - Wake Of The Flood + Show\1973 - Wake Of The Flood  (50th Anniversary Deluxe Edition)\02. Let Me .flac|Let Me Sing Your Blues Away (2023 Remaster)
Z:\Grateful Dead\# Studio Albums #\50th Anniversary Deluxe (24 Bit)\1973 - Wake Of The Flood + Show\1973 - Wake Of The Flood  (50th Anniversary Deluxe Edition)\03. Grateful Dead - Row Jimmy (2023 Remaster).flac|Row Jimmy (2023 Remaster)
Z:\Grateful Dead\# Studio Albums #\50th Anniversary Deluxe (24 Bit)\1973 - Wake Of The Flood + Show\1973 - Wake Of The Flood  (50th Anniversary Deluxe Edition)\04. Grateful Dead - Stella Blue (2023 Remaster).flac|Stella Blue (2023 Remaster)
Z:\Grateful Dead\# Studio Albums #\50th Anniversary Deluxe (24 Bit)\1973 - Wake Of The Flood + Show\1973 - Wake Of The Flood  (50th Anniversary Deluxe Edition)\05. Here.flac|Here Comes Sunshine (2023 Remaster)
Z:\Grateful Dead\# Studio Albums #\50th Anniversary Deluxe (24 Bit)\1973 - Wake Of The Flood + Show\1973 - Wake Of The Flood  (50th Anniversary Deluxe Edition)\06.  Eyes.flac|Eyes of the World (2023 Remaster)
Z:\Grateful Dead\# Studio Albums #\50th Anniversary Deluxe (24 Bit)\1973 - Wake Of The Flood + Show\1973 - Wake Of The Flood  (50th Anniversary Deluxe Edition)\07. Weather.flac|Weather Report Suite (2023 Remaster)
Z:\Grateful Dead\# Studio Albums #\50th Anniversary Deluxe (24 Bit)\1973 - Wake Of The Flood + Show\1973 - Wake Of The Flood  (50th Anniversary Deluxe Edition)\08. Grateful Dead - Eyes of the World (Demo).flac|Eyes of the World (Demo)
Z:\Grateful Dead\# Studio Albums #\50th Anniversary Deluxe (24 Bit)\1973 - Wake Of The Flood + Show\1973 - Wake Of The Flood  (50th Anniversary Deluxe Edition)\09. Grateful Dead - Here Comes Sunshine (Demo).flac|Here Comes Sunshine (Demo)
Z:\Grateful Dead\# Studio Albums #\50th Anniversary Deluxe (24 Bit)\1973 - Wake Of The Flood + Show\1973 - Wake Of The Flood The Angel's Share (96-24)\01. Mississippi .flac|Mississippi Half-Step Uptown Toodeloo (Take 9) [Not Slated]  (8/6/73)
Z:\Grateful Dead\# Studio Albums #\50th Anniversary Deluxe (24 Bit)\1973 - Wake Of The Flood + Show\1973 - Wake Of The Flood The Angel's Share (96-24)\02. Mississippi Half-Step Uptown Toodeloo (Take 10) [Slated].flac|Mississippi Half-Step Uptown Toodeloo (Take 10) [Slated]  (8/6/73)
Z:\Grateful Dead\# Studio Albums #\50th Anniversary Deluxe (24 Bit)\1973 - Wake Of The Flood + Show\1973 - Wake Of The Flood The Angel's Share (96-24)\03. Mississippi Half-Step Uptown Toodeloo (Take 11) [Slated].flac|Mississippi Half-Step Uptown Toodeloo (Take 11) [Slated]  (8/6/73)
Z:\Grateful Dead\# Studio Albums #\50th Anniversary Deluxe (24 Bit)\1973 - Wake Of The Flood + Show\1973 - Wake Of The Flood The Angel's Share (96-24)\04. Mississippi Half-Step Uptown Toodeloo (Take 16) [Slated].flac|Mississippi Half-Step Uptown Toodeloo (Take 16) [Slated]  (8/6/73)
Z:\Grateful Dead\# Studio Albums #\50th Anniversary Deluxe (24 Bit)\1973 - Wake Of The Flood + Show\1973 - Wake Of The Flood The Angel's Share (96-24)\05. Stella Blue (Take 1) [Not Slated].flac|Stella Blue (Take 1) [Not Slated]  (8/7/73)
Z:\Grateful Dead\# Studio Albums #\50th Anniversary Deluxe (24 Bit)\1973 - Wake Of The Flood + Show\1973 - Wake Of The Flood The Angel's Share (96-24)\06. Stella Blue (Take 2) [Not Slated].flac|Stella Blue (Take 2) [Not Slated]  (8/7/73)
Z:\Grateful Dead\# Studio Albums #\50th Anniversary Deluxe (24 Bit)\1973 - Wake Of The Flood + Show\1973 - Wake Of The Flood The Angel's Share (96-24)\07. Stella Blue (Take 4) [Slated].flac|Stella Blue (Take 4) [Slated]  (8/7/73)
Z:\Grateful Dead\# Studio Albums #\50th Anniversary Deluxe (24 Bit)\1973 - Wake Of The Flood + Show\1973 - Wake Of The Flood The Angel's Share (96-24)\08. Stella Blue (Take 5) [Not Slated].flac|Stella Blue (Take 5) [Not Slated]  (8/7/73)
Z:\Grateful Dead\# Studio Albums #\50th Anniversary Deluxe (24 Bit)\1973 - Wake Of The Flood + Show\1973 - Wake Of The Flood The Angel's Share (96-24)\09. I Am the Rain (Weather Report Suite) [Take 2] [Slated].flac|I Am the Rain (Weather Report Suite) [Take 2] [Slated]  (8/7/73)
Z:\Grateful Dead\# Studio Albums #\50th Anniversary Deluxe (24 Bit)\1973 - Wake Of The Flood + Show\1973 - Wake Of The Flood The Angel's Share (96-24)\10. I Am the Rain (Weather Report Suite) [Take 23] [Slated].flac|I Am the Rain (Weather Report Suite) [Take 23] [Slated]  (8/7/73)
Z:\Grateful Dead\# Studio Albums #\50th Anniversary Deluxe (24 Bit)\1973 - Wake Of The Flood + Show\1973 - Wake Of The Flood The Angel's Share (96-24)\11. I Am the Rain (Weather Report Suite) [Take 4] [Slated].flac|I Am the Rain (Weather Report Suite) [Take 4] [Slated]  (8/7/73)
Z:\Grateful Dead\# Studio Albums #\50th Anniversary Deluxe (24 Bit)\1973 - Wake Of The Flood + Show\1973 - Wake Of The Flood The Angel's Share (96-24)\12. Pistol Shot (China Doll) [Take 1] [Slated].flac|Pistol Shot (China Doll) [Take 1] [Slated]  (8/8/73)
Z:\Grateful Dead\# Studio Albums #\50th Anniversary Deluxe (24 Bit)\1973 - Wake Of The Flood + Show\1973 - Wake Of The Flood The Angel's Share (96-24)\13. Pistol Shot (China Doll) [Take 2] [Slated].flac|Pistol Shot (China Doll) [Take 2] [Slated]  (8/8/73)
Z:\Grateful Dead\# Studio Albums #\50th Anniversary Deluxe (24 Bit)\1973 - Wake Of The Flood + Show\1973 - Wake Of The Flood The Angel's Share (96-24)\14. Pistol Shot (China Doll) [Take 3] [Slated].flac|Pistol Shot (China Doll) [Take 3] [Slated]  (8/8/73)
Z:\Grateful Dead\# Studio Albums #\50th Anniversary Deluxe (24 Bit)\1973 - Wake Of The Flood + Show\1973 - Wake Of The Flood The Angel's Share (96-24)\15. Pistol Shot (China Doll) [Take 4] [Slated].flac|Pistol Shot (China Doll) [Take 4] [Slated]  (8/8/73)
Z:\Grateful Dead\# Studio Albums #\50th Anniversary Deluxe (24 Bit)\1973 - Wake Of The Flood + Show\1973 - Wake Of The Flood The Angel's Share (96-24)\16. Row Jimmy (Take 1) [Not Slated].flac|Row Jimmy (Take 1) [Not Slated]  (8/10/73)
Z:\Grateful Dead\# Studio Albums #\50th Anniversary Deluxe (24 Bit)\1973 - Wake Of The Flood + Show\1973 - Wake Of The Flood The Angel's Share (96-24)\17. Eyes of the World (Run-Through) [Not Slated].flac|Eyes of the World (Run-Through) [Not Slated]  (8/10/73)
Z:\Grateful Dead\# Studio Albums #\50th Anniversary Deluxe (24 Bit)\1973 - Wake Of The Flood + Show\1973 - Wake Of The Flood The Angel's Share (96-24)\18. Eyes of the World (Take 1) [Slated].flac|Eyes of the World (Take 1) [Slated]  (8/10/73)
Z:\Grateful Dead\# Studio Albums #\50th Anniversary Deluxe (24 Bit)\1973 - Wake Of The Flood + Show\1973 - Wake Of The Flood The Angel's Share (96-24)\19. Eyes of the World (Take 6) [Not Slated].flac|Eyes of the World (Take 6) [Not Slated]  (8/10/73)
Z:\Grateful Dead\# Studio Albums #\50th Anniversary Deluxe (24 Bit)\1973 - Wake Of The Flood + Show\1973 - Wake Of The Flood The Angel's Share (96-24)\20. Eyes of the World (Take 15) [Not Slated].flac|Eyes of the World (Take 15) [Not Slated]  (8/10/73)
Z:\Grateful Dead\# Studio Albums #\50th Anniversary Deluxe (24 Bit)\1973 - Wake Of The Flood + Show\1973 - Wake Of The Flood The Angel's Share (96-24)\21. Eyes of the World (Take 16) [Not Slated].flac|Eyes of the World (Take 16) [Not Slated]  (8/10/73)
Z:\Grateful Dead\# Studio Albums #\50th Anniversary Deluxe (24 Bit)\1973 - Wake Of The Flood + Show\1973 - Wake Of The Flood The Angel's Share (96-24)\22. Let Me Sing Your Blues Away (Take 1) [Not Slated].flac|Let Me Sing Your Blues Away (Take 1) [Not Slated]  (8/15/73)
Z:\Grateful Dead\# Studio Albums #\50th Anniversary Deluxe (24 Bit)\1973 - Wake Of The Flood + Show\1973 - Wake Of The Flood The Angel's Share (96-24)\23. Let Me Sing Your Blues Away (Take 2) [Slated].flac|Let Me Sing Your Blues Away (Take 2) [Slated]  (8/15/73)
Z:\Grateful Dead\# Studio Albums #\50th Anniversary Deluxe (24 Bit)\1973 - Wake Of The Flood + Show\1973 - Wake Of The Flood The Angel's Share (96-24)\24. Let Me Sing Your Blues Away (Take 3) [Slated].flac|Let Me Sing Your Blues Away (Take 3) [Slated]  (8/15/73)
Z:\Grateful Dead\# Studio Albums #\50th Anniversary Deluxe (24 Bit)\1973 - Wake Of The Flood + Show\1973 - Wake Of The Flood The Angel's Share (96-24)\25. Let Me Sing Your Blues Away (Take 4) [Slated].flac|Let Me Sing Your Blues Away (Take 4) [Slated]  (8/15/73)
Z:\Grateful Dead\# Studio Albums #\50th Anniversary Deluxe (24 Bit)\1973 - Wake Of The Flood + Show\1973 - Wake Of The Flood The Angel's Share (96-24)\26. Let Me Sing Your Blues Away (Take 13) [Not Slated].flac|Let Me Sing Your Blues Away (Take 13) [Not Slated]  (8/15/73)
Z:\Grateful Dead\# Studio Albums #\50th Anniversary Deluxe (24 Bit)\1973 - Wake Of The Flood + Show\1973 - Wake Of The Flood The Angel's Share (96-24)\27. Phil's Song (Unbroken Chain) [Take 1] [Not Slated].flac|Phil's Song (Unbroken Chain) [Take 1] [Not Slated]  (8/16/73)
Z:\Grateful Dead\# Studio Albums #\50th Anniversary Deluxe (24 Bit)\1973 - Wake Of The Flood + Show\1973 - Wake Of The Flood The Angel's Share (96-24)\28. Phil's Song (Unbroken Chain) [Take 2] [Not Slated].flac|Phil's Song (Unbroken Chain) [Take 2] [Not Slated]  (8/16/73)
Z:\Grateful Dead\# Studio Albums #\50th Anniversary Deluxe (24 Bit)\1973 - Wake Of The Flood + Show\1973 - Wake Of The Flood The Angel's Share (96-24)\29. Phil's Song (Unbroken Chain) [Take 3] [Slated].flac|Phil's Song (Unbroken Chain) [Take 3] [Slated]  (8/16/73)
Z:\Grateful Dead\# Studio Albums #\50th Anniversary Deluxe (24 Bit)\1973 - Wake Of The Flood + Show\1973 - Wake Of The Flood The Angel's Share (96-24)\30. Phil's Song (Unbroken Chain) [Take 4] [Not Slated].flac|Phil's Song (Unbroken Chain) [Take 4] [Not Slated]  (8/16/73)
Z:\Grateful Dead\# Studio Albums #\50th Anniversary Deluxe (24 Bit)\1973 - Wake Of The Flood + Show\1973 - Wake Of The Flood The Angel's Share (96-24)\31. Phil's Song (Unbroken Chain) [Take 5] [Not Slated].flac|Phil's Song (Unbroken Chain) [Take 5] [Not Slated]  (8/16/73)
Z:\Grateful Dead\# Studio Albums #\50th Anniversary Deluxe (24 Bit)\1973 - Wake Of The Flood + Show\1973 - Wake Of The Flood The Angel's Share (96-24)\32. Phil's Song (Unbroken Chain) [Take 6] [Not Slated].flac|Phil's Song (Unbroken Chain) [Take 6] [Not Slated]  (8/16/73)
Z:\Grateful Dead\# Studio Albums #\50th Anniversary Deluxe (24 Bit)\1973 - Wake Of The Flood + Show\1973 - Wake Of The Flood The Angel's Share (96-24)\33. Phil's Song (Unbroken Chain) [Take 7] [Slated].flac|Phil's Song (Unbroken Chain) [Take 7] [Slated]  (8/16/73)
Z:\Grateful Dead\# Studio Albums #\50th Anniversary Deluxe (24 Bit)\1973 - Wake Of The Flood + Show\1973 - Wake Of The Flood The Angel's Share (96-24)\34. Phil's Song (Unbroken Chain) [Take 8] [Slated].flac|Phil's Song (Unbroken Chain) [Take 8] [Slated]  (8/16/73)
Z:\Grateful Dead\# Studio Albums #\50th Anniversary Deluxe (24 Bit)\1973 - Wake Of The Flood + Show\1973 - Wake Of The Flood The Angel's Share (96-24)\35. Weather Report Suite (Take 10) [Not Slated].flac|Weather Report Suite (Take 10) [Not Slated]  (8/16/73)
Z:\Grateful Dead\# Studio Albums #\50th Anniversary Deluxe (24 Bit)\1973 - Wake Of The Flood + Show\1973 - Wake Of The Flood The Angel's Share (96-24)\36. Weather Report Suite (Take 11) [Not Slated].flac|Weather Report Suite (Take 11) [Not Slated]  (8/16/73)
Z:\Grateful Dead\# Studio Albums #\50th Anniversary Deluxe (24 Bit)\1973 - Wake Of The Flood + Show\1973 - Wake Of The Flood The Angel's Share (96-24)\37. Weather Report Suite (Take 16) [Not Slated].flac|Weather Report Suite (Take 16) [Not Slated]  (8/16/73)
Z:\Grateful Dead\# Studio Albums #\50th Anniversary Deluxe (24 Bit)\1973 - Wake Of The Flood + Show\1973 - Wake Of The Flood The Angel's Share (96-24)\38. Weather Report Suite (Take 8) [Slated].flac|Weather Report Suite (Take 8) [Slated]  (8/17/73)
Z:\Grateful Dead\# Studio Albums #\50th Anniversary Deluxe (24 Bit)\1973 - Wake Of The Flood + Show\1973-11-01 [McGaw Memorial Hall, Northwestern University,Evanston, IL] II%\114 Weather Report Suite.flac|Weather Report Suite
Z:\Grateful Dead\# Studio Albums #\50th Anniversary Deluxe (24 Bit)\1973 - Wake Of The Flood + Show\1973-11-01 [McGaw Memorial Hall, Northwestern University,Evanston, IL] II%\201 Morning Dew.flac|Morning Dew
Z:\Grateful Dead\# Studio Albums #\50th Anniversary Deluxe (24 Bit)\1973 - Wake Of The Flood + Show\1973-11-01 [McGaw Memorial Hall, Northwestern University,Evanston, IL] II%\202 Playing in the Band, Pt. 1.flac|Playing in the Band, Pt. 1
Z:\Grateful Dead\# Studio Albums #\50th Anniversary Deluxe (24 Bit)\1973 - Wake Of The Flood + Show\1973-11-01 [McGaw Memorial Hall, Northwestern University,Evanston, IL] II%\203 Uncle John's Band.flac|Uncle John's Band
Z:\Grateful Dead\# Studio Albums #\50th Anniversary Deluxe (24 Bit)\1973 - Wake Of The Flood + Show\1973-11-01 [McGaw Memorial Hall, Northwestern University,Evanston, IL] II%\204 Playing in the Band, Pt. 2.flac|Playing in the Band, Pt. 2
Z:\Grateful Dead\# Studio Albums #\50th Anniversary Deluxe (24 Bit)\1973 - Wake Of The Flood + Show\1973-11-01 [McGaw Memorial Hall, Northwestern University,Evanston, IL] II%\205 Mississippi.flac|Mississippi Half-Step Uptown Toodeloo
Z:\Grateful Dead\# Studio Albums #\50th Anniversary Deluxe (24 Bit)\1974 - Mars Hotel + Show\1974 - From the Mars Hotel; The Angel's Share\01 - Scarlet Begonias (Takes 1 and 2).flac|Scarlet Begonias (Takes 1 and 2)
Z:\Grateful Dead\# Studio Albums #\50th Anniversary Deluxe (24 Bit)\1974 - Mars Hotel + Show\1974 - From the Mars Hotel; The Angel's Share\02 - Scarlet Begonias (Alternate Mix).flac|Scarlet Begonias (Alternate Mix)
Z:\Grateful Dead\# Studio Albums #\50th Anniversary Deluxe (24 Bit)\1974 - Mars Hotel + Show\1974 - From the Mars Hotel; The Angel's Share\03 - China Doll (Acoustic Mix).flac|China Doll (Acoustic Mix)
Z:\Grateful Dead\# Studio Albums #\50th Anniversary Deluxe (24 Bit)\1974 - Mars Hotel + Show\1974 - From the Mars Hotel; The Angel's Share\04 - Money Money (Alternate Version).flac|Money Money (Alternate Version)
Z:\Grateful Dead\# Studio Albums #\50th Anniversary Deluxe (24 Bit)\1974 - Mars Hotel + Show\1974 - From the Mars Hotel; The Angel's Share\05 - Loose Lucy (Alternate Mix).flac|Loose Lucy (Alternate Mix)
Z:\Grateful Dead\# Studio Albums #\50th Anniversary Deluxe (24 Bit)\1974 - Mars Hotel + Show\1974 - From the Mars Hotel; The Angel's Share\06 - Ship of Fools (Take 7).flac|Ship of Fools (Take 7)
Z:\Grateful Dead\# Studio Albums #\50th Anniversary Deluxe (24 Bit)\1974 - Mars Hotel + Show\1974 - From the Mars Hotel; The Angel's Share\07 - Ship of Fools (Alternate Mix).flac|Ship of Fools (Alternate Mix)
Z:\Grateful Dead\# Studio Albums #\50th Anniversary Deluxe (24 Bit)\1974 - Mars Hotel + Show\1974 - From the Mars Hotel; The Angel's Share\08 - U.S. Blues (Takes 1 and 2).flac|U.S. Blues (Takes 1 and 2)
Z:\Grateful Dead\# Studio Albums #\50th Anniversary Deluxe (24 Bit)\1974 - Mars Hotel + Show\1974 - From the Mars Hotel; The Angel's Share\09 - U.S. Blues (Take 4).flac|U.S. Blues (Take 4)
Z:\Grateful Dead\# Studio Albums #\50th Anniversary Deluxe (24 Bit)\1974 - Mars Hotel + Show\1974 - From the Mars Hotel; The Angel's Share\10 - U.S. Blues (Take 8).flac|U.S. Blues (Take 8)
Z:\Grateful Dead\# Studio Albums #\50th Anniversary Deluxe (24 Bit)\1974 - Mars Hotel + Show\1974 - From the Mars Hotel; The Angel's Share\11 - Pride of Cucamonga (Take 1).flac|Pride of Cucamonga (Take 1)
Z:\Grateful Dead\# Studio Albums #\50th Anniversary Deluxe (24 Bit)\1974 - Mars Hotel + Show\1974 - From the Mars Hotel; The Angel's Share\12 - Pride of Cucamonga (Alternate Mix).flac|Pride of Cucamonga (Alternate Mix)
Z:\Grateful Dead\# Studio Albums #\50th Anniversary Deluxe (24 Bit)\1974 - Mars Hotel + Show\1974 - From the Mars Hotel; The Angel's Share\13 - Unbroken Chain (Take 1).flac|Unbroken Chain (Take 1)
Z:\Grateful Dead\# Studio Albums #\50th Anniversary Deluxe (24 Bit)\1974 - Mars Hotel + Show\1974 - From the Mars Hotel; The Angel's Share\14 - Unbroken Chain (Take 5).flac|Unbroken Chain (Take 5)
Z:\Grateful Dead\# Studio Albums #\50th Anniversary Deluxe (24 Bit)\1974 - Mars Hotel + Show\1974 - From the Mars Hotel; The Angel's Share\15 - Unbroken Chain (Take 6).flac|Unbroken Chain (Take 6)
Z:\Grateful Dead\# Studio Albums #\50th Anniversary Deluxe (24 Bit)\1974 - Mars Hotel + Show\1974 - From the Mars Hotel; The Angel's Share\16 - Unbroken Chain (Alternate Mix).flac|Unbroken Chain (Alternate Mix)
Z:\Grateful Dead\# Studio Albums #\50th Anniversary Deluxe (24 Bit)\1974 - Mars Hotel + Show\1974 - Mars Hotel\01 US Blues.flac|US Blues
Z:\Grateful Dead\# Studio Albums #\50th Anniversary Deluxe (24 Bit)\1974 - Mars Hotel + Show\1974 - Mars Hotel\02 China Doll.flac|China Doll
Z:\Grateful Dead\# Studio Albums #\50th Anniversary Deluxe (24 Bit)\1974 - Mars Hotel + Show\1974 - Mars Hotel\03 Unbroken Chain.flac|Unbroken Chain
Z:\Grateful Dead\# Studio Albums #\50th Anniversary Deluxe (24 Bit)\1974 - Mars Hotel + Show\1974 - Mars Hotel\04 Loose Lucy.flac|Loose Lucy
Z:\Grateful Dead\# Studio Albums #\50th Anniversary Deluxe (24 Bit)\1974 - Mars Hotel + Show\1974 - Mars Hotel\05 Scarlet Begonias.flac|Scarlet Begonias
Z:\Grateful Dead\# Studio Albums #\50th Anniversary Deluxe (24 Bit)\1974 - Mars Hotel + Show\1974 - Mars Hotel\06 Pride of Cucamonga.flac|Pride of Cucamonga
Z:\Grateful Dead\# Studio Albums #\50th Anniversary Deluxe (24 Bit)\1974 - Mars Hotel + Show\1974 - Mars Hotel\07 Money Money.flac|Money Money
Z:\Grateful Dead\# Studio Albums #\50th Anniversary Deluxe (24 Bit)\1974 - Mars Hotel + Show\1974 - Mars Hotel\08 Ship of Fools.flac|Ship of Fools
Z:\Grateful Dead\# Studio Albums #\50th Anniversary Deluxe (24 Bit)\1974 - Mars Hotel + Show\1974 - Mars Hotel\09 China Doll (Demo).flac|China Doll (Demo)
Z:\Grateful Dead\# Studio Albums #\50th Anniversary Deluxe (24 Bit)\1974 - Mars Hotel + Show\1974 - Mars Hotel\10 Wave That Flag (Demo).flac|Wave That Flag (Demo)
Z:\Grateful Dead\# Studio Albums #\50th Anniversary Deluxe (24 Bit)\1974 - Mars Hotel + Show\1974-05-12 [University of Nevada, Reno, NV]\101 Sugaree.flac|Sugaree
Z:\Grateful Dead\# Studio Albums #\50th Anniversary Deluxe (24 Bit)\1974 - Mars Hotel + Show\1974-05-12 [University of Nevada, Reno, NV]\102 Mexicali Blues.flac|Mexicali Blues
Z:\Grateful Dead\# Studio Albums #\50th Anniversary Deluxe (24 Bit)\1974 - Mars Hotel + Show\1974-05-12 [University of Nevada, Reno, NV]\103 Tennessee Jed.flac|Tennessee Jed
Z:\Grateful Dead\# Studio Albums #\50th Anniversary Deluxe (24 Bit)\1974 - Mars Hotel + Show\1974-05-12 [University of Nevada, Reno, NV]\104 Jack Straw.flac|Jack Straw
Z:\Grateful Dead\# Studio Albums #\50th Anniversary Deluxe (24 Bit)\1974 - Mars Hotel + Show\1974-05-12 [University of Nevada, Reno, NV]\105 Brown-Eyed Women.flac|Brown-Eyed Women
Z:\Grateful Dead\# Studio Albums #\50th Anniversary Deluxe (24 Bit)\1974 - Mars Hotel + Show\1974-05-12 [University of Nevada, Reno, NV]\106 Beat it on Down the Line.flac|Beat it on Down the Line
Z:\Grateful Dead\# Studio Albums #\50th Anniversary Deluxe (24 Bit)\1974 - Mars Hotel + Show\1974-05-12 [University of Nevada, Reno, NV]\107 China Cat Sunflower.flac|China Cat Sunflower
Z:\Grateful Dead\# Studio Albums #\50th Anniversary Deluxe (24 Bit)\1974 - Mars Hotel + Show\1974-05-12 [University of Nevada, Reno, NV]\108 I Know You Rider.flac|I Know You Rider
Z:\Grateful Dead\# Studio Albums #\50th Anniversary Deluxe (24 Bit)\1974 - Mars Hotel + Show\1974-05-12 [University of Nevada, Reno, NV]\109 El Paso.flac|El Paso
Z:\Grateful Dead\# Studio Albums #\50th Anniversary Deluxe (24 Bit)\1974 - Mars Hotel + Show\1974-05-12 [University of Nevada, Reno, NV]\110 US Blues.flac|US Blues
Z:\Grateful Dead\# Studio Albums #\50th Anniversary Deluxe (24 Bit)\1974 - Mars Hotel + Show\1974-05-12 [University of Nevada, Reno, NV]\111 Greatest Story Ever Told.flac|Greatest Story Ever Told
Z:\Grateful Dead\# Studio Albums #\50th Anniversary Deluxe (24 Bit)\1974 - Mars Hotel + Show\1974-05-12 [University of Nevada, Reno, NV]\112 It Must Have Been the Roses.flac|It Must Have Been the Roses
Z:\Grateful Dead\# Studio Albums #\50th Anniversary Deluxe (24 Bit)\1974 - Mars Hotel + Show\1974-05-12 [University of Nevada, Reno, NV]\113 Me and Bobby McGee.flac|Me and Bobby McGee
Z:\Grateful Dead\# Studio Albums #\50th Anniversary Deluxe (24 Bit)\1974 - Mars Hotel + Show\1974-05-12 [University of Nevada, Reno, NV]\114 Deal.flac|Deal
Z:\Grateful Dead\# Studio Albums #\50th Anniversary Deluxe (24 Bit)\1974 - Mars Hotel + Show\1974-05-12 [University of Nevada, Reno, NV]\201 Around and Around.flac|Around and Around
Z:\Grateful Dead\# Studio Albums #\50th Anniversary Deluxe (24 Bit)\1974 - Mars Hotel + Show\1974-05-12 [University of Nevada, Reno, NV]\202 Mississippi Half-Step Uptown Toodeloo.flac|Mississippi Half-Step Uptown Toodeloo
Z:\Grateful Dead\# Studio Albums #\50th Anniversary Deluxe (24 Bit)\1974 - Mars Hotel + Show\1974-05-12 [University of Nevada, Reno, NV]\203 Truckin'.flac|Truckin'
Z:\Grateful Dead\# Studio Albums #\50th Anniversary Deluxe (24 Bit)\1974 - Mars Hotel + Show\1974-05-12 [University of Nevada, Reno, NV]\204 The Other One.flac|The Other One
Z:\Grateful Dead\# Studio Albums #\50th Anniversary Deluxe (24 Bit)\1974 - Mars Hotel + Show\1974-05-12 [University of Nevada, Reno, NV]\205 Row Jimmy.flac|Row Jimmy
Z:\Grateful Dead\# Studio Albums #\50th Anniversary Deluxe (24 Bit)\1974 - Mars Hotel + Show\1974-05-12 [University of Nevada, Reno, NV]\206 Big River.flac|Big River
Z:\Grateful Dead\# Studio Albums #\50th Anniversary Deluxe (24 Bit)\1974 - Mars Hotel + Show\1974-05-12 [University of Nevada, Reno, NV]\207 Ship of Fools.flac|Ship of Fools
Z:\Grateful Dead\# Studio Albums #\50th Anniversary Deluxe (24 Bit)\1974 - Mars Hotel + Show\1974-05-12 [University of Nevada, Reno, NV]\208 Sugar Magnolia.flac|Sugar Magnolia
Z:\Grateful Dead\# Studio Albums #\Anthem & Aoxomoxoa mixes\1968 - Anthem Of The Sun (1971 remix)\A1 That's It For The Other One .flac|That's It For The Other One
Z:\Grateful Dead\# Studio Albums #\Anthem & Aoxomoxoa mixes\1968 - Anthem Of The Sun (1971 remix)\A2 New Potatoe Caboose.flac|New Potatoe Caboose
Z:\Grateful Dead\# Studio Albums #\Anthem & Aoxomoxoa mixes\1968 - Anthem Of The Sun (1971 remix)\A3 Born Cross-Eyed.flac|Born Cross-Eyed
Z:\Grateful Dead\# Studio Albums #\Anthem & Aoxomoxoa mixes\1968 - Anthem Of The Sun (1971 remix)\B1 Alligator.flac|Alligator
Z:\Grateful Dead\# Studio Albums #\Anthem & Aoxomoxoa mixes\1968 - Anthem Of The Sun (1971 remix)\B2 Caution (Do Not Stop On Tracks).flac|Caution (Do Not Stop On Tracks)
Z:\Grateful Dead\# Studio Albums #\Anthem & Aoxomoxoa mixes\1968 - Anthem Of The Sun (Original mix -Warner Bros UK CD)\01 - That's It For The Other One.flac|That's It For The Other One
Z:\Grateful Dead\# Studio Albums #\Anthem & Aoxomoxoa mixes\1968 - Anthem Of The Sun (Original mix -Warner Bros UK CD)\02 - New Potato Caboose.flac|New Potato Caboose
Z:\Grateful Dead\# Studio Albums #\Anthem & Aoxomoxoa mixes\1968 - Anthem Of The Sun (Original mix -Warner Bros UK CD)\03 - Born Cross-Eyed.flac|Born Cross-Eyed
Z:\Grateful Dead\# Studio Albums #\Anthem & Aoxomoxoa mixes\1968 - Anthem Of The Sun (Original mix -Warner Bros UK CD)\04 - Alligator.flac|Alligator
Z:\Grateful Dead\# Studio Albums #\Anthem & Aoxomoxoa mixes\1968 - Anthem Of The Sun (Original mix -Warner Bros UK CD)\05 - Caution_Do Not Stop On Tracks.flac|Caution Do Not Stop On Tracks
Z:\Grateful Dead\# Studio Albums #\Anthem & Aoxomoxoa mixes\1968 - Anthem Of The Sun (Original mix)\A1 That's It For The Other One .flac|That's It For The Other One
Z:\Grateful Dead\# Studio Albums #\Anthem & Aoxomoxoa mixes\1968 - Anthem Of The Sun (Original mix)\A2 New Potatoe Caboose.flac|New Potatoe Caboose
Z:\Grateful Dead\# Studio Albums #\Anthem & Aoxomoxoa mixes\1968 - Anthem Of The Sun (Original mix)\A3 Born Cross-Eyed.flac|Born Cross-Eyed
Z:\Grateful Dead\# Studio Albums #\Anthem & Aoxomoxoa mixes\1968 - Anthem Of The Sun (Original mix)\B1 Alligator.flac|Alligator
Z:\Grateful Dead\# Studio Albums #\Anthem & Aoxomoxoa mixes\1968 - Anthem Of The Sun (Original mix)\B2 Caution (Do Not Stop On Tracks).flac|Caution (Do Not Stop On Tracks)
Z:\Grateful Dead\# Studio Albums #\Anthem & Aoxomoxoa mixes\1968 - Anthem Of The Sun (US WB Reissue LP ReMix Burbank Label)\0101 - That's It for the Other One.flac|That's It for the Other One
Z:\Grateful Dead\# Studio Albums #\Anthem & Aoxomoxoa mixes\1968 - Anthem Of The Sun (US WB Reissue LP ReMix Burbank Label)\0102 - New Potato Caboose.flac|New Potato Caboose
Z:\Grateful Dead\# Studio Albums #\Anthem & Aoxomoxoa mixes\1968 - Anthem Of The Sun (US WB Reissue LP ReMix Burbank Label)\0103 - Born Cross-Eyed.flac|Born Cross-Eyed
Z:\Grateful Dead\# Studio Albums #\Anthem & Aoxomoxoa mixes\1968 - Anthem Of The Sun (US WB Reissue LP ReMix Burbank Label)\0201 - Alligator.flac|Alligator
Z:\Grateful Dead\# Studio Albums #\Anthem & Aoxomoxoa mixes\1968 - Anthem Of The Sun (US WB Reissue LP ReMix Burbank Label)\0202 - Caution (Do Not Stop on Tracks).flac|Caution (Do Not Stop on Tracks)
Z:\Grateful Dead\# Studio Albums #\Anthem & Aoxomoxoa mixes\1969 - Aoxomoxoa (1971 Remix)\01 Grateful Dead - St. Stephen.flac|St. Stephen
Z:\Grateful Dead\# Studio Albums #\Anthem & Aoxomoxoa mixes\1969 - Aoxomoxoa (1971 Remix)\02 Grateful Dead - Dupree's Diamond Blues.flac|Dupree's Diamond Blues
Z:\Grateful Dead\# Studio Albums #\Anthem & Aoxomoxoa mixes\1969 - Aoxomoxoa (1971 Remix)\03 Grateful Dead - Rosemary.flac|Rosemary
Z:\Grateful Dead\# Studio Albums #\Anthem & Aoxomoxoa mixes\1969 - Aoxomoxoa (1971 Remix)\04 Grateful Dead - Doin' That Rag.flac|Doin' That Rag
Z:\Grateful Dead\# Studio Albums #\Anthem & Aoxomoxoa mixes\1969 - Aoxomoxoa (1971 Remix)\05 Grateful Dead - Mountains Of The Moon.flac|Mountains Of The Moon
Z:\Grateful Dead\# Studio Albums #\Anthem & Aoxomoxoa mixes\1969 - Aoxomoxoa (1971 Remix)\06 Grateful Dead - China Cat Sunflower.flac|China Cat Sunflower
Z:\Grateful Dead\# Studio Albums #\Anthem & Aoxomoxoa mixes\1969 - Aoxomoxoa (1971 Remix)\07 Grateful Dead - What's Become Of The Baby.flac|What's Become Of The Baby
Z:\Grateful Dead\# Studio Albums #\Anthem & Aoxomoxoa mixes\1969 - Aoxomoxoa (1971 Remix)\08 Grateful Dead - Cosmic Charlie.flac|Cosmic Charlie
Z:\Grateful Dead\# Studio Albums #\Anthem & Aoxomoxoa mixes\1969 - Aoxomoxoa (Original mix)\1. St Stephen.flac|St Stephen
Z:\Grateful Dead\# Studio Albums #\Anthem & Aoxomoxoa mixes\1969 - Aoxomoxoa (Original mix)\2. Dupree's Diamond Blues.flac|Dupree's Diamond Blues
Z:\Grateful Dead\# Studio Albums #\Anthem & Aoxomoxoa mixes\1969 - Aoxomoxoa (Original mix)\3. Rosemary.flac|Rosemary
Z:\Grateful Dead\# Studio Albums #\Anthem & Aoxomoxoa mixes\1969 - Aoxomoxoa (Original mix)\4. Doin' That Rag.flac|Doin' That Rag
Z:\Grateful Dead\# Studio Albums #\Anthem & Aoxomoxoa mixes\1969 - Aoxomoxoa (Original mix)\5. Mountains of the Moon.flac|Mountains Of The Moon
Z:\Grateful Dead\# Studio Albums #\Anthem & Aoxomoxoa mixes\1969 - Aoxomoxoa (Original mix)\6. China Cat Sunflower.flac|China Cat Sunflower
Z:\Grateful Dead\# Studio Albums #\Anthem & Aoxomoxoa mixes\1969 - Aoxomoxoa (Original mix)\7. What's Become of the Baby.flac|What's Become Of The Baby
Z:\Grateful Dead\# Studio Albums #\Anthem & Aoxomoxoa mixes\1969 - Aoxomoxoa (Original mix)\8. Cosmic Charlie.flac|Cosmic Charlie
Z:\Grateful Dead\# Studio Albums #\Anthem & Aoxomoxoa mixes\1971 - Anthem Of The Sun (Remix, 1971) (Vinyl)\01 Anthem of the Sun - Side One.mp3|Side One - Anthem of the Sun Remix (1971)
Z:\Grateful Dead\# Studio Albums #\Anthem & Aoxomoxoa mixes\1971 - Anthem Of The Sun (Remix, 1971) (Vinyl)\02 Anthem of the Sun - Side Two.mp3|Side Two - Anthem of the Sun Remix (1971)
Z:\Grateful Dead\# Studio Albums #\Bootleg Album\1979 - Terrapin Station Outtakes LP (Bootleg, named so, but if so, only partially)\01 Terrapin Station (listed as Inspiration on the cover).flac|Terrapin Station (listed as Inspiration on the cover)
Z:\Grateful Dead\# Studio Albums #\Bootleg Album\1979 - Terrapin Station Outtakes LP (Bootleg, named so, but if so, only partially)\02 Dancing In The Street.flac|Dancing In The Street
Z:\Grateful Dead\# Studio Albums #\Bootleg Album\1979 - Terrapin Station Outtakes LP (Bootleg, named so, but if so, only partially)\03 Smokestack Lightning.flac|Smokestack Lightning
Z:\Grateful Dead\# Studio Albums #\Bootleg Album\1979 - Terrapin Station Outtakes LP (Bootleg, named so, but if so, only partially)\04 The Only Game In Town.flac|The Only Game In Town
Z:\Grateful Dead\# Studio Albums #\Bootleg Album\1979 - Terrapin Station Outtakes LP (Bootleg, named so, but if so, only partially)\05 Estimated Prophet (listed as Don't Worry 'Bout Me Now on the cover).flac|Estimated Prophet (listed as Don't Worry 'Bout Me Now on the cover)
Z:\Grateful Dead\# Studio Albums #\Bootleg Album\1979 - Terrapin Station Outtakes LP (Bootleg, named so, but if so, only partially)\06 Fire On The Mountain.flac|Fire On The Mountain
Z:\Grateful Dead\# Studio Albums #\Bootleg Album\1979 - Terrapin Station Outtakes LP (Bootleg, named so, but if so, only partially)\07 No Man Is Perfect.flac|No Man Is Perfect
Z:\Grateful Dead\# Studio Albums #\Original Albums\1967 Grateful Dead\01 The Golden Road (To Ultimate Devotion).flac|The Golden Road (To Ultimate Devotion)
Z:\Grateful Dead\# Studio Albums #\Original Albums\1967 Grateful Dead\02 Beat It On Down The Line.flac|Beat It On Down The Line
Z:\Grateful Dead\# Studio Albums #\Original Albums\1967 Grateful Dead\03 Good Morning Little School Girl.flac|Good Morning Little School Girl
Z:\Grateful Dead\# Studio Albums #\Original Albums\1967 Grateful Dead\04 Cold Rain And Snow.flac|Cold Rain And Snow
Z:\Grateful Dead\# Studio Albums #\Original Albums\1967 Grateful Dead\05 Sitting On Top Of The World.flac|Sitting On Top Of The World
Z:\Grateful Dead\# Studio Albums #\Original Albums\1967 Grateful Dead\06 Cream Puff War.flac|Cream Puff War
Z:\Grateful Dead\# Studio Albums #\Original Albums\1967 Grateful Dead\07 Morning Dew.flac|Morning Dew
Z:\Grateful Dead\# Studio Albums #\Original Albums\1967 Grateful Dead\08 New, New Minglewood Blues.flac|New, New Minglewood Blues
Z:\Grateful Dead\# Studio Albums #\Original Albums\1967 Grateful Dead\09 Viola Lee Blues.flac|Viola Lee Blues
Z:\Grateful Dead\# Studio Albums #\Original Albums\1968 Anthem of the Sun\01 That's It For The Other One.flac|That's It For The Other One
Z:\Grateful Dead\# Studio Albums #\Original Albums\1968 Anthem of the Sun\02 New Potato Caboose.flac|New Potato Caboose
Z:\Grateful Dead\# Studio Albums #\Original Albums\1968 Anthem of the Sun\03 Born Cross-Eyed.flac|Born Cross-Eyed
Z:\Grateful Dead\# Studio Albums #\Original Albums\1968 Anthem of the Sun\04 Alligator.flac|Alligator
Z:\Grateful Dead\# Studio Albums #\Original Albums\1968 Anthem of the Sun\05 Caution (Do Not Stop On Tracks).flac|Caution (Do Not Stop On Tracks)
Z:\Grateful Dead\# Studio Albums #\Original Albums\1969 Aoxomoxoa\01 St. Stephen.flac|St. Stephen
Z:\Grateful Dead\# Studio Albums #\Original Albums\1969 Aoxomoxoa\02 Dupree's Diamond Blues.flac|Dupree's Diamond Blues
Z:\Grateful Dead\# Studio Albums #\Original Albums\1969 Aoxomoxoa\03 Rosemary.flac|Rosemary
Z:\Grateful Dead\# Studio Albums #\Original Albums\1969 Aoxomoxoa\04 Doin' That Rag.flac|Doin' That Rag
Z:\Grateful Dead\# Studio Albums #\Original Albums\1969 Aoxomoxoa\05 Mountains of the Moon.flac|Mountains of the Moon
Z:\Grateful Dead\# Studio Albums #\Original Albums\1969 Aoxomoxoa\06 China Cat Sunflower.flac|China Cat Sunflower
Z:\Grateful Dead\# Studio Albums #\Original Albums\1969 Aoxomoxoa\07 What's Become of the Baby.flac|What's Become of the Baby
Z:\Grateful Dead\# Studio Albums #\Original Albums\1969 Aoxomoxoa\08 Cosmic Charlie.flac|Cosmic Charlie
Z:\Grateful Dead\# Studio Albums #\Original Albums\1969 Live Dead\01 Dark Star.flac|Dark Star
Z:\Grateful Dead\# Studio Albums #\Original Albums\1969 Live Dead\02 St. Stephen.flac|St. Stephen
Z:\Grateful Dead\# Studio Albums #\Original Albums\1969 Live Dead\03 The Eleven.flac|The Eleven
Z:\Grateful Dead\# Studio Albums #\Original Albums\1969 Live Dead\04 Turn On Your Love Light.flac|Turn On Your Love Light
Z:\Grateful Dead\# Studio Albums #\Original Albums\1969 Live Dead\05 Death Don't Have No Mercy.flac|Death Don't Have No Mercy
Z:\Grateful Dead\# Studio Albums #\Original Albums\1969 Live Dead\06 Feedback.flac|Feedback
Z:\Grateful Dead\# Studio Albums #\Original Albums\1969 Live Dead\07 And We Bid You Goodnight.flac|And We Bid You Goodnight
Z:\Grateful Dead\# Studio Albums #\Original Albums\1969 Live Dead\08 Dark Star (studio).flac|Dark Star (studio)
Z:\Grateful Dead\# Studio Albums #\Original Albums\1969 Live Dead\09 Radio Ad.flac|Radio Ad
Z:\Grateful Dead\# Studio Albums #\Original Albums\1970 American Beauty\01 Box Of Rain.flac|Box Of Rain
Z:\Grateful Dead\# Studio Albums #\Original Albums\1970 American Beauty\02 Friend Of The Devil.flac|Friend Of The Devil
Z:\Grateful Dead\# Studio Albums #\Original Albums\1970 American Beauty\03 Sugar Magnolia.flac|Sugar Magnolia
Z:\Grateful Dead\# Studio Albums #\Original Albums\1970 American Beauty\04 Operator.flac|Operator
Z:\Grateful Dead\# Studio Albums #\Original Albums\1970 American Beauty\05 Candyman.flac|Candyman
Z:\Grateful Dead\# Studio Albums #\Original Albums\1970 American Beauty\06 Ripple.flac|Ripple
Z:\Grateful Dead\# Studio Albums #\Original Albums\1970 American Beauty\07 Brokedown Palace.flac|Brokedown Palace
Z:\Grateful Dead\# Studio Albums #\Original Albums\1970 American Beauty\08 Till The Morning Comes.flac|Till The Morning Comes
Z:\Grateful Dead\# Studio Albums #\Original Albums\1970 American Beauty\09 Attics Of My Life.flac|Attics Of My Life
Z:\Grateful Dead\# Studio Albums #\Original Albums\1970 American Beauty\10 Truckin.flac|Truckin
Z:\Grateful Dead\# Studio Albums #\Original Albums\1970 Workingman's Dead\01 Uncle John's Band.flac|Uncle John's Band
Z:\Grateful Dead\# Studio Albums #\Original Albums\1970 Workingman's Dead\02 High Time.flac|High Time
Z:\Grateful Dead\# Studio Albums #\Original Albums\1970 Workingman's Dead\03 Dire Wolf.flac|Dire Wolf
Z:\Grateful Dead\# Studio Albums #\Original Albums\1970 Workingman's Dead\04 New Speedway Boogie.flac|New Speedway Boogie
Z:\Grateful Dead\# Studio Albums #\Original Albums\1970 Workingman's Dead\05 Cumberland Blues.flac|Cumberland Blues
Z:\Grateful Dead\# Studio Albums #\Original Albums\1970 Workingman's Dead\06 Black Peter.flac|Black Peter
Z:\Grateful Dead\# Studio Albums #\Original Albums\1970 Workingman's Dead\07 Easy Wind.flac|Easy Wind
Z:\Grateful Dead\# Studio Albums #\Original Albums\1970 Workingman's Dead\08 Casey Jones.flac|Casey Jones
Z:\Grateful Dead\# Studio Albums #\Original Albums\1971 Grateful Dead (Skull & Roses)\01 Bertha.flac|Bertha
Z:\Grateful Dead\# Studio Albums #\Original Albums\1971 Grateful Dead (Skull & Roses)\02 Mama Tried.flac|Mama Tried
Z:\Grateful Dead\# Studio Albums #\Original Albums\1971 Grateful Dead (Skull & Roses)\03 Big Railroad Blues.flac|Big Railroad Blues
Z:\Grateful Dead\# Studio Albums #\Original Albums\1971 Grateful Dead (Skull & Roses)\04 Playing in the Band.flac|Playing in the Band
Z:\Grateful Dead\# Studio Albums #\Original Albums\1971 Grateful Dead (Skull & Roses)\05 The Other One.flac|The Other One
Z:\Grateful Dead\# Studio Albums #\Original Albums\1971 Grateful Dead (Skull & Roses)\06 Me & My Uncle.flac|Me & My Uncle
Z:\Grateful Dead\# Studio Albums #\Original Albums\1971 Grateful Dead (Skull & Roses)\07 Big Boss Man.flac|Big Boss Man
Z:\Grateful Dead\# Studio Albums #\Original Albums\1971 Grateful Dead (Skull & Roses)\08 Me & Bobby McGee.flac|Me & Bobby McGee
Z:\Grateful Dead\# Studio Albums #\Original Albums\1971 Grateful Dead (Skull & Roses)\09 Johnny B. Goode.flac|Johnny B. Goode
Z:\Grateful Dead\# Studio Albums #\Original Albums\1971 Grateful Dead (Skull & Roses)\10 Wharf Rat.flac|Wharf Rat
Z:\Grateful Dead\# Studio Albums #\Original Albums\1971 Grateful Dead (Skull & Roses)\11 Not Fade Away-Goin' Down the Road Feeling Bad.flac|Not Fade Away-Goin' Down the Road Feeling Bad
Z:\Grateful Dead\# Studio Albums #\Original Albums\1972 Europe '72\101 Cumberland Blues.flac|Cumberland Blues
Z:\Grateful Dead\# Studio Albums #\Original Albums\1972 Europe '72\102 He's Gone.flac|He's Gone
Z:\Grateful Dead\# Studio Albums #\Original Albums\1972 Europe '72\103 One More Saturday Night.flac|One More Saturday Night
Z:\Grateful Dead\# Studio Albums #\Original Albums\1972 Europe '72\104 Jack Straw.flac|Jack Straw
Z:\Grateful Dead\# Studio Albums #\Original Albums\1972 Europe '72\105 You Win Again.flac|You Win Again
Z:\Grateful Dead\# Studio Albums #\Original Albums\1972 Europe '72\106 China Cat Sunflower.flac|China Cat Sunflower
Z:\Grateful Dead\# Studio Albums #\Original Albums\1972 Europe '72\107 I Know You Rider.flac|I Know You Rider
Z:\Grateful Dead\# Studio Albums #\Original Albums\1972 Europe '72\108 Brown-Eyed Woman.flac|Brown-Eyed Woman
Z:\Grateful Dead\# Studio Albums #\Original Albums\1972 Europe '72\109 Hurts Me Too.flac|Hurts Me Too
Z:\Grateful Dead\# Studio Albums #\Original Albums\1972 Europe '72\110 Ramble on Rose.flac|Ramble on Rose
Z:\Grateful Dead\# Studio Albums #\Original Albums\1972 Europe '72\111 Sugar Magnolia.flac|Sugar Magnolia
Z:\Grateful Dead\# Studio Albums #\Original Albums\1972 Europe '72\112 Mr. Charlie.flac|Mr. Charlie
Z:\Grateful Dead\# Studio Albums #\Original Albums\1972 Europe '72\113 Tennessee Jed.flac|Tennessee Jed
Z:\Grateful Dead\# Studio Albums #\Original Albums\1972 Europe '72\114 The Stranger (Two Souls in Communion).flac|The Stranger (Two Souls in Communion)
Z:\Grateful Dead\# Studio Albums #\Original Albums\1972 Europe '72\201 Sugar Magnolia.flac|Sugar Magnolia
Z:\Grateful Dead\# Studio Albums #\Original Albums\1972 Europe '72\202 Mr. Charlie.flac|Mr. Charlie
Z:\Grateful Dead\# Studio Albums #\Original Albums\1972 Europe '72\203 Tennessee Jed.flac|Tennessee Jed
Z:\Grateful Dead\# Studio Albums #\Original Albums\1972 Europe '72\204 Truckin'.flac|Truckin'
Z:\Grateful Dead\# Studio Albums #\Original Albums\1972 Europe '72\205 Epilogue.flac|Epilogue
Z:\Grateful Dead\# Studio Albums #\Original Albums\1972 Europe '72\206 Prelude.flac|Prelude
Z:\Grateful Dead\# Studio Albums #\Original Albums\1972 Europe '72\207 (Walk Me out in The) Morning Dew.flac|(Walk Me out in The) Morning Dew
Z:\Grateful Dead\# Studio Albums #\Original Albums\1972 Europe '72 Vol. 2 (2011)\101 Bertha.flac|Bertha
Z:\Grateful Dead\# Studio Albums #\Original Albums\1972 Europe '72 Vol. 2 (2011)\102 Me and My Uncle.flac|Me and My Uncle
Z:\Grateful Dead\# Studio Albums #\Original Albums\1972 Europe '72 Vol. 2 (2011)\103 Chinatown Shuffle.flac|Chinatown Shuffle
Z:\Grateful Dead\# Studio Albums #\Original Albums\1972 Europe '72 Vol. 2 (2011)\104 Sugaree.flac|Sugaree
Z:\Grateful Dead\# Studio Albums #\Original Albums\1972 Europe '72 Vol. 2 (2011)\105 Beat it on Down the Line.flac|Beat it on Down the Line
Z:\Grateful Dead\# Studio Albums #\Original Albums\1972 Europe '72 Vol. 2 (2011)\106 Loser.flac|Loser
Z:\Grateful Dead\# Studio Albums #\Original Albums\1972 Europe '72 Vol. 2 (2011)\107 Next Time You See Me.flac|Next Time You See Me
Z:\Grateful Dead\# Studio Albums #\Original Albums\1972 Europe '72 Vol. 2 (2011)\108 Black-Throated Wind.flac|Black-Throated Wind
Z:\Grateful Dead\# Studio Albums #\Original Albums\1972 Europe '72 Vol. 2 (2011)\109 Dire Wolf.flac|Dire Wolf
Z:\Grateful Dead\# Studio Albums #\Original Albums\1972 Europe '72 Vol. 2 (2011)\110 Greatest Story Ever Told.flac|Greatest Story Ever Told
Z:\Grateful Dead\# Studio Albums #\Original Albums\1972 Europe '72 Vol. 2 (2011)\111 Deal.flac|Deal
Z:\Grateful Dead\# Studio Albums #\Original Albums\1972 Europe '72 Vol. 2 (2011)\112 Good Lovin'.flac|Good Lovin'
Z:\Grateful Dead\# Studio Albums #\Original Albums\1972 Europe '72 Vol. 2 (2011)\113 Playing in the Band.flac|Playing in the Band
Z:\Grateful Dead\# Studio Albums #\Original Albums\1972 Europe '72 Vol. 2 (2011)\201 Dark Star _.flac|Dark Star
Z:\Grateful Dead\# Studio Albums #\Original Albums\1972 Europe '72 Vol. 2 (2011)\202 Drums _.flac|Drums
Z:\Grateful Dead\# Studio Albums #\Original Albums\1972 Europe '72 Vol. 2 (2011)\203 The Other One _.flac|The Other One
Z:\Grateful Dead\# Studio Albums #\Original Albums\1972 Europe '72 Vol. 2 (2011)\204 Sing Me Back Home.flac|Sing Me Back Home
Z:\Grateful Dead\# Studio Albums #\Original Albums\1972 Europe '72 Vol. 2 (2011)\205 Not Fade Away _.flac|Not Fade Away
Z:\Grateful Dead\# Studio Albums #\Original Albums\1972 Europe '72 Vol. 2 (2011)\206 Goin' Down the Road Feeling Bad _.flac|Goin' Down the Road Feeling Bad
Z:\Grateful Dead\# Studio Albums #\Original Albums\1972 Europe '72 Vol. 2 (2011)\207 Not Fade Away.flac|Not Fade Away
Z:\Grateful Dead\# Studio Albums #\Original Albums\1973 History of the Grateful Dead, Vol. 1 (Bear's Choice)\01 Katie Mae.flac|Katie Mae
Z:\Grateful Dead\# Studio Albums #\Original Albums\1973 History of the Grateful Dead, Vol. 1 (Bear's Choice)\02 Dark Hollow.flac|Dark Hollow
Z:\Grateful Dead\# Studio Albums #\Original Albums\1973 History of the Grateful Dead, Vol. 1 (Bear's Choice)\03 I've Been All Around This World.flac|I've Been All Around This World
Z:\Grateful Dead\# Studio Albums #\Original Albums\1973 History of the Grateful Dead, Vol. 1 (Bear's Choice)\04 Wake Up Little Susie.flac|Wake Up Little Susie
Z:\Grateful Dead\# Studio Albums #\Original Albums\1973 History of the Grateful Dead, Vol. 1 (Bear's Choice)\05 Black Peter.flac|Black Peter
Z:\Grateful Dead\# Studio Albums #\Original Albums\1973 History of the Grateful Dead, Vol. 1 (Bear's Choice)\06 Smokestack Lightnin.flac|Smokestack Lightnin
Z:\Grateful Dead\# Studio Albums #\Original Albums\1973 History of the Grateful Dead, Vol. 1 (Bear's Choice)\07 Hard to Handle.flac|Hard to Handle
Z:\Grateful Dead\# Studio Albums #\Original Albums\1973 Wake of the Flood\01 Mississippi Half-Step Uptown Toodleloo.flac|Mississippi Half-Step Uptown Toodleloo
Z:\Grateful Dead\# Studio Albums #\Original Albums\1973 Wake of the Flood\02 Let Me Sing Your Blues Away.flac|Let Me Sing Your Blues Away
Z:\Grateful Dead\# Studio Albums #\Original Albums\1973 Wake of the Flood\03 Row Jimmy.flac|Row Jimmy
Z:\Grateful Dead\# Studio Albums #\Original Albums\1973 Wake of the Flood\04 Stella Blue.flac|Stella Blue
Z:\Grateful Dead\# Studio Albums #\Original Albums\1973 Wake of the Flood\05 Here Comes Sunshine.flac|Here Comes Sunshine
Z:\Grateful Dead\# Studio Albums #\Original Albums\1973 Wake of the Flood\06 Eyes of the World.flac|Eyes of the World
Z:\Grateful Dead\# Studio Albums #\Original Albums\1973 Wake of the Flood\07 Weather Report Suite.flac|Weather Report Suite
Z:\Grateful Dead\# Studio Albums #\Original Albums\1974 From The Mars Hotel\(01) [Grateful Dead] U.s. Blues.flac|U.S. Blues
Z:\Grateful Dead\# Studio Albums #\Original Albums\1974 From The Mars Hotel\(02) [Grateful Dead] China Doll.flac|China Doll
Z:\Grateful Dead\# Studio Albums #\Original Albums\1974 From The Mars Hotel\(03) [Grateful Dead] Unbroken Chain.flac|Unbroken Chain
Z:\Grateful Dead\# Studio Albums #\Original Albums\1974 From The Mars Hotel\(04) [Grateful Dead] Loose Lucy.flac|Loose Lucy
Z:\Grateful Dead\# Studio Albums #\Original Albums\1974 From The Mars Hotel\(05) [Grateful Dead] Scarlet Begonias.flac|Scarlet Begonias
Z:\Grateful Dead\# Studio Albums #\Original Albums\1974 From The Mars Hotel\(06) [Grateful Dead] Pride Of Cucamonga.flac|Pride Of Cucamonga
Z:\Grateful Dead\# Studio Albums #\Original Albums\1974 From The Mars Hotel\(07) [Grateful Dead] Money Money.flac|Money Money
Z:\Grateful Dead\# Studio Albums #\Original Albums\1974 From The Mars Hotel\(08) [Grateful Dead] Ship Of Fools.flac|Ship Of Fools
Z:\Grateful Dead\# Studio Albums #\Original Albums\1975 Blues For Allah\(01) [Grateful Dead] Help On The Way.flac|Help On The Way
Z:\Grateful Dead\# Studio Albums #\Original Albums\1975 Blues For Allah\(02) [Grateful Dead] Slipknot.flac|Slipknot
Z:\Grateful Dead\# Studio Albums #\Original Albums\1975 Blues For Allah\(03) [Grateful Dead] Franklin's Tower.flac|Franklin's Tower
Z:\Grateful Dead\# Studio Albums #\Original Albums\1975 Blues For Allah\(04) [Grateful Dead] King Solomon's Marbles.flac|King Solomon's Marbles
Z:\Grateful Dead\# Studio Albums #\Original Albums\1975 Blues For Allah\(05) [Grateful Dead] Stronger Than Dirt Or Milking the Monkey.flac|Stronger Than Dirt Or Milking the Monkey
Z:\Grateful Dead\# Studio Albums #\Original Albums\1975 Blues For Allah\(06) [Grateful Dead] The Music Never Stopped.flac|The Music Never Stopped
Z:\Grateful Dead\# Studio Albums #\Original Albums\1975 Blues For Allah\(07) [Grateful Dead] Crazy Fingers.flac|Crazy Fingers
Z:\Grateful Dead\# Studio Albums #\Original Albums\1975 Blues For Allah\(08) [Grateful Dead] Sage & Spirit.flac|Sage & Spirit
Z:\Grateful Dead\# Studio Albums #\Original Albums\1975 Blues For Allah\(09) [Grateful Dead] Blues For Allah.flac|Blues For Allah
Z:\Grateful Dead\# Studio Albums #\Original Albums\1975 Blues For Allah\(10) [Grateful Dead] Sand Castles & Glass Camels.flac|Sand Castles & Glass Camels
Z:\Grateful Dead\# Studio Albums #\Original Albums\1975 Blues For Allah\(11) [Grateful Dead] Unusual Occurences In the Desert.flac|Unusual Occurences In the Desert
Z:\Grateful Dead\# Studio Albums #\Original Albums\1976 Steal Your Face\101 The Promised Land.flac|The Promised Land
Z:\Grateful Dead\# Studio Albums #\Original Albums\1976 Steal Your Face\102 Cold Rain & Snow.flac|Cold Rain & Snow
Z:\Grateful Dead\# Studio Albums #\Original Albums\1976 Steal Your Face\103 Around And Around.flac|Around And Around
Z:\Grateful Dead\# Studio Albums #\Original Albums\1976 Steal Your Face\104 Stella Blue.flac|Stella Blue
Z:\Grateful Dead\# Studio Albums #\Original Albums\1976 Steal Your Face\105 Mississippi Half-Step Uptown Toodeloo.flac|Mississippi Half-Step Uptown Toodeloo
Z:\Grateful Dead\# Studio Albums #\Original Albums\1976 Steal Your Face\106 Ship Of Fools.flac|Ship Of Fools
Z:\Grateful Dead\# Studio Albums #\Original Albums\1976 Steal Your Face\107 Beat It On Down The Line.flac|Beat It On Down The Line
Z:\Grateful Dead\# Studio Albums #\Original Albums\1976 Steal Your Face\201 Big River.flac|Big River
Z:\Grateful Dead\# Studio Albums #\Original Albums\1976 Steal Your Face\202 Black Throated Wind.flac|Black Throated Wind
Z:\Grateful Dead\# Studio Albums #\Original Albums\1976 Steal Your Face\203 U.S. Blues.flac|U.S. Blues
Z:\Grateful Dead\# Studio Albums #\Original Albums\1976 Steal Your Face\204 El Paso.flac|El Paso
Z:\Grateful Dead\# Studio Albums #\Original Albums\1976 Steal Your Face\205 Sugaree.flac|Sugaree
Z:\Grateful Dead\# Studio Albums #\Original Albums\1976 Steal Your Face\206  It Must Have Been The Rose.flac|It Must Have Been The Rose
Z:\Grateful Dead\# Studio Albums #\Original Albums\1976 Steal Your Face\207  Casey Jones.flac|Casey Jones
Z:\Grateful Dead\# Studio Albums #\Original Albums\1977 Terrapin Station\01 Estimated Prophet.flac|Estimated Prophet
Z:\Grateful Dead\# Studio Albums #\Original Albums\1977 Terrapin Station\02 Dancin' In The Streets.flac|Dancin' In The Streets
Z:\Grateful Dead\# Studio Albums #\Original Albums\1977 Terrapin Station\03 Passenger.flac|Passenger
Z:\Grateful Dead\# Studio Albums #\Original Albums\1977 Terrapin Station\04 Samson & Delilah.flac|Samson & Delilah
Z:\Grateful Dead\# Studio Albums #\Original Albums\1977 Terrapin Station\05 Sunrise.flac|Sunrise
Z:\Grateful Dead\# Studio Albums #\Original Albums\1977 Terrapin Station\06 Terrapin Station.flac|Terrapin Station
Z:\Grateful Dead\# Studio Albums #\Original Albums\1978 Shakedown Street\(01) [Grateful Dead] Good Lovin'.flac|Good Lovin'
Z:\Grateful Dead\# Studio Albums #\Original Albums\1978 Shakedown Street\(02) [Grateful Dead] France.flac|France
Z:\Grateful Dead\# Studio Albums #\Original Albums\1978 Shakedown Street\(03) [Grateful Dead] Shakedown Street.flac|Shakedown Street
Z:\Grateful Dead\# Studio Albums #\Original Albums\1978 Shakedown Street\(04) [Grateful Dead] Serengetti.flac|Serengetti
Z:\Grateful Dead\# Studio Albums #\Original Albums\1978 Shakedown Street\(05) [Grateful Dead] Fire On The Mountain.flac|Fire On The Mountain
Z:\Grateful Dead\# Studio Albums #\Original Albums\1978 Shakedown Street\(06) [Grateful Dead] I Need A Miracle.flac|I Need A Miracle
Z:\Grateful Dead\# Studio Albums #\Original Albums\1978 Shakedown Street\(07) [Grateful Dead] From The Heart Of Me.flac|From The Heart Of Me
Z:\Grateful Dead\# Studio Albums #\Original Albums\1978 Shakedown Street\(08) [Grateful Dead] Stagger Lee.flac|Stagger Lee
Z:\Grateful Dead\# Studio Albums #\Original Albums\1978 Shakedown Street\(09) [Grateful Dead] All New Minglewood Blues.flac|All New Minglewood Blues
Z:\Grateful Dead\# Studio Albums #\Original Albums\1978 Shakedown Street\(10) [Grateful Dead] If I Had The World To Give.flac|If I Had The World To Give
Z:\Grateful Dead\# Studio Albums #\Original Albums\1980 Go To Heaven\(01) [Grateful Dead] Alabama Getaway.flac|Alabama Getaway
Z:\Grateful Dead\# Studio Albums #\Original Albums\1980 Go To Heaven\(02) [Grateful Dead] Far From Me.flac|Far From Me
Z:\Grateful Dead\# Studio Albums #\Original Albums\1980 Go To Heaven\(03) [Grateful Dead] Althea.flac|Althea
Z:\Grateful Dead\# Studio Albums #\Original Albums\1980 Go To Heaven\(04) [Grateful Dead] Feel Like A Stranger.flac|Feel Like A Stranger
Z:\Grateful Dead\# Studio Albums #\Original Albums\1980 Go To Heaven\(05) [Grateful Dead] Lost Sailor.flac|Lost Sailor
Z:\Grateful Dead\# Studio Albums #\Original Albums\1980 Go To Heaven\(06) [Grateful Dead] Saint Of Circumstance.flac|Saint Of Circumstance
Z:\Grateful Dead\# Studio Albums #\Original Albums\1980 Go To Heaven\(07) [Grateful Dead] Antwerp's Placebo (The Plumber).flac|Antwerp's Placebo (The Plumber)
Z:\Grateful Dead\# Studio Albums #\Original Albums\1980 Go To Heaven\(08) [Grateful Dead] Easy To Love You.flac|Easy To Love You
Z:\Grateful Dead\# Studio Albums #\Original Albums\1980 Go To Heaven\(09) [Grateful Dead] Don't Ease Me In.flac|Don't Ease Me In
Z:\Grateful Dead\# Studio Albums #\Original Albums\1981 Dead Set\01 - Samson and Delilah.flac|Samson and Delilah
Z:\Grateful Dead\# Studio Albums #\Original Albums\1981 Dead Set\02 - Friend of the Devil.flac|Friend of the Devil
Z:\Grateful Dead\# Studio Albums #\Original Albums\1981 Dead Set\03 - New Minglewood Blues.flac|New Minglewood Blues
Z:\Grateful Dead\# Studio Albums #\Original Albums\1981 Dead Set\04 - Deal.flac|Deal
Z:\Grateful Dead\# Studio Albums #\Original Albums\1981 Dead Set\05 - Candy Man.flac|Candy Man
Z:\Grateful Dead\# Studio Albums #\Original Albums\1981 Dead Set\06 - Little Red Rooster.flac|Little Red Rooster
Z:\Grateful Dead\# Studio Albums #\Original Albums\1981 Dead Set\07 - Loser.flac|Loser
Z:\Grateful Dead\# Studio Albums #\Original Albums\1981 Dead Set\08 - Passenger.flac|Passenger
Z:\Grateful Dead\# Studio Albums #\Original Albums\1981 Dead Set\09 - Feel Like a Stranger.flac|Feel Like a Stranger
Z:\Grateful Dead\# Studio Albums #\Original Albums\1981 Dead Set\10 - Franklin's Tower.flac|Franklin's Tower
Z:\Grateful Dead\# Studio Albums #\Original Albums\1981 Dead Set\11 - Rhythm Devils.flac|Rhythm Devils
Z:\Grateful Dead\# Studio Albums #\Original Albums\1981 Dead Set\12 - Space.flac|Space
Z:\Grateful Dead\# Studio Albums #\Original Albums\1981 Dead Set\13 - Fire On The Mountain.flac|Fire On The Mountain
Z:\Grateful Dead\# Studio Albums #\Original Albums\1981 Dead Set\14 - Greatest Story Ever Told.flac|Greatest Story Ever Told
Z:\Grateful Dead\# Studio Albums #\Original Albums\1981 Dead Set\15 - Brokedown Palace.flac|Brokedown Palace
Z:\Grateful Dead\# Studio Albums #\Original Albums\1981 Reckoning\01 - Dire Wolf.flac|Dire Wolf
Z:\Grateful Dead\# Studio Albums #\Original Albums\1981 Reckoning\02 - The Race Is On.flac|The Race Is On
Z:\Grateful Dead\# Studio Albums #\Original Albums\1981 Reckoning\03 - It Must Have Been the Roses.flac|It Must Have Been the Roses
Z:\Grateful Dead\# Studio Albums #\Original Albums\1981 Reckoning\04 - Dark Hollow.flac|Dark Hollow
Z:\Grateful Dead\# Studio Albums #\Original Albums\1981 Reckoning\05 - China Doll.flac|China Doll
Z:\Grateful Dead\# Studio Albums #\Original Albums\1981 Reckoning\06 - Been All Around This World.flac|Been All Around This World
Z:\Grateful Dead\# Studio Albums #\Original Albums\1981 Reckoning\07 - Monkey And The Engineer.flac|Monkey And The Engineer
Z:\Grateful Dead\# Studio Albums #\Original Albums\1981 Reckoning\08 - Jack-A-Roe.flac|Jack-A-Roe
Z:\Grateful Dead\# Studio Albums #\Original Albums\1981 Reckoning\09 - Deep Elem Blues.flac|Deep Elem Blues
Z:\Grateful Dead\# Studio Albums #\Original Albums\1981 Reckoning\10 - Cassidy.flac|Cassidy
Z:\Grateful Dead\# Studio Albums #\Original Albums\1981 Reckoning\11 - To Lay Me Down.flac|To Lay Me Down
Z:\Grateful Dead\# Studio Albums #\Original Albums\1981 Reckoning\12 - Rosa Lee McFall.flac|Rosa Lee McFall
Z:\Grateful Dead\# Studio Albums #\Original Albums\1981 Reckoning\13 - On The Road Again.flac|On The Road Again
Z:\Grateful Dead\# Studio Albums #\Original Albums\1981 Reckoning\14 - Bird Song.flac|Bird Song
Z:\Grateful Dead\# Studio Albums #\Original Albums\1981 Reckoning\15 - Ripple.flac|Ripple
Z:\Grateful Dead\# Studio Albums #\Original Albums\1981 Reckoning (Unreleased mix)\01 Dire Wolf.flac|Dire Wolf
Z:\Grateful Dead\# Studio Albums #\Original Albums\1981 Reckoning (Unreleased mix)\02 The Race is On .flac|The Race is On
Z:\Grateful Dead\# Studio Albums #\Original Albums\1981 Reckoning (Unreleased mix)\03 Oh Babe It Ain't No Lie .flac|Oh Babe It Ain't No Lie
Z:\Grateful Dead\# Studio Albums #\Original Albums\1981 Reckoning (Unreleased mix)\04 It Must Have Been the Roses.flac|It Must Have Been the Roses
Z:\Grateful Dead\# Studio Albums #\Original Albums\1981 Reckoning (Unreleased mix)\05 Dark Hollow.flac|Dark Hollow
Z:\Grateful Dead\# Studio Albums #\Original Albums\1981 Reckoning (Unreleased mix)\06 China Doll.flac|China Doll
Z:\Grateful Dead\# Studio Albums #\Original Albums\1981 Reckoning (Unreleased mix)\07 I've Been All Around this World.flac|I've Been All Around this World
Z:\Grateful Dead\# Studio Albums #\Original Albums\1981 Reckoning (Unreleased mix)\08 Monkey and the Engineer.flac|Monkey and the Engineer
Z:\Grateful Dead\# Studio Albums #\Original Albums\1981 Reckoning (Unreleased mix)\09 Jackaroe.flac|Jackaroe
Z:\Grateful Dead\# Studio Albums #\Original Albums\1981 Reckoning (Unreleased mix)\10 Deep Elem Blues.flac|Deep Elem Blues
Z:\Grateful Dead\# Studio Albums #\Original Albums\1981 Reckoning (Unreleased mix)\11 Cassidy.flac|Cassidy
Z:\Grateful Dead\# Studio Albums #\Original Albums\1981 Reckoning (Unreleased mix)\12 To Lay Me Down.flac|To Lay Me Down
Z:\Grateful Dead\# Studio Albums #\Original Albums\1981 Reckoning (Unreleased mix)\13 Rosalie McFall.flac|Rosalie McFall
Z:\Grateful Dead\# Studio Albums #\Original Albums\1981 Reckoning (Unreleased mix)\14 On the Road Again.flac|On the Road Again
Z:\Grateful Dead\# Studio Albums #\Original Albums\1981 Reckoning (Unreleased mix)\15 Birdsong.flac|Birdsong
Z:\Grateful Dead\# Studio Albums #\Original Albums\1981 Reckoning (Unreleased mix)\16 Ripple.flac|Ripple
Z:\Grateful Dead\# Studio Albums #\Original Albums\1987 In The Dark\01 Touch Of Grey.flac|Touch Of Grey
Z:\Grateful Dead\# Studio Albums #\Original Albums\1987 In The Dark\02 Hell In A Bucket.flac|Hell In A Bucket
Z:\Grateful Dead\# Studio Albums #\Original Albums\1987 In The Dark\03 When Push Comes To Shove.flac|When Push Comes To Shove
Z:\Grateful Dead\# Studio Albums #\Original Albums\1987 In The Dark\04 West L.A. Fadeaway.flac|West L.A. Fadeaway
Z:\Grateful Dead\# Studio Albums #\Original Albums\1987 In The Dark\05 Tons Of Steel.flac|Tons Of Steel
Z:\Grateful Dead\# Studio Albums #\Original Albums\1987 In The Dark\06 Throwing Stones.flac|Throwing Stones
Z:\Grateful Dead\# Studio Albums #\Original Albums\1987 In The Dark\07 Black Muddy River.flac|Black Muddy River
Z:\Grateful Dead\# Studio Albums #\Original Albums\1989 Built to Last\01 Foolish Heart.flac|Foolish Heart
Z:\Grateful Dead\# Studio Albums #\Original Albums\1989 Built to Last\02 Just A Little Light.flac|Just A Little Light
Z:\Grateful Dead\# Studio Albums #\Original Albums\1989 Built to Last\03 Built To Last.flac|Built To Last
Z:\Grateful Dead\# Studio Albums #\Original Albums\1989 Built to Last\04 Blow Away.flac|Blow Away
Z:\Grateful Dead\# Studio Albums #\Original Albums\1989 Built to Last\05 Victim or the Crime.flac|Victim or the Crime
Z:\Grateful Dead\# Studio Albums #\Original Albums\1989 Built to Last\06 We Can Run.flac|We Can Run
Z:\Grateful Dead\# Studio Albums #\Original Albums\1989 Built to Last\07 Standing On The Moon.flac|Standing On The Moon
Z:\Grateful Dead\# Studio Albums #\Original Albums\1989 Built to Last\08 Picasso Moon.flac|Picasso Moon
Z:\Grateful Dead\# Studio Albums #\Original Albums\1989 Built to Last\09 I Will Take You Home.flac|I Will Take You Home
Z:\Grateful Dead\# Studio Albums #\Original Albums\1989 Dylan & The Dead (1987) - 24 Bit (192-2)\01 Slow Train (Live).flac|Slow Train (Live)
Z:\Grateful Dead\# Studio Albums #\Original Albums\1989 Dylan & The Dead (1987) - 24 Bit (192-2)\02 I Want You (Live).flac|I Want You (Live)
Z:\Grateful Dead\# Studio Albums #\Original Albums\1989 Dylan & The Dead (1987) - 24 Bit (192-2)\03 Gotta Serve Somebody (Live).flac|Gotta Serve Somebody (Live)
Z:\Grateful Dead\# Studio Albums #\Original Albums\1989 Dylan & The Dead (1987) - 24 Bit (192-2)\04 Queen Jane Approximately (Live).flac|Queen Jane Approximately (Live)
Z:\Grateful Dead\# Studio Albums #\Original Albums\1989 Dylan & The Dead (1987) - 24 Bit (192-2)\05 Joey (Live).flac|Joey (Live)
Z:\Grateful Dead\# Studio Albums #\Original Albums\1989 Dylan & The Dead (1987) - 24 Bit (192-2)\06 All Along The Watchtower (Live).flac|All Along The Watchtower (Live)
Z:\Grateful Dead\# Studio Albums #\Original Albums\1989 Dylan & The Dead (1987) - 24 Bit (192-2)\07 Knockin' On Heaven's Door (Live).flac|Knockin' On Heaven's Door (Live)
Z:\Grateful Dead\# Studio Albums #\Original Albums\1992-1995 Ready Or Not\A1 - Liberty.flac|Liberty - 1994-10-14 - Madison Square Garden
Z:\Grateful Dead\# Studio Albums #\Original Albums\1992-1995 Ready Or Not\A2 - Eternity.flac|Eternity - 1995-04-02 - Memphis Pyramid
Z:\Grateful Dead\# Studio Albums #\Original Albums\1992-1995 Ready Or Not\B1 - Lazy River Road.flac|Lazy River Road - 1993-03-25 Dean Dome - Dean Smith Center, Chapel Hill, NC
Z:\Grateful Dead\# Studio Albums #\Original Albums\1992-1995 Ready Or Not\B2 - Samba In The Rain.flac|Samba In The Rain - unknown
Z:\Grateful Dead\# Studio Albums #\Original Albums\1992-1995 Ready Or Not\B3 - So Many Roads.flac|So Many Roads 1992-06-23 [Star Lake Amphitheater, Burgettstown, PA] 
Z:\Grateful Dead\# Studio Albums #\Original Albums\1992-1995 Ready Or Not\C1 - Way To Go Home.flac|Way To Go Home 1992-06-28 [Deer Creek Music Center, Noblesville, IN]
Z:\Grateful Dead\# Studio Albums #\Original Albums\1992-1995 Ready Or Not\C2 - Corrina.flac|Corrina - 1994-10-14 MSG
Z:\Grateful Dead\# Studio Albums #\Original Albums\1992-1995 Ready Or Not\D1 - Easy Answers.flac|Easy Answers - 1993-09-13 - Spectrum, Philly
Z:\Grateful Dead\# Studio Albums #\Original Albums\1992-1995 Ready Or Not\D2 - Days Between.flac|Days Between - 1994-12-12 - Oakland Arena
Z:\Grateful Dead\# Studio Albums #\Original Albums\1995 Earthquake Country (Unfinished Album)\1  Lazy River Road (Garcia,Hunter).flac|Lazy River Road (Garcia,hunter)
Z:\Grateful Dead\# Studio Albums #\Original Albums\1995 Earthquake Country (Unfinished Album)\3  So Many Roads (Garcia,Hunter).flac|So Many Roads (Garcia,hunter)
Z:\Grateful Dead\# Studio Albums #\Original Albums\1995 Earthquake Country (Unfinished Album)\4  Wave To The Wind (Lesh,Hunter).flac|Wave To The Wind (Lesh,hunter)
Z:\Grateful Dead\# Studio Albums #\Original Albums\1995 Earthquake Country (Unfinished Album)\5  Eternity (Weir,Dixon).flac|Eternity (Weir,dixon)
Z:\Grateful Dead\# Studio Albums #\Original Albums\1995 Earthquake Country (Unfinished Album)\6  The Days Between (Garcia,Hunter).flac|The Days Between (Garcia,hunter)
Z:\Grateful Dead\# Studio Albums #\Original Albums\1995 Earthquake Country (Unfinished Album)\7  Way To Go Home (Welnick,Hunter,Bralove).flac|Way To Go Home (Welnick,hunter,bralove)
Z:\Grateful Dead\# Studio Albums #\Original Albums\1995 Earthquake Country (Unfinished Album)\8  Corinna (Weir,Hart,Hunter).flac|Corinna (Weir,hart,hunter)
Z:\Grateful Dead\# Studio Albums #\Original Albums\1995 Earthquake Country (Unfinished Album)\9  Liberty (Garcia,Hunter).flac|Liberty (Garcia,hunter)
Z:\Grateful Dead\# Studio Albums #\Studio Albums (24 Bit 192-2)\1967 - The Grateful Dead\01-The Golden Road (To Unlimited Devotion).flac|The Golden Road (To Unlimited Devotion)
Z:\Grateful Dead\# Studio Albums #\Studio Albums (24 Bit 192-2)\1967 - The Grateful Dead\02-Beat It On Down The Line.flac|Beat It On Down The Line
Z:\Grateful Dead\# Studio Albums #\Studio Albums (24 Bit 192-2)\1967 - The Grateful Dead\03-Good Morning Little School Girl.flac|Good Morning Little School Girl
Z:\Grateful Dead\# Studio Albums #\Studio Albums (24 Bit 192-2)\1967 - The Grateful Dead\04-Cold Rain And Snow.flac|Cold Rain And Snow
Z:\Grateful Dead\# Studio Albums #\Studio Albums (24 Bit 192-2)\1967 - The Grateful Dead\05-Sitting On Top Of The World.flac|Sitting On Top Of The World
Z:\Grateful Dead\# Studio Albums #\Studio Albums (24 Bit 192-2)\1967 - The Grateful Dead\06-Cream Puff War.flac|Cream Puff War
Z:\Grateful Dead\# Studio Albums #\Studio Albums (24 Bit 192-2)\1967 - The Grateful Dead\07-Morning Dew.flac|Morning Dew
Z:\Grateful Dead\# Studio Albums #\Studio Albums (24 Bit 192-2)\1967 - The Grateful Dead\08-New New Minglewood Blues.flac|New New Minglewood Blues
Z:\Grateful Dead\# Studio Albums #\Studio Albums (24 Bit 192-2)\1967 - The Grateful Dead\09-Viola Lee Blues.flac|Viola Lee Blues
Z:\Grateful Dead\# Studio Albums #\Studio Albums (24 Bit 192-2)\1968 - Anthem Of The Sun\01-That's It For The Other One (Parts I-IV).flac|That's It For The Other One (Parts I-IV)
Z:\Grateful Dead\# Studio Albums #\Studio Albums (24 Bit 192-2)\1968 - Anthem Of The Sun\02-New Potato Caboose.flac|New Potato Caboose
Z:\Grateful Dead\# Studio Albums #\Studio Albums (24 Bit 192-2)\1968 - Anthem Of The Sun\03-Born Cross-Eyed.flac|Born Cross-Eyed
Z:\Grateful Dead\# Studio Albums #\Studio Albums (24 Bit 192-2)\1968 - Anthem Of The Sun\04-Alligator.flac|Alligator
Z:\Grateful Dead\# Studio Albums #\Studio Albums (24 Bit 192-2)\1968 - Anthem Of The Sun\05-Caution (Do Not Stop On The Tracks).flac|Caution (Do Not Stop On The Tracks)
Z:\Grateful Dead\# Studio Albums #\Studio Albums (24 Bit 192-2)\1969 - Aoxomoxoa\01-St. Stephen.flac|St. Stephen
Z:\Grateful Dead\# Studio Albums #\Studio Albums (24 Bit 192-2)\1969 - Aoxomoxoa\02-Dupree's Diamond Blues.flac|Dupree's Diamond Blues
Z:\Grateful Dead\# Studio Albums #\Studio Albums (24 Bit 192-2)\1969 - Aoxomoxoa\03-Rosemary.flac|Rosemary
Z:\Grateful Dead\# Studio Albums #\Studio Albums (24 Bit 192-2)\1969 - Aoxomoxoa\04-Doin' That Rag.flac|Doin' That Rag
Z:\Grateful Dead\# Studio Albums #\Studio Albums (24 Bit 192-2)\1969 - Aoxomoxoa\05-Mountains Of The Moon.flac|Mountains Of The Moon
Z:\Grateful Dead\# Studio Albums #\Studio Albums (24 Bit 192-2)\1969 - Aoxomoxoa\06-China Cat Sunflower.flac|China Cat Sunflower
Z:\Grateful Dead\# Studio Albums #\Studio Albums (24 Bit 192-2)\1969 - Aoxomoxoa\07-What's Become Of The Baby.flac|What's Become Of The Baby
Z:\Grateful Dead\# Studio Albums #\Studio Albums (24 Bit 192-2)\1969 - Aoxomoxoa\08-Cosmic Charlie.flac|Cosmic Charlie
Z:\Grateful Dead\# Studio Albums #\Studio Albums (24 Bit 192-2)\1970 - American Beauty\01-Box Of Rain (Remastered Version).flac|Box Of Rain (Remastered Version)
Z:\Grateful Dead\# Studio Albums #\Studio Albums (24 Bit 192-2)\1970 - American Beauty\02-Friend Of The Devil (Remastered Version).flac|Friend Of The Devil (Remastered Version)
Z:\Grateful Dead\# Studio Albums #\Studio Albums (24 Bit 192-2)\1970 - American Beauty\03-Sugar Magnolia (Remastered Version).flac|Sugar Magnolia
Z:\Grateful Dead\# Studio Albums #\Studio Albums (24 Bit 192-2)\1970 - American Beauty\04-Operator (Remastered Version).flac|Operator (Remastered Version)
Z:\Grateful Dead\# Studio Albums #\Studio Albums (24 Bit 192-2)\1970 - American Beauty\05-Candyman (Remastered Version).flac|Candyman (Remastered Version)
Z:\Grateful Dead\# Studio Albums #\Studio Albums (24 Bit 192-2)\1970 - American Beauty\06-Ripple (Remastered Version).flac|Ripple (Remastered Version)
Z:\Grateful Dead\# Studio Albums #\Studio Albums (24 Bit 192-2)\1970 - American Beauty\07-Brokedown Palace (Remastered Version).flac|Brokedown Palace (Remastered Version)
Z:\Grateful Dead\# Studio Albums #\Studio Albums (24 Bit 192-2)\1970 - American Beauty\08-Till The Morning Comes (Remastered Version).flac|Till The Morning Comes (Remastered Version)
Z:\Grateful Dead\# Studio Albums #\Studio Albums (24 Bit 192-2)\1970 - American Beauty\09-Attics Of My Life (Remastered Version).flac|Attics Of My Life (Remastered Version)
Z:\Grateful Dead\# Studio Albums #\Studio Albums (24 Bit 192-2)\1970 - American Beauty\10-Truckin' (Remastered Version).flac|Truckin' (Remastered Version)
Z:\Grateful Dead\# Studio Albums #\Studio Albums (24 Bit 192-2)\1970 - Workingman's Dead\01-Uncle John's Band.flac|Uncle John's Band
Z:\Grateful Dead\# Studio Albums #\Studio Albums (24 Bit 192-2)\1970 - Workingman's Dead\02-High Time.flac|High Time
Z:\Grateful Dead\# Studio Albums #\Studio Albums (24 Bit 192-2)\1970 - Workingman's Dead\03-Dire Wolf.flac|Dire Wolf
Z:\Grateful Dead\# Studio Albums #\Studio Albums (24 Bit 192-2)\1970 - Workingman's Dead\04-New Speedway Boogie.flac|New Speedway Boogie
Z:\Grateful Dead\# Studio Albums #\Studio Albums (24 Bit 192-2)\1970 - Workingman's Dead\05-Cumberland Blues.flac|Cumberland Blues
Z:\Grateful Dead\# Studio Albums #\Studio Albums (24 Bit 192-2)\1970 - Workingman's Dead\06-Black Peter.flac|Black Peter
Z:\Grateful Dead\# Studio Albums #\Studio Albums (24 Bit 192-2)\1970 - Workingman's Dead\07-Easy Wind.flac|Easy Wind
Z:\Grateful Dead\# Studio Albums #\Studio Albums (24 Bit 192-2)\1970 - Workingman's Dead\08-Casey Jones.flac|Casey Jones
Z:\Grateful Dead\# Studio Albums #\Studio Albums (24 Bit 192-2)\1973 - Wake Of The Flood\01-Mississippi Half-Step Uptown Toodeloo.flac|Mississippi Half-Step Uptown Toodeloo
Z:\Grateful Dead\# Studio Albums #\Studio Albums (24 Bit 192-2)\1973 - Wake Of The Flood\02-Let Me Sing Your Blues Away.flac|Let Me Sing Your Blues Away
Z:\Grateful Dead\# Studio Albums #\Studio Albums (24 Bit 192-2)\1973 - Wake Of The Flood\03-Row Jimmy.flac|Row Jimmy
Z:\Grateful Dead\# Studio Albums #\Studio Albums (24 Bit 192-2)\1973 - Wake Of The Flood\04-Stella Blue.flac|Stella Blue
Z:\Grateful Dead\# Studio Albums #\Studio Albums (24 Bit 192-2)\1973 - Wake Of The Flood\05-Here Comes Sunshine.flac|Here Comes Sunshine
Z:\Grateful Dead\# Studio Albums #\Studio Albums (24 Bit 192-2)\1973 - Wake Of The Flood\06-Eyes Of The World.flac|Eyes Of The World
Z:\Grateful Dead\# Studio Albums #\Studio Albums (24 Bit 192-2)\1973 - Wake Of The Flood\07-Weather Report Suite.flac|Weather Report Suite
Z:\Grateful Dead\# Studio Albums #\Studio Albums (24 Bit 192-2)\1974 - From The Mars Hotel\01-U.S. Blues.flac|U.S. Blues
Z:\Grateful Dead\# Studio Albums #\Studio Albums (24 Bit 192-2)\1974 - From The Mars Hotel\02-China Doll.flac|China Doll
Z:\Grateful Dead\# Studio Albums #\Studio Albums (24 Bit 192-2)\1974 - From The Mars Hotel\03-Unbroken Chain.flac|Unbroken Chain
Z:\Grateful Dead\# Studio Albums #\Studio Albums (24 Bit 192-2)\1974 - From The Mars Hotel\04-Loose Lucy.flac|Loose Lucy
Z:\Grateful Dead\# Studio Albums #\Studio Albums (24 Bit 192-2)\1974 - From The Mars Hotel\05-Scarlet Begonias.flac|Scarlet Begonias
Z:\Grateful Dead\# Studio Albums #\Studio Albums (24 Bit 192-2)\1974 - From The Mars Hotel\06-Pride Of Cucamonga.flac|Pride Of Cucamonga
Z:\Grateful Dead\# Studio Albums #\Studio Albums (24 Bit 192-2)\1974 - From The Mars Hotel\07-Money Money.flac|Money Money
Z:\Grateful Dead\# Studio Albums #\Studio Albums (24 Bit 192-2)\1974 - From The Mars Hotel\08-Ship Of Fools.flac|Ship Of Fools
Z:\Grateful Dead\# Studio Albums #\Studio Albums (24 Bit 192-2)\1975 - Blues For Allah\01-Help On The Way   Slipknot!.flac|Help On The Way / Slipknot!
Z:\Grateful Dead\# Studio Albums #\Studio Albums (24 Bit 192-2)\1975 - Blues For Allah\02-Franklin's Tower.flac|Franklin's Tower
Z:\Grateful Dead\# Studio Albums #\Studio Albums (24 Bit 192-2)\1975 - Blues For Allah\03-King Solomon's Marbles.flac|King Solomon's Marbles
Z:\Grateful Dead\# Studio Albums #\Studio Albums (24 Bit 192-2)\1975 - Blues For Allah\04-The Music Never Stopped.flac|The Music Never Stopped
Z:\Grateful Dead\# Studio Albums #\Studio Albums (24 Bit 192-2)\1975 - Blues For Allah\05-Crazy Fingers.flac|Crazy Fingers
Z:\Grateful Dead\# Studio Albums #\Studio Albums (24 Bit 192-2)\1975 - Blues For Allah\06-Sage & Spirit.flac|Sage & Spirit
Z:\Grateful Dead\# Studio Albums #\Studio Albums (24 Bit 192-2)\1975 - Blues For Allah\07-Blues For Allah  Sand Castles And Glass Camels   Unusual Occurrences In The Desert.flac|Blues For Allah: Sand Castles And Glass Camels / Unusual Occurrences In The Desert
Z:\Grateful Dead\# Studio Albums #\Studio Albums (24 Bit 192-2)\1976 - Steal Your Face\24. The Promised Land .flac|- The Promised Land
Z:\Grateful Dead\# Studio Albums #\Studio Albums (24 Bit 192-2)\1976 - Steal Your Face\25. Cold Rain & Snow.flac|- Cold Rain & Snow
Z:\Grateful Dead\# Studio Albums #\Studio Albums (24 Bit 192-2)\1976 - Steal Your Face\26. Around And Around.flac|- Around And Around
Z:\Grateful Dead\# Studio Albums #\Studio Albums (24 Bit 192-2)\1976 - Steal Your Face\27. Stella Blue.flac|- Stella Blue
Z:\Grateful Dead\# Studio Albums #\Studio Albums (24 Bit 192-2)\1976 - Steal Your Face\28. Mississippi Half-Step Uptown Toodeloo.flac|- Mississippi Half-Step Uptown Toodeloo
Z:\Grateful Dead\# Studio Albums #\Studio Albums (24 Bit 192-2)\1976 - Steal Your Face\29. Ship Of Fools.flac|- Ship Of Fools
Z:\Grateful Dead\# Studio Albums #\Studio Albums (24 Bit 192-2)\1976 - Steal Your Face\30. Beat It On Down The Line.flac|- Beat It On Down The Line
Z:\Grateful Dead\# Studio Albums #\Studio Albums (24 Bit 192-2)\1976 - Steal Your Face\31. Big River.flac|- Big River
Z:\Grateful Dead\# Studio Albums #\Studio Albums (24 Bit 192-2)\1976 - Steal Your Face\32. Black-Throated Wind.flac|- Black-Throated Wind
Z:\Grateful Dead\# Studio Albums #\Studio Albums (24 Bit 192-2)\1976 - Steal Your Face\33. U.S. Blues.flac|- U.S. Blues
Z:\Grateful Dead\# Studio Albums #\Studio Albums (24 Bit 192-2)\1976 - Steal Your Face\34. El Paso.flac|- El Paso
Z:\Grateful Dead\# Studio Albums #\Studio Albums (24 Bit 192-2)\1976 - Steal Your Face\35. Sugaree.flac|- Sugaree
Z:\Grateful Dead\# Studio Albums #\Studio Albums (24 Bit 192-2)\1976 - Steal Your Face\36. It Must Have Been The Roses.flac|- It Must Have Been The Roses
Z:\Grateful Dead\# Studio Albums #\Studio Albums (24 Bit 192-2)\1976 - Steal Your Face\37. Casey Jones.flac|- Casey Jones
Z:\Grateful Dead\# Studio Albums #\Studio Albums (24 Bit 192-2)\1977 - Terrapin Station\01-Estimated Prophet.flac|Estimated Prophet
Z:\Grateful Dead\# Studio Albums #\Studio Albums (24 Bit 192-2)\1977 - Terrapin Station\02-Dancin' In The Streets.flac|Dancin' In The Streets
Z:\Grateful Dead\# Studio Albums #\Studio Albums (24 Bit 192-2)\1977 - Terrapin Station\03-Passenger.flac|Passenger
Z:\Grateful Dead\# Studio Albums #\Studio Albums (24 Bit 192-2)\1977 - Terrapin Station\04-Samson And Delilah.flac|Samson And Delilah
Z:\Grateful Dead\# Studio Albums #\Studio Albums (24 Bit 192-2)\1977 - Terrapin Station\05-Sunrise.flac|Sunrise
Z:\Grateful Dead\# Studio Albums #\Studio Albums (24 Bit 192-2)\1977 - Terrapin Station\06-Terrapin Station Medley.flac|Terrapin Station Medley
Z:\Grateful Dead\# Studio Albums #\Studio Albums (24 Bit 192-2)\1978 - Shakedown Street\01-Good Lovin'.flac|Good Lovin'
Z:\Grateful Dead\# Studio Albums #\Studio Albums (24 Bit 192-2)\1978 - Shakedown Street\02-France.flac|France
Z:\Grateful Dead\# Studio Albums #\Studio Albums (24 Bit 192-2)\1978 - Shakedown Street\03-Shakedown Street.flac|Shakedown Street
Z:\Grateful Dead\# Studio Albums #\Studio Albums (24 Bit 192-2)\1978 - Shakedown Street\04-Serengetti.flac|Serengetti
Z:\Grateful Dead\# Studio Albums #\Studio Albums (24 Bit 192-2)\1978 - Shakedown Street\05-Fire On The Mountain.flac|Fire On The Mountain
Z:\Grateful Dead\# Studio Albums #\Studio Albums (24 Bit 192-2)\1978 - Shakedown Street\06-I Need A Miracle.flac|I Need A Miracle
Z:\Grateful Dead\# Studio Albums #\Studio Albums (24 Bit 192-2)\1978 - Shakedown Street\07-From The Heart Of Me.flac|From The Heart Of Me
Z:\Grateful Dead\# Studio Albums #\Studio Albums (24 Bit 192-2)\1978 - Shakedown Street\08-Stagger Lee.flac|Stagger Lee
Z:\Grateful Dead\# Studio Albums #\Studio Albums (24 Bit 192-2)\1978 - Shakedown Street\09-All New Minglewood Blues.flac|All New Minglewood Blues
Z:\Grateful Dead\# Studio Albums #\Studio Albums (24 Bit 192-2)\1978 - Shakedown Street\10-If I Had The World To Give.flac|If I Had The World To Give
Z:\Grateful Dead\# Studio Albums #\Studio Albums (24 Bit 192-2)\1980 - Go To Heaven\01-Alabama Getaway.flac|Alabama Getaway
Z:\Grateful Dead\# Studio Albums #\Studio Albums (24 Bit 192-2)\1980 - Go To Heaven\02-Far From Me.flac|Far From Me
Z:\Grateful Dead\# Studio Albums #\Studio Albums (24 Bit 192-2)\1980 - Go To Heaven\03-Althea.flac|Althea
Z:\Grateful Dead\# Studio Albums #\Studio Albums (24 Bit 192-2)\1980 - Go To Heaven\04-Feel Like A Stranger.flac|Feel Like A Stranger
Z:\Grateful Dead\# Studio Albums #\Studio Albums (24 Bit 192-2)\1980 - Go To Heaven\05-Lost Sailor.flac|Lost Sailor
Z:\Grateful Dead\# Studio Albums #\Studio Albums (24 Bit 192-2)\1980 - Go To Heaven\06-Saint Of Circumstance.flac|Saint Of Circumstance
Z:\Grateful Dead\# Studio Albums #\Studio Albums (24 Bit 192-2)\1980 - Go To Heaven\07-Antwerp's Placebo (The Plumber).flac|Antwerp's Placebo (The Plumber)
Z:\Grateful Dead\# Studio Albums #\Studio Albums (24 Bit 192-2)\1980 - Go To Heaven\08-Easy To Love You.flac|Easy To Love You
Z:\Grateful Dead\# Studio Albums #\Studio Albums (24 Bit 192-2)\1980 - Go To Heaven\09-Don't Ease Me In.flac|Don't Ease Me In
Z:\Grateful Dead\# Studio Albums #\Studio Albums (24 Bit 192-2)\1987 - In The Dark\01-Touch Of Grey.flac|Touch Of Grey
Z:\Grateful Dead\# Studio Albums #\Studio Albums (24 Bit 192-2)\1987 - In The Dark\02-Hell In A Bucket.flac|Hell In A Bucket
Z:\Grateful Dead\# Studio Albums #\Studio Albums (24 Bit 192-2)\1987 - In The Dark\03-When Push Comes To Shove.flac|When Push Comes To Shove
Z:\Grateful Dead\# Studio Albums #\Studio Albums (24 Bit 192-2)\1987 - In The Dark\04-West L.A. Fadeaway.flac|West L.A. Fadeaway
Z:\Grateful Dead\# Studio Albums #\Studio Albums (24 Bit 192-2)\1987 - In The Dark\05-Tons Of Steel.flac|Tons Of Steel
Z:\Grateful Dead\# Studio Albums #\Studio Albums (24 Bit 192-2)\1987 - In The Dark\06-Throwing Stones.flac|Throwing Stones
Z:\Grateful Dead\# Studio Albums #\Studio Albums (24 Bit 192-2)\1987 - In The Dark\07-Black Muddy River.flac|Black Muddy River
Z:\Grateful Dead\# Studio Albums #\Studio Albums (24 Bit 192-2)\1989 - Built To Last\01-Foolish Heart.flac|Foolish Heart
Z:\Grateful Dead\# Studio Albums #\Studio Albums (24 Bit 192-2)\1989 - Built To Last\02-Just A Little Light.flac|Just A Little Light
Z:\Grateful Dead\# Studio Albums #\Studio Albums (24 Bit 192-2)\1989 - Built To Last\03-Built To Last.flac|Built To Last
Z:\Grateful Dead\# Studio Albums #\Studio Albums (24 Bit 192-2)\1989 - Built To Last\04-Blow Away.flac|Blow Away
Z:\Grateful Dead\# Studio Albums #\Studio Albums (24 Bit 192-2)\1989 - Built To Last\05-Victim Or The Crime.flac|Victim Or The Crime
Z:\Grateful Dead\# Studio Albums #\Studio Albums (24 Bit 192-2)\1989 - Built To Last\06-We Can Run.flac|We Can Run
Z:\Grateful Dead\# Studio Albums #\Studio Albums (24 Bit 192-2)\1989 - Built To Last\07-Standing On The Moon.flac|Standing On The Moon
Z:\Grateful Dead\# Studio Albums #\Studio Albums (24 Bit 192-2)\1989 - Built To Last\08-Picasso Moon.flac|Picasso Moon
Z:\Grateful Dead\# Studio Albums #\Studio Albums (24 Bit 192-2)\1989 - Built To Last\09-I Will Take You Home.flac|I Will Take You Home
Z:\Grateful Dead\# Studio Albums #\Studio Albums (24 Bit)\1966 - Historic Dead - 24 Bit (96-2) (Vinyl Rip)\01 Good Morning Little School Girl.flac|Good Morning Little School Girl
Z:\Grateful Dead\# Studio Albums #\Studio Albums (24 Bit)\1966 - Historic Dead - 24 Bit (96-2) (Vinyl Rip)\02 Lindy.flac|Lindy
Z:\Grateful Dead\# Studio Albums #\Studio Albums (24 Bit)\1966 - Historic Dead - 24 Bit (96-2) (Vinyl Rip)\03 Stealin'.flac|Stealin'
Z:\Grateful Dead\# Studio Albums #\Studio Albums (24 Bit)\1966 - Historic Dead - 24 Bit (96-2) (Vinyl Rip)\04 The Same Thing.flac|The Same Thing
Z:\Grateful Dead\# Studio Albums #\Studio Albums (24 Bit)\1966 - Vintage Dead - 24 Bit (96-2) (Vinyl Rip)\05 I Know You Rider.flac|I Know You Rider
Z:\Grateful Dead\# Studio Albums #\Studio Albums (24 Bit)\1966 - Vintage Dead - 24 Bit (96-2) (Vinyl Rip)\06 It Hurts Me Too.flac|It Hurts Me Too
Z:\Grateful Dead\# Studio Albums #\Studio Albums (24 Bit)\1966 - Vintage Dead - 24 Bit (96-2) (Vinyl Rip)\07 It's All Over Now Baby Blue.flac|It's All Over Now Baby Blue
Z:\Grateful Dead\# Studio Albums #\Studio Albums (24 Bit)\1966 - Vintage Dead - 24 Bit (96-2) (Vinyl Rip)\08 Dancing In The Streets.flac|Dancing In The Streets
Z:\Grateful Dead\# Studio Albums #\Studio Albums (24 Bit)\1966 - Vintage Dead - 24 Bit (96-2) (Vinyl Rip)\09 In The Midnight Hour.flac|In The Midnight Hour
Z:\Grateful Dead\# Studio Albums #\Studio Albums (24 Bit)\1967 - Grateful Dead (5.1 Upmix of remastered version)\01 The Golden Road (To Unlimited Devotion).flac|The Golden Road (To Unlimited Devotion)
Z:\Grateful Dead\# Studio Albums #\Studio Albums (24 Bit)\1967 - Grateful Dead (5.1 Upmix of remastered version)\02 Beat It Down the Line.flac|Beat It Down the Line
Z:\Grateful Dead\# Studio Albums #\Studio Albums (24 Bit)\1967 - Grateful Dead (5.1 Upmix of remastered version)\03 Good Morning Little School Girl [Full-Length Version].flac|Good Morning Little School Girl [Full-Length Version]
Z:\Grateful Dead\# Studio Albums #\Studio Albums (24 Bit)\1967 - Grateful Dead (5.1 Upmix of remastered version)\04 Cold Rain and Snow.flac|Cold Rain and Snow
Z:\Grateful Dead\# Studio Albums #\Studio Albums (24 Bit)\1967 - Grateful Dead (5.1 Upmix of remastered version)\05 Sitting on Top of the World [Full-Length Version].flac|Sitting on Top of the World [Full-Length Version]
Z:\Grateful Dead\# Studio Albums #\Studio Albums (24 Bit)\1967 - Grateful Dead (5.1 Upmix of remastered version)\06 Cream Puff War [Full-Length Version].flac|Cream Puff War [Full-Length Version]
Z:\Grateful Dead\# Studio Albums #\Studio Albums (24 Bit)\1967 - Grateful Dead (5.1 Upmix of remastered version)\07 Morning Dew [Full-Length Version].flac|Morning Dew [Full-Length Version]
Z:\Grateful Dead\# Studio Albums #\Studio Albums (24 Bit)\1967 - Grateful Dead (5.1 Upmix of remastered version)\08 New, New Minglewood Blues [Full-Length Version].flac|New, New Minglewood Blues [Full-Length Version]
Z:\Grateful Dead\# Studio Albums #\Studio Albums (24 Bit)\1967 - Grateful Dead (5.1 Upmix of remastered version)\09 Viola Lee Blues.flac|Viola Lee Blues
Z:\Grateful Dead\# Studio Albums #\Studio Albums (24 Bit)\1967 - Grateful Dead (5.1 Upmix of remastered version)\10 Alice D. Millionaire.flac|Alice D. Millionaire
Z:\Grateful Dead\# Studio Albums #\Studio Albums (24 Bit)\1967 - Grateful Dead (5.1 Upmix of remastered version)\11 Overseas Stomp (The Lindy).flac|Overseas Stomp (The Lindy)
Z:\Grateful Dead\# Studio Albums #\Studio Albums (24 Bit)\1967 - Grateful Dead (5.1 Upmix of remastered version)\12 Tastebud.flac|Tastebud
Z:\Grateful Dead\# Studio Albums #\Studio Albums (24 Bit)\1967 - Grateful Dead (5.1 Upmix of remastered version)\13 Death Don't Have No Mercy.flac|Death Don't Have No Mercy
Z:\Grateful Dead\# Studio Albums #\Studio Albums (24 Bit)\1967 - Grateful Dead (5.1 Upmix of remastered version)\14 Viola Lee Blues [Edited Version.flac|Viola Lee Blues [Edited Version
Z:\Grateful Dead\# Studio Albums #\Studio Albums (24 Bit)\1967 - Grateful Dead (5.1 Upmix of remastered version)\15 Viola Lee Blues [Live].flac|Viola Lee Blues [Live]
Z:\Grateful Dead\# Studio Albums #\Studio Albums (24 Bit)\1970 - American Beauty - 24 Bit (96-5.1) (DVD-Audio rip)\01 box of rain.flac|Box Of Rain
Z:\Grateful Dead\# Studio Albums #\Studio Albums (24 Bit)\1970 - American Beauty - 24 Bit (96-5.1) (DVD-Audio rip)\02 friend of the devil.flac|Friend Of The Devil
Z:\Grateful Dead\# Studio Albums #\Studio Albums (24 Bit)\1970 - American Beauty - 24 Bit (96-5.1) (DVD-Audio rip)\03 sugar magnolia.flac|Sugar Magnolia
Z:\Grateful Dead\# Studio Albums #\Studio Albums (24 Bit)\1970 - American Beauty - 24 Bit (96-5.1) (DVD-Audio rip)\04 operator.flac|Operator
Z:\Grateful Dead\# Studio Albums #\Studio Albums (24 Bit)\1970 - American Beauty - 24 Bit (96-5.1) (DVD-Audio rip)\05 candyman.flac|Candyman
Z:\Grateful Dead\# Studio Albums #\Studio Albums (24 Bit)\1970 - American Beauty - 24 Bit (96-5.1) (DVD-Audio rip)\06 ripple.flac|Ripple
Z:\Grateful Dead\# Studio Albums #\Studio Albums (24 Bit)\1970 - American Beauty - 24 Bit (96-5.1) (DVD-Audio rip)\07 brokedown palace.flac|Brokedown Palace
Z:\Grateful Dead\# Studio Albums #\Studio Albums (24 Bit)\1970 - American Beauty - 24 Bit (96-5.1) (DVD-Audio rip)\08 till the morning comes.flac|Till The Morning Comes
Z:\Grateful Dead\# Studio Albums #\Studio Albums (24 Bit)\1970 - American Beauty - 24 Bit (96-5.1) (DVD-Audio rip)\09 attics of my life.flac|Attics Of My Life
Z:\Grateful Dead\# Studio Albums #\Studio Albums (24 Bit)\1970 - American Beauty - 24 Bit (96-5.1) (DVD-Audio rip)\10 truckin'.flac|Truckin'
Z:\Grateful Dead\# Studio Albums #\Studio Albums (24 Bit)\1970 - Workingman's Dead - 24 Bit (96-5.1) (DVD-Audio rip)\01 uncle john's band.flac|Uncle John's Band
Z:\Grateful Dead\# Studio Albums #\Studio Albums (24 Bit)\1970 - Workingman's Dead - 24 Bit (96-5.1) (DVD-Audio rip)\02 high time.flac|High Time
Z:\Grateful Dead\# Studio Albums #\Studio Albums (24 Bit)\1970 - Workingman's Dead - 24 Bit (96-5.1) (DVD-Audio rip)\03 dire wolf.flac|Dire Wolf
Z:\Grateful Dead\# Studio Albums #\Studio Albums (24 Bit)\1970 - Workingman's Dead - 24 Bit (96-5.1) (DVD-Audio rip)\04 new speedway boogie.flac|New Speedway Boogie
Z:\Grateful Dead\# Studio Albums #\Studio Albums (24 Bit)\1970 - Workingman's Dead - 24 Bit (96-5.1) (DVD-Audio rip)\05 cumberland blues.flac|Cumberland Blues
Z:\Grateful Dead\# Studio Albums #\Studio Albums (24 Bit)\1970 - Workingman's Dead - 24 Bit (96-5.1) (DVD-Audio rip)\06 black peter.flac|Black Peter
Z:\Grateful Dead\# Studio Albums #\Studio Albums (24 Bit)\1970 - Workingman's Dead - 24 Bit (96-5.1) (DVD-Audio rip)\07 easy wind.flac|Easy Wind
Z:\Grateful Dead\# Studio Albums #\Studio Albums (24 Bit)\1970 - Workingman's Dead - 24 Bit (96-5.1) (DVD-Audio rip)\08 casey jones.flac|Casey Jones
Z:\Grateful Dead\# Studio Albums #\Studio Albums (24 Bit)\1970 - Workingman’s Dead (2023 Mickey Hart Mix) 24 Bit 48k\01 Uncle John's Band.flac|Uncle John's Band
Z:\Grateful Dead\# Studio Albums #\Studio Albums (24 Bit)\1970 - Workingman’s Dead (2023 Mickey Hart Mix) 24 Bit 48k\02 High Time.flac|High Time
Z:\Grateful Dead\# Studio Albums #\Studio Albums (24 Bit)\1970 - Workingman’s Dead (2023 Mickey Hart Mix) 24 Bit 48k\03 Dire Wolf.flac|Dire Wolf
Z:\Grateful Dead\# Studio Albums #\Studio Albums (24 Bit)\1970 - Workingman’s Dead (2023 Mickey Hart Mix) 24 Bit 48k\04 New Speedway Boogie.flac|New Speedway Boogie
Z:\Grateful Dead\# Studio Albums #\Studio Albums (24 Bit)\1970 - Workingman’s Dead (2023 Mickey Hart Mix) 24 Bit 48k\05 Cumberland Blues.flac|Cumberland Blues
Z:\Grateful Dead\# Studio Albums #\Studio Albums (24 Bit)\1970 - Workingman’s Dead (2023 Mickey Hart Mix) 24 Bit 48k\06 Black Peter.flac|Black Peter
Z:\Grateful Dead\# Studio Albums #\Studio Albums (24 Bit)\1970 - Workingman’s Dead (2023 Mickey Hart Mix) 24 Bit 48k\07 Easy Wind.flac|Easy Wind
Z:\Grateful Dead\# Studio Albums #\Studio Albums (24 Bit)\1970 - Workingman’s Dead (2023 Mickey Hart Mix) 24 Bit 48k\08 Casey Jones.flac|Casey Jones
Z:\Grateful Dead\# Studio Albums #\Studio Albums (24 Bit)\1972 - Europe '72 - 24 Bit 96-5.1 (Upmix)\01 Cumberland Blues.flac|Cumberland Blues
Z:\Grateful Dead\# Studio Albums #\Studio Albums (24 Bit)\1972 - Europe '72 - 24 Bit 96-5.1 (Upmix)\02 He's Gone.flac|He's Gone
Z:\Grateful Dead\# Studio Albums #\Studio Albums (24 Bit)\1972 - Europe '72 - 24 Bit 96-5.1 (Upmix)\03 One More Saturday Night.flac|One More Saturday Night
Z:\Grateful Dead\# Studio Albums #\Studio Albums (24 Bit)\1972 - Europe '72 - 24 Bit 96-5.1 (Upmix)\04 Jack Straw.flac|Jack Straw
Z:\Grateful Dead\# Studio Albums #\Studio Albums (24 Bit)\1972 - Europe '72 - 24 Bit 96-5.1 (Upmix)\05 You Win Again.flac|You Win Again
Z:\Grateful Dead\# Studio Albums #\Studio Albums (24 Bit)\1972 - Europe '72 - 24 Bit 96-5.1 (Upmix)\06 China Cat Sunflower -- I Know You Rider.flac|China Cat Sunflower -- I Know You Rider
Z:\Grateful Dead\# Studio Albums #\Studio Albums (24 Bit)\1972 - Europe '72 - 24 Bit 96-5.1 (Upmix)\07 Brown-Eyed Woman.flac|Brown-Eyed Woman
Z:\Grateful Dead\# Studio Albums #\Studio Albums (24 Bit)\1972 - Europe '72 - 24 Bit 96-5.1 (Upmix)\08 Hurts Me Too.flac|Hurts Me Too
Z:\Grateful Dead\# Studio Albums #\Studio Albums (24 Bit)\1972 - Europe '72 - 24 Bit 96-5.1 (Upmix)\09 Ramble On Rose.flac|Ramble On Rose
Z:\Grateful Dead\# Studio Albums #\Studio Albums (24 Bit)\1972 - Europe '72 - 24 Bit 96-5.1 (Upmix)\10 Sugar Magnolia.flac|Sugar Magnolia
Z:\Grateful Dead\# Studio Albums #\Studio Albums (24 Bit)\1972 - Europe '72 - 24 Bit 96-5.1 (Upmix)\11 Mr. Charlie.flac|Mr. Charlie
Z:\Grateful Dead\# Studio Albums #\Studio Albums (24 Bit)\1972 - Europe '72 - 24 Bit 96-5.1 (Upmix)\12 Tennessee Jed.flac|Tennessee Jed
Z:\Grateful Dead\# Studio Albums #\Studio Albums (24 Bit)\1972 - Europe '72 - 24 Bit 96-5.1 (Upmix)\13 Truckin' -- Epilogue.flac|Truckin' -- Epilogue
Z:\Grateful Dead\# Studio Albums #\Studio Albums (24 Bit)\1972 - Europe '72 - 24 Bit 96-5.1 (Upmix)\14 Prelude -- Walk Me Out In The Morning Dew.flac|Prelude -- Walk Me Out In The Morning Dew
Z:\Grateful Dead\# Studio Albums #\Studio Albums (24 Bit)\1974 - From The Mars Hotel (24 Bit (96-2) {SACD})\01 US Blues.flac|U.S. Blues
Z:\Grateful Dead\# Studio Albums #\Studio Albums (24 Bit)\1974 - From The Mars Hotel (24 Bit (96-2) {SACD})\02 China Doll.flac|China Doll
Z:\Grateful Dead\# Studio Albums #\Studio Albums (24 Bit)\1974 - From The Mars Hotel (24 Bit (96-2) {SACD})\03 Unbroken Chain.flac|Unbroken Chain
Z:\Grateful Dead\# Studio Albums #\Studio Albums (24 Bit)\1974 - From The Mars Hotel (24 Bit (96-2) {SACD})\04 Loose Lucy.flac|Loose Lucy
Z:\Grateful Dead\# Studio Albums #\Studio Albums (24 Bit)\1974 - From The Mars Hotel (24 Bit (96-2) {SACD})\05 Scarlet Begonias.flac|Scarlet Begonias
Z:\Grateful Dead\# Studio Albums #\Studio Albums (24 Bit)\1974 - From The Mars Hotel (24 Bit (96-2) {SACD})\06 Pride of Cucamonga.flac|Pride of Cucamonga
Z:\Grateful Dead\# Studio Albums #\Studio Albums (24 Bit)\1974 - From The Mars Hotel (24 Bit (96-2) {SACD})\07 Money Money.flac|Money Money
Z:\Grateful Dead\# Studio Albums #\Studio Albums (24 Bit)\1974 - From The Mars Hotel (24 Bit (96-2) {SACD})\08 Ship of Fools.flac|Ship of Fools
Z:\Grateful Dead\# Studio Albums #\Studio Albums (24 Bit)\1975 - Blues For Allah (24 Bit (96-2) {SACD})\01 Help On The Way-Slipknot!.flac|Help On The Way-Slipknot!
Z:\Grateful Dead\# Studio Albums #\Studio Albums (24 Bit)\1975 - Blues For Allah (24 Bit (96-2) {SACD})\02 Franklin's Tower.flac|Franklin's Tower
Z:\Grateful Dead\# Studio Albums #\Studio Albums (24 Bit)\1975 - Blues For Allah (24 Bit (96-2) {SACD})\03 King Solomon's Marbles.flac|King Solomon's Marbles
Z:\Grateful Dead\# Studio Albums #\Studio Albums (24 Bit)\1975 - Blues For Allah (24 Bit (96-2) {SACD})\04 The Music Never Stopped.flac|The Music Never Stopped
Z:\Grateful Dead\# Studio Albums #\Studio Albums (24 Bit)\1975 - Blues For Allah (24 Bit (96-2) {SACD})\05 Crazy Fingers.flac|Crazy Fingers
Z:\Grateful Dead\# Studio Albums #\Studio Albums (24 Bit)\1975 - Blues For Allah (24 Bit (96-2) {SACD})\06 Sage & Spirit.flac|Sage & Spirit
Z:\Grateful Dead\# Studio Albums #\Studio Albums (24 Bit)\1975 - Blues For Allah (24 Bit (96-2) {SACD})\07 Blues For Allah.flac|Blues For Allah
Z:\Grateful Dead\# Studio Albums #\Studio Albums (24 Bit)\1980 -  Dead Set - 24 Bit (96-2)\01 Samson and Delilah.flac|Samson and Delilah
Z:\Grateful Dead\# Studio Albums #\Studio Albums (24 Bit)\1980 -  Dead Set - 24 Bit (96-2)\02 Friend of the Devil.flac|Friend of the Devil
Z:\Grateful Dead\# Studio Albums #\Studio Albums (24 Bit)\1980 -  Dead Set - 24 Bit (96-2)\03 New Minglewood Blues.flac|New Minglewood Blues
Z:\Grateful Dead\# Studio Albums #\Studio Albums (24 Bit)\1980 -  Dead Set - 24 Bit (96-2)\04 Deal.flac|Deal
Z:\Grateful Dead\# Studio Albums #\Studio Albums (24 Bit)\1980 -  Dead Set - 24 Bit (96-2)\05 Candyman.flac|Candyman
Z:\Grateful Dead\# Studio Albums #\Studio Albums (24 Bit)\1980 -  Dead Set - 24 Bit (96-2)\06 Little Red Rooster.flac|Little Red Rooster
Z:\Grateful Dead\# Studio Albums #\Studio Albums (24 Bit)\1980 -  Dead Set - 24 Bit (96-2)\07 Loser.flac|Loser
Z:\Grateful Dead\# Studio Albums #\Studio Albums (24 Bit)\1980 -  Dead Set - 24 Bit (96-2)\08 Passenger.flac|Passenger
Z:\Grateful Dead\# Studio Albums #\Studio Albums (24 Bit)\1980 -  Dead Set - 24 Bit (96-2)\09 Feel Like a Stranger.flac|Feel Like a Stranger
Z:\Grateful Dead\# Studio Albums #\Studio Albums (24 Bit)\1980 -  Dead Set - 24 Bit (96-2)\10 Franklin's Tower.flac|Franklin's Tower
Z:\Grateful Dead\# Studio Albums #\Studio Albums (24 Bit)\1980 -  Dead Set - 24 Bit (96-2)\11 Rhythm Devils.flac|Rhythm Devils
Z:\Grateful Dead\# Studio Albums #\Studio Albums (24 Bit)\1980 -  Dead Set - 24 Bit (96-2)\12 Space.flac|Space
Z:\Grateful Dead\# Studio Albums #\Studio Albums (24 Bit)\1980 -  Dead Set - 24 Bit (96-2)\13 Fire on the Mountain.flac|Fire on the Mountain
Z:\Grateful Dead\# Studio Albums #\Studio Albums (24 Bit)\1980 -  Dead Set - 24 Bit (96-2)\14 Greatest Story Ever Told.flac|Greatest Story Ever Told
Z:\Grateful Dead\# Studio Albums #\Studio Albums (24 Bit)\1980 -  Dead Set - 24 Bit (96-2)\15 Brokedown Palace.flac|Brokedown Palace
Z:\Grateful Dead\# Studio Albums #\Studio Albums (24 Bit)\1980 -  Dead Set - 24 Bit (96-2)\16 Let It Grow.flac|Let It Grow
Z:\Grateful Dead\# Studio Albums #\Studio Albums (24 Bit)\1980 -  Dead Set - 24 Bit (96-2)\17 Sugaree.flac|Sugaree
Z:\Grateful Dead\# Studio Albums #\Studio Albums (24 Bit)\1980 -  Dead Set - 24 Bit (96-2)\18 C. C. Rider.flac|C. C. Rider
Z:\Grateful Dead\# Studio Albums #\Studio Albums (24 Bit)\1980 -  Dead Set - 24 Bit (96-2)\19 Row Jimmy.flac|Row Jimmy
Z:\Grateful Dead\# Studio Albums #\Studio Albums (24 Bit)\1980 -  Dead Set - 24 Bit (96-2)\20 Lazy Lightnin'.flac|Lazy Lightnin'
Z:\Grateful Dead\# Studio Albums #\Studio Albums (24 Bit)\1980 -  Dead Set - 24 Bit (96-2)\21 Supplication.flac|Supplication
Z:\Grateful Dead\# Studio Albums #\Studio Albums (24 Bit)\1980 -  Dead Set - 24 Bit (96-2)\22 High Time.flac|High Time
Z:\Grateful Dead\# Studio Albums #\Studio Albums (24 Bit)\1980 -  Dead Set - 24 Bit (96-2)\23 Jack Straw.flac|Jack Straw
Z:\Grateful Dead\# Studio Albums #\Studio Albums (24 Bit)\1980 -  Dead Set - 24 Bit (96-2)\24 Shakedown Street.flac|Shakedown Street
Z:\Grateful Dead\# Studio Albums #\Studio Albums (24 Bit)\1980 -  Dead Set - 24 Bit (96-2)\25 Not Fade Away.flac|Not Fade Away
Z:\Grateful Dead\# Studio Albums #\Studio Albums (24 Bit)\1981 - Reckoning - 24 Bit (96-2)\01 Dire Wolf.flac|Dire Wolf
Z:\Grateful Dead\# Studio Albums #\Studio Albums (24 Bit)\1981 - Reckoning - 24 Bit (96-2)\02 The Race Is On.flac|The Race Is On
Z:\Grateful Dead\# Studio Albums #\Studio Albums (24 Bit)\1981 - Reckoning - 24 Bit (96-2)\03 Oh Babe It Ain't No Lie.flac|Oh Babe It Ain't No Lie
Z:\Grateful Dead\# Studio Albums #\Studio Albums (24 Bit)\1981 - Reckoning - 24 Bit (96-2)\04 It Must Have Been The Roses.flac|It Must Have Been The Roses
Z:\Grateful Dead\# Studio Albums #\Studio Albums (24 Bit)\1981 - Reckoning - 24 Bit (96-2)\05 Dark Hollow.flac|Dark Hollow
Z:\Grateful Dead\# Studio Albums #\Studio Albums (24 Bit)\1981 - Reckoning - 24 Bit (96-2)\06 China Doll.flac|China Doll
Z:\Grateful Dead\# Studio Albums #\Studio Albums (24 Bit)\1981 - Reckoning - 24 Bit (96-2)\07 Been All Around This World.flac|Been All Around This World
Z:\Grateful Dead\# Studio Albums #\Studio Albums (24 Bit)\1981 - Reckoning - 24 Bit (96-2)\08 Monkey And The Engineer.flac|Monkey And The Engineer
Z:\Grateful Dead\# Studio Albums #\Studio Albums (24 Bit)\1981 - Reckoning - 24 Bit (96-2)\09 Jack-A-Roe.flac|Jack-A-Roe
Z:\Grateful Dead\# Studio Albums #\Studio Albums (24 Bit)\1981 - Reckoning - 24 Bit (96-2)\10 Deep Elem Blues.flac|Deep Elem Blues
Z:\Grateful Dead\# Studio Albums #\Studio Albums (24 Bit)\1981 - Reckoning - 24 Bit (96-2)\11 Cassidy.flac|Cassidy
Z:\Grateful Dead\# Studio Albums #\Studio Albums (24 Bit)\1981 - Reckoning - 24 Bit (96-2)\12 To Lay Me Down.flac|To Lay Me Down
Z:\Grateful Dead\# Studio Albums #\Studio Albums (24 Bit)\1981 - Reckoning - 24 Bit (96-2)\13 Rosalie McFall.flac|Rosalie McFall
Z:\Grateful Dead\# Studio Albums #\Studio Albums (24 Bit)\1981 - Reckoning - 24 Bit (96-2)\14 On The Road Again.flac|On The Road Again
Z:\Grateful Dead\# Studio Albums #\Studio Albums (24 Bit)\1981 - Reckoning - 24 Bit (96-2)\15 Bird Song.flac|Bird Song
Z:\Grateful Dead\# Studio Albums #\Studio Albums (24 Bit)\1981 - Reckoning - 24 Bit (96-2)\16 Ripple.flac|Ripple
Z:\Grateful Dead\# Studio Albums #\Studio Albums (24 Bit)\1981 - Reckoning - 24 Bit (96-2)\17 To Lay Me Down (Studio Rehearsal).flac|To Lay Me Down (Studio Rehearsal)
Z:\Grateful Dead\# Studio Albums #\Studio Albums (24 Bit)\1981 - Reckoning - 24 Bit (96-2)\18 Iko Iko.flac|Iko Iko
Z:\Grateful Dead\# Studio Albums #\Studio Albums (24 Bit)\1981 - Reckoning - 24 Bit (96-2)\19 Heaven Help the Fool.flac|Heaven Help the Fool
Z:\Grateful Dead\# Studio Albums #\Studio Albums (24 Bit)\1981 - Reckoning - 24 Bit (96-2)\20 El Paso.flac|El Paso
Z:\Grateful Dead\# Studio Albums #\Studio Albums (24 Bit)\1981 - Reckoning - 24 Bit (96-2)\21 Sage & Spirit.flac|Sage & Spirit
Z:\Grateful Dead\# Studio Albums #\Studio Albums (24 Bit)\1981 - Reckoning - 24 Bit (96-2)\22 Little Sadie.flac|Little Sadie
Z:\Grateful Dead\# Studio Albums #\Studio Albums (24 Bit)\1981 - Reckoning - 24 Bit (96-2)\23 It Must Have Been The Roses (Alternate Live Version).flac|It Must Have Been The Roses (Alternate Live Version)
Z:\Grateful Dead\# Studio Albums #\Studio Albums (24 Bit)\1981 - Reckoning - 24 Bit (96-2)\24 Dark Hollow (Alternate Live Version).flac|Dark Hollow (Alternate Live Version)
Z:\Grateful Dead\# Studio Albums #\Studio Albums (24 Bit)\1981 - Reckoning - 24 Bit (96-2)\25 Jack-A-Roe (Alternate Live Version).flac|Jack-A-Roe (Alternate Live Version)
Z:\Grateful Dead\# Studio Albums #\Studio Albums (24 Bit)\1981 - Reckoning - 24 Bit (96-2)\26 Cassidy (Alternate Live Version).flac|Cassidy (Alternate Live Version)
Z:\Grateful Dead\# Studio Albums #\Studio Albums (24 Bit)\1981 - Reckoning - 24 Bit (96-2)\27 China Doll (Alternate Live Version).flac|China Doll (Alternate Live Version)
Z:\Grateful Dead\# Studio Albums #\Studio Albums (24 Bit)\1981 - Reckoning - 24 Bit (96-2)\28 Monkey And The Engineer (Alternate Live Version).flac|Monkey And The Engineer (Alternate Live Version)
Z:\Grateful Dead\# Studio Albums #\Studio Albums (24 Bit)\1981 - Reckoning - 24 Bit (96-2)\29 Oh Babe It Ain't No Lie (Alternate Live Version).flac|Oh Babe It Ain't No Lie (Alternate Live Version)
Z:\Grateful Dead\# Studio Albums #\Studio Albums (24 Bit)\1981 - Reckoning - 24 Bit (96-2)\30 Ripple (Alternate Live Version).flac|Ripple (Alternate Live Version)
Z:\Grateful Dead\# Studio Albums #\Studio Albums (24 Bit)\1981 - Reckoning - 24 Bit (96-2)\31 Tom Dooley.flac|Tom Dooley
Z:\Grateful Dead\# Studio Albums #\Studio Albums (24 Bit)\1981 - Reckoning - 24 Bit (96-2)\32 Deep Elem Blues (Alternate Live Version).flac|Deep Elem Blues (Alternate Live Version)
Z:\Grateful Dead\# Studio Albums #\Studio Albums - Live\1966- 1967 The Grateful Dead Live\01 The Golden Road (To Unlimited Devotion).flac|The Golden Road (To Unlimited Devotion)
Z:\Grateful Dead\# Studio Albums #\Studio Albums - Live\1966- 1967 The Grateful Dead Live\02 Beat It On Down The Line  03-18-67.flac|Beat It On Down The Line  03-18-67
Z:\Grateful Dead\# Studio Albums #\Studio Albums - Live\1966- 1967 The Grateful Dead Live\03 Good Morning, Little School Girl  11-29-66.flac|Good Morning, Little School Girl  11-29-66
Z:\Grateful Dead\# Studio Albums #\Studio Albums - Live\1966- 1967 The Grateful Dead Live\04 Cold Rain And Snow  03-18-67.flac|Cold Rain And Snow  03-18-67
Z:\Grateful Dead\# Studio Albums #\Studio Albums - Live\1966- 1967 The Grateful Dead Live\05 Sittin' On Top Of The World  05-19-66.flac|Sittin' On Top Of The World  05-19-66
Z:\Grateful Dead\# Studio Albums #\Studio Albums - Live\1966- 1967 The Grateful Dead Live\06 Cream Puff War  11-19-66.flac|Cream Puff War  11-19-66
Z:\Grateful Dead\# Studio Albums #\Studio Albums - Live\1966- 1967 The Grateful Dead Live\07 Morning Dew  10-22-67.flac|Morning Dew  10-22-67
Z:\Grateful Dead\# Studio Albums #\Studio Albums - Live\1966- 1967 The Grateful Dead Live\08 New, New Minglewood Blues  07-30-67.flac|New, New Minglewood Blues  07-30-67
Z:\Grateful Dead\# Studio Albums #\Studio Albums - Live\1966- 1967 The Grateful Dead Live\09 Viola Lee Blues  07-03-66 (except the Bill Graham intro).flac|Viola Lee Blues  07-03-66 (except the Bill Graham intro)
Z:\Grateful Dead\# Studio Albums #\Studio Albums - Live\1968- 1968 Anthem Of The Sun Live\01   That's It For The Other One  11-01-68.flac|That's It For The Other One  11-01-68
Z:\Grateful Dead\# Studio Albums #\Studio Albums - Live\1968- 1968 Anthem Of The Sun Live\02   New Potato Caboose   08-22-68.flac|New Potato Caboose   08-22-68
Z:\Grateful Dead\# Studio Albums #\Studio Albums - Live\1968- 1968 Anthem Of The Sun Live\03   Born Cross-Eyed   01-17-68.flac|Born Cross-Eyed   01-17-68
Z:\Grateful Dead\# Studio Albums #\Studio Albums - Live\1968- 1968 Anthem Of The Sun Live\04   Alligator   05-xx-68.flac|Alligator   05-xx-68
Z:\Grateful Dead\# Studio Albums #\Studio Albums - Live\1968- 1968 Anthem Of The Sun Live\05   Caution (Do Not Stop On Tracks)   05-xx-68.flac|Caution (Do Not Stop On Tracks)   05-xx-68
Z:\Grateful Dead\# Studio Albums #\Studio Albums - Live\1968- 1968 Anthem Of The Sun Live\06   Feedback   11-01-68.flac|Feedback   11-01-68
Z:\Grateful Dead\# Studio Albums #\Studio Albums - Live\1968- 1969 Aoxomoxoa Live\01 St. Stephen  68-10-12.flac|St. Stephen  68-10-12
Z:\Grateful Dead\# Studio Albums #\Studio Albums - Live\1968- 1969 Aoxomoxoa Live\02 Dupree's Diamond Blues  69-02-15.flac|Dupree's Diamond Blues  69-02-15
Z:\Grateful Dead\# Studio Albums #\Studio Albums - Live\1968- 1969 Aoxomoxoa Live\03 Rosemary  68-12-07.flac|Rosemary  68-12-07
Z:\Grateful Dead\# Studio Albums #\Studio Albums - Live\1968- 1969 Aoxomoxoa Live\04 Doin' That Rag  69-06-07.flac|Doin' That Rag  69-06-07
Z:\Grateful Dead\# Studio Albums #\Studio Albums - Live\1968- 1969 Aoxomoxoa Live\05 Mountains Of The Moon  69-02-15.flac|Mountains Of The Moon  69-02-15
Z:\Grateful Dead\# Studio Albums #\Studio Albums - Live\1968- 1969 Aoxomoxoa Live\06 China Cat Sunflower 69-04-05.flac|China Cat Sunflower 69-04-05
Z:\Grateful Dead\# Studio Albums #\Studio Albums - Live\1968- 1969 Aoxomoxoa Live\07 What's Become Of The Baby  69-04-26.flac|What's Become Of The Baby  69-04-26
Z:\Grateful Dead\# Studio Albums #\Studio Albums - Live\1968- 1969 Aoxomoxoa Live\08 Cosmic Charlie 69-06-05.flac|Cosmic Charlie 69-06-05
Z:\Grateful Dead\# Studio Albums #\Studio Albums - Live\1970- 1970 Workingman's Dead Live\01  Uncle John's Band  06-06-70.flac|Uncle John's Band  06-06-70
Z:\Grateful Dead\# Studio Albums #\Studio Albums - Live\1970- 1970 Workingman's Dead Live\02  High Time  02-11-70.flac|High Time  02-11-70
Z:\Grateful Dead\# Studio Albums #\Studio Albums - Live\1970- 1970 Workingman's Dead Live\03  Dire Wolf  01-16-70.flac|Dire Wolf  01-16-70
Z:\Grateful Dead\# Studio Albums #\Studio Albums - Live\1970- 1970 Workingman's Dead Live\04  New Speedway Boogie  06-07-70.flac|New Speedway Boogie  06-07-70
Z:\Grateful Dead\# Studio Albums #\Studio Albums - Live\1970- 1970 Workingman's Dead Live\05  Cumberland Blues  01-02-70b.flac|Cumberland Blues  01-02-70b
Z:\Grateful Dead\# Studio Albums #\Studio Albums - Live\1970- 1970 Workingman's Dead Live\06  Black Peter  01-03-70.flac|Black Peter  01-03-70
Z:\Grateful Dead\# Studio Albums #\Studio Albums - Live\1970- 1970 Workingman's Dead Live\07  Easy Wind  02-27-70.flac|Easy Wind  02-27-70
Z:\Grateful Dead\# Studio Albums #\Studio Albums - Live\1970- 1970 Workingman's Dead Live\08  Casey Jones .flac|Casey Jones
Z:\Grateful Dead\# Studio Albums #\Studio Albums - Live\1970- 1971 American Beauty Live\01  Box Of Rain 09-17-70.flac|Box Of Rain 09-17-70
Z:\Grateful Dead\# Studio Albums #\Studio Albums - Live\1970- 1971 American Beauty Live\02  Friend Of The Devil  11-08-70.flac|Friend Of The Devil  11-08-70
Z:\Grateful Dead\# Studio Albums #\Studio Albums - Live\1970- 1971 American Beauty Live\03  Sugar Magnolia  (2)  06-07-70.flac|Sugar Magnolia  (2)  06-07-70
Z:\Grateful Dead\# Studio Albums #\Studio Albums - Live\1970- 1971 American Beauty Live\04  Operator  11-07-70.flac|Operator  11-07-70
Z:\Grateful Dead\# Studio Albums #\Studio Albums - Live\1970- 1971 American Beauty Live\05  Candyman  11-06-70.flac|Candyman  11-06-70
Z:\Grateful Dead\# Studio Albums #\Studio Albums - Live\1970- 1971 American Beauty Live\06  Ripple  11-08-70.flac|Ripple  11-08-70
Z:\Grateful Dead\# Studio Albums #\Studio Albums - Live\1970- 1971 American Beauty Live\07  Brokedown  08-06-71.flac|Brokedown  08-06-71
Z:\Grateful Dead\# Studio Albums #\Studio Albums - Live\1970- 1971 American Beauty Live\08  Till The Morning Comes  10-11-70.flac|Till The Morning Comes  10-11-70
Z:\Grateful Dead\# Studio Albums #\Studio Albums - Live\1970- 1971 American Beauty Live\09  Attics Of My Life  06-24-70.flac|Attics Of My Life  06-24-70
Z:\Grateful Dead\# Studio Albums #\Studio Albums - Live\1970- 1971 American Beauty Live\10  Truckin'  08-18-70.flac|Truckin'  08-18-70
Z:\Grateful Dead\# Studio Albums #\Studio Albums - Live\1972- 1972 Europe '72 Live\01 Truckin'.flac|Truckin'
Z:\Grateful Dead\# Studio Albums #\Studio Albums - Live\1972- 1972 Europe '72 Live\02 Epilogue.flac|Epilogue
Z:\Grateful Dead\# Studio Albums #\Studio Albums - Live\1972- 1972 Europe '72 Live\03 Prelude.flac|Prelude
Z:\Grateful Dead\# Studio Albums #\Studio Albums - Live\1972- 1972 Europe '72 Live\04 Morning Dew.flac|Morning Dew
Z:\Grateful Dead\# Studio Albums #\Studio Albums - Live\1972- 1972 Europe '72 Live\05 Looks Like Rain.flac|Looks Like Rain
Z:\Grateful Dead\# Studio Albums #\Studio Albums - Live\1972- 1972 Europe '72 Live\06 Good Lovin'.flac|Good Lovin'
Z:\Grateful Dead\# Studio Albums #\Studio Albums - Live\1972- 1972 Europe '72 Live\07 Caution (Do Not Stop on Tracks).flac|Caution (Do Not Stop on Tracks)
Z:\Grateful Dead\# Studio Albums #\Studio Albums - Live\1972- 1972 Europe '72 Live\08 Who Do You Love.flac|Who Do You Love
Z:\Grateful Dead\# Studio Albums #\Studio Albums - Live\1972- 1972 Europe '72 Live\09 Caution (Do Not Stop on Tracks).flac|Caution (Do Not Stop on Tracks)
Z:\Grateful Dead\# Studio Albums #\Studio Albums - Live\1972- 1972 Europe '72 Live\10 Good Lovin'.flac|Good Lovin'
Z:\Grateful Dead\# Studio Albums #\Studio Albums - Live\1972- 1972 Europe '72 Live\11 Bob's Dog Story.flac|Bob's Dog Story
Z:\Grateful Dead\# Studio Albums #\Studio Albums - Live\1973- 1973 Wake Of The Flood Live\01  Mississippi Half-Step Uptown Toodeloo  10-19-73.flac|Mississippi Half-Step Uptown Toodeloo  10-19-73
Z:\Grateful Dead\# Studio Albums #\Studio Albums - Live\1973- 1973 Wake Of The Flood Live\02  Let Me Sing Your Blues Away  09-17-73 #.flac|Let Me Sing Your Blues Away  09-17-73 #
Z:\Grateful Dead\# Studio Albums #\Studio Albums - Live\1973- 1973 Wake Of The Flood Live\03  Row Jimmy  11-14-73.flac|Row Jimmy  11-14-73
Z:\Grateful Dead\# Studio Albums #\Studio Albums - Live\1973- 1973 Wake Of The Flood Live\04  Stella Blue  11-17-73.flac|Stella Blue  11-17-73
Z:\Grateful Dead\# Studio Albums #\Studio Albums - Live\1973- 1973 Wake Of The Flood Live\05  Here Comes Sunshine  11-21-73.flac|Here Comes Sunshine  11-21-73
Z:\Grateful Dead\# Studio Albums #\Studio Albums - Live\1973- 1973 Wake Of The Flood Live\06  Eyes Of The World.flac|Eyes Of The World
Z:\Grateful Dead\# Studio Albums #\Studio Albums - Live\1973- 1973 Wake Of The Flood Live\07  Weather Report Suite  09-11-73.flac|Weather Report Suite  09-11-73
Z:\Grateful Dead\# Studio Albums #\Studio Albums - Live\1974- 1995 From The Mars Hotel, Almost Live\01   U.S. Blues  06-20-74.flac|U.S. Blues  06-20-74
Z:\Grateful Dead\# Studio Albums #\Studio Albums - Live\1974- 1995 From The Mars Hotel, Almost Live\02   China Doll  06-23-74.flac|China Doll  06-23-74
Z:\Grateful Dead\# Studio Albums #\Studio Albums - Live\1974- 1995 From The Mars Hotel, Almost Live\03   Unbroken Chain  05-21-95.flac|Unbroken Chain  05-21-95
Z:\Grateful Dead\# Studio Albums #\Studio Albums - Live\1974- 1995 From The Mars Hotel, Almost Live\04   Loose Lucy  02-22-74.flac|Loose Lucy  02-22-74
Z:\Grateful Dead\# Studio Albums #\Studio Albums - Live\1974- 1995 From The Mars Hotel, Almost Live\05   Scarlet Begonias  07-25-74.flac|Scarlet Begonias  07-25-74
Z:\Grateful Dead\# Studio Albums #\Studio Albums - Live\1974- 1995 From The Mars Hotel, Almost Live\06   Pride Of Cucamonga  (Mars Hotel outtakes).flac|Pride Of Cucamonga  (Mars Hotel outtakes)
Z:\Grateful Dead\# Studio Albums #\Studio Albums - Live\1974- 1995 From The Mars Hotel, Almost Live\07   Money Money  05-21-74.flac|Money Money  05-21-74
Z:\Grateful Dead\# Studio Albums #\Studio Albums - Live\1974- 1995 From The Mars Hotel, Almost Live\08   Ship Of Fools  05-12-74.flac|Ship Of Fools  05-12-74
Z:\Grateful Dead\# Studio Albums #\Studio Albums - Live\1975- 1980 Blues For Allah Live\01   Help On The Way    75-09-28.flac|Help On The Way    75-09-28
Z:\Grateful Dead\# Studio Albums #\Studio Albums - Live\1975- 1980 Blues For Allah Live\02   Slipknot!    76-06-10.flac|Slipknot!    76-06-10
Z:\Grateful Dead\# Studio Albums #\Studio Albums - Live\1975- 1980 Blues For Allah Live\03   Franklin's Tower   76-06-14.flac|Franklin's Tower   76-06-14
Z:\Grateful Dead\# Studio Albums #\Studio Albums - Live\1975- 1980 Blues For Allah Live\04   King Solomon's Marbles  &  75-03-23.flac|King Solomon's Marbles  &  75-03-23
Z:\Grateful Dead\# Studio Albums #\Studio Albums - Live\1975- 1980 Blues For Allah Live\05   The Music Never Stopped   76-10-02.flac|The Music Never Stopped   76-10-02
Z:\Grateful Dead\# Studio Albums #\Studio Albums - Live\1975- 1980 Blues For Allah Live\06   Crazy Fingers   75-06-17.flac|Crazy Fingers   75-06-17
Z:\Grateful Dead\# Studio Albums #\Studio Albums - Live\1975- 1980 Blues For Allah Live\07   Sage and Spirit   80-10-31.flac|Sage and Spirit   80-10-31
Z:\Grateful Dead\# Studio Albums #\Studio Albums - Live\1975- 1980 Blues For Allah Live\08   Blues For Allah   75-06-17 .flac|Blues For Allah   75-06-17
Z:\Grateful Dead\# Studio Albums #\Studio Albums - Live\1975- 1980 Blues For Allah Live\09   Help On The Way (instrumental version).flac|Help On The Way (instrumental version)
Z:\Grateful Dead\# Studio Albums #\Studio Albums - Live\1975- 1980 Blues For Allah Live\10   Franklin's Tower.flac|Franklin's Tower
Z:\Grateful Dead\# Studio Albums #\Studio Albums - Live\1977- 1977 Terrapin Station Live\01   Estimated Prophet  05-28-77.flac|Estimated Prophet  05-28-77
Z:\Grateful Dead\# Studio Albums #\Studio Albums - Live\1977- 1977 Terrapin Station Live\02   Dancin' In The Streets  05-15-77.flac|Dancin' In The Streets  05-15-77
Z:\Grateful Dead\# Studio Albums #\Studio Albums - Live\1977- 1977 Terrapin Station Live\03   Passenger  11-01-77.flac|Passenger  11-01-77
Z:\Grateful Dead\# Studio Albums #\Studio Albums - Live\1977- 1977 Terrapin Station Live\04   Samson and Delilah 05-26-77.flac|Samson and Delilah 05-26-77
Z:\Grateful Dead\# Studio Albums #\Studio Albums - Live\1977- 1977 Terrapin Station Live\05   Sunrise  05-09-77.flac|Sunrise  05-09-77
Z:\Grateful Dead\# Studio Albums #\Studio Albums - Live\1977- 1977 Terrapin Station Live\06   Terrapin Station Part One  02-26-77.flac|Terrapin Station Part One  02-26-77
Z:\Grateful Dead\# Studio Albums #\Studio Albums - Live\1977- 1977 Terrapin Station Live\07   Terrapin Station (Outtake).flac|Terrapin Station (Outtake)
Z:\Grateful Dead\# Studio Albums #\Studio Albums - Live\1978 - 1978 Shakedown Street\gd - (nearly) shakedown street live-t01.flac|Good Lovin' (1978-09-16 [Giza Sound and Light Theatre, Cairo, Egypt]
Z:\Grateful Dead\# Studio Albums #\Studio Albums - Live\1978 - 1978 Shakedown Street\gd - (nearly) shakedown street live-t02.flac|France (1978-08-xx [Shakedown Street Outtakes] - Never played live)
Z:\Grateful Dead\# Studio Albums #\Studio Albums - Live\1978 - 1978 Shakedown Street\gd - (nearly) shakedown street live-t03.flac|Shakedown Street >  (1978-11-20 [Cleveland Music Hall, Cleveland, OH])
Z:\Grateful Dead\# Studio Albums #\Studio Albums - Live\1978 - 1978 Shakedown Street\gd - (nearly) shakedown street live-t04.flac|Fire On The Mountain (1978-11-16 [Uptown Theatre , Chicago, IL] )
Z:\Grateful Dead\# Studio Albums #\Studio Albums - Live\1978 - 1978 Shakedown Street\gd - (nearly) shakedown street live-t05.flac|I Need A Miracle  (1978-11-18 [Uptown Theater, Chicago, IL] )
Z:\Grateful Dead\# Studio Albums #\Studio Albums - Live\1978 - 1978 Shakedown Street\gd - (nearly) shakedown street live-t06.flac|From The Heart Of Me (1978-10-22 [Winterland Arena, San Francisco, CA] )
Z:\Grateful Dead\# Studio Albums #\Studio Albums - Live\1978 - 1978 Shakedown Street\gd - (nearly) shakedown street live-t07.flac|Stagger Lee (1978-11-23 [Capital Centre, Landover, MD])
Z:\Grateful Dead\# Studio Albums #\Studio Albums - Live\1978 - 1978 Shakedown Street\gd - (nearly) shakedown street live-t08.flac|All New Minglewood Blues  (1978-11-23 [Capital Centre, Landover, MD])
Z:\Grateful Dead\# Studio Albums #\Studio Albums - Live\1978 - 1978 Shakedown Street\gd - (nearly) shakedown street live-t09.flac|If I Had The World To Give  (1978-10-17 [Winterland Arena, San Francisco, CA])
Z:\Grateful Dead\# Studio Albums #\Studio Albums - Live\1987 - 1987 In The Dark\gd - in the dark live-t01.flac|Touch Of Grey (1987-06-30 [Kingswood Music Theater, Maple, ON])
Z:\Grateful Dead\# Studio Albums #\Studio Albums - Live\1987 - 1987 In The Dark\gd - in the dark live-t02.flac|Hell In A Bucket (1987-03-29 [The Spectrum, Philadelphia, PA])
Z:\Grateful Dead\# Studio Albums #\Studio Albums - Live\1987 - 1987 In The Dark\gd - in the dark live-t03.flac|When Push Comes To Shove (1987-03-22 [Hampton Coliseum, Hampton, VA])
Z:\Grateful Dead\# Studio Albums #\Studio Albums - Live\1987 - 1987 In The Dark\gd - in the dark live-t04.flac|West L.A. Fadeaway (1987-03-27 [Hartford Civic Center, Hartford, CT])
Z:\Grateful Dead\# Studio Albums #\Studio Albums - Live\1987 - 1987 In The Dark\gd - in the dark live-t05.flac|Tons Of Steel (1987-07-04 [Sullivan Stadium, Foxboro, MA])
Z:\Grateful Dead\# Studio Albums #\Studio Albums - Live\1987 - 1987 In The Dark\gd - in the dark live-t06.flac|Throwing Stones > (1987-03-30 [The Spectrum, Philadelphia, PA])
Z:\Grateful Dead\# Studio Albums #\Studio Albums - Live\1987 - 1987 In The Dark\gd - in the dark live-t07.flac|Black Muddy River (1987-03-24 [Hampton Coliseum, Hampton, VA])
Z:\Grateful Dead\# Studio Albums #\Studio Albums - Live\1987 - 1987 In The Dark\gd-go to heaven live-t03.flac|West L.A. Fadeaway (1987-03-27 [Hartford Civic Center, Hartford, CT]) (Uh?)
Z:\Grateful Dead\# Studio Albums #\Studio Albums - Live\2025 Enjoying the Ride\Enjoying the Ride Vol. 01 1969-06-05, 07, 08 Fillmore West, San Francisco, CA\01 - Morning Dew.flac|Morning Dew
Z:\Grateful Dead\# Studio Albums #\Studio Albums - Live\2025 Enjoying the Ride\Enjoying the Ride Vol. 01 1969-06-05, 07, 08 Fillmore West, San Francisco, CA\02 - Me and My Uncle.flac|Me and My Uncle
Z:\Grateful Dead\# Studio Albums #\Studio Albums - Live\2025 Enjoying the Ride\Enjoying the Ride Vol. 01 1969-06-05, 07, 08 Fillmore West, San Francisco, CA\03 - Doin' That Rag.flac|Doin' That Rag >
Z:\Grateful Dead\# Studio Albums #\Studio Albums - Live\2025 Enjoying the Ride\Enjoying the Ride Vol. 01 1969-06-05, 07, 08 Fillmore West, San Francisco, CA\04 - He Was a Friend of Mine.flac|He Was a Friend of Mine
Z:\Grateful Dead\# Studio Albums #\Studio Albums - Live\2025 Enjoying the Ride\Enjoying the Ride Vol. 01 1969-06-05, 07, 08 Fillmore West, San Francisco, CA\05 - Hard to Handle.flac|Hard to Handle
Z:\Grateful Dead\# Studio Albums #\Studio Albums - Live\2025 Enjoying the Ride\Enjoying the Ride Vol. 01 1969-06-05, 07, 08 Fillmore West, San Francisco, CA\06 - Cosmic Charlie.flac|Cosmic Charlie
Z:\Grateful Dead\# Studio Albums #\Studio Albums - Live\2025 Enjoying the Ride\Enjoying the Ride Vol. 01 1969-06-05, 07, 08 Fillmore West, San Francisco, CA\07 - Cryptical Envelopment.flac|Cryptical Envelopment >
Z:\Grateful Dead\# Studio Albums #\Studio Albums - Live\2025 Enjoying the Ride\Enjoying the Ride Vol. 01 1969-06-05, 07, 08 Fillmore West, San Francisco, CA\08 - Drums.flac|Drums >
Z:\Grateful Dead\# Studio Albums #\Studio Albums - Live\2025 Enjoying the Ride\Enjoying the Ride Vol. 01 1969-06-05, 07, 08 Fillmore West, San Francisco, CA\09 - The Other One.flac|The Other One >
Z:\Grateful Dead\# Studio Albums #\Studio Albums - Live\2025 Enjoying the Ride\Enjoying the Ride Vol. 01 1969-06-05, 07, 08 Fillmore West, San Francisco, CA\10 - Cryptical Envelopment.flac|Cryptical Envelopment
Z:\Grateful Dead\# Studio Albums #\Studio Albums - Live\2025 Enjoying the Ride\Enjoying the Ride Vol. 01 1969-06-05, 07, 08 Fillmore West, San Francisco, CA\11 - China Cat Sunflower.flac|China Cat Sunflower >
Z:\Grateful Dead\# Studio Albums #\Studio Albums - Live\2025 Enjoying the Ride\Enjoying the Ride Vol. 01 1969-06-05, 07, 08 Fillmore West, San Francisco, CA\12 - Sitting on Top of the World.flac|Sitting on Top of the World >
Z:\Grateful Dead\# Studio Albums #\Studio Albums - Live\2025 Enjoying the Ride\Enjoying the Ride Vol. 01 1969-06-05, 07, 08 Fillmore West, San Francisco, CA\13 - Dark Star.flac|Dark Star
Z:\Grateful Dead\# Studio Albums #\Studio Albums - Live\2025 Enjoying the Ride\Enjoying the Ride Vol. 01 1969-06-05, 07, 08 Fillmore West, San Francisco, CA\14 - Dire Wolf.flac|Dire Wolf >
Z:\Grateful Dead\# Studio Albums #\Studio Albums - Live\2025 Enjoying the Ride\Enjoying the Ride Vol. 01 1969-06-05, 07, 08 Fillmore West, San Francisco, CA\15 - Dupree's Diamond Blues.flac|Dupree's Diamond Blues >
Z:\Grateful Dead\# Studio Albums #\Studio Albums - Live\2025 Enjoying the Ride\Enjoying the Ride Vol. 01 1969-06-05, 07, 08 Fillmore West, San Francisco, CA\16 - Mountains of the Moon.flac|Mountains of the Moon >
Z:\Grateful Dead\# Studio Albums #\Studio Albums - Live\2025 Enjoying the Ride\Enjoying the Ride Vol. 01 1969-06-05, 07, 08 Fillmore West, San Francisco, CA\17 - Dark Star.flac|Dark Star
Z:\Grateful Dead\# Studio Albums #\Studio Albums - Live\2025 Enjoying the Ride\Enjoying the Ride Vol. 01 1969-06-05, 07, 08 Fillmore West, San Francisco, CA\18 - Dancing in the Street.flac|Dancing in the Street
Z:\Grateful Dead\# Studio Albums #\Studio Albums - Live\2025 Enjoying the Ride\Enjoying the Ride Vol. 01 1969-06-05, 07, 08 Fillmore West, San Francisco, CA\19 - He Was a Friend of Mine.flac|He Was a Friend of Mine
Z:\Grateful Dead\# Studio Albums #\Studio Albums - Live\2025 Enjoying the Ride\Enjoying the Ride Vol. 01 1969-06-05, 07, 08 Fillmore West, San Francisco, CA\20 - China Cat Sunflower.flac|China Cat Sunflower
Z:\Grateful Dead\# Studio Albums #\Studio Albums - Live\2025 Enjoying the Ride\Enjoying the Ride Vol. 01 1969-06-05, 07, 08 Fillmore West, San Francisco, CA\21 - New Potato Caboose.flac|New Potato Caboose
Z:\Grateful Dead\# Studio Albums #\Studio Albums - Live\2025 Enjoying the Ride\Enjoying the Ride Vol. 01 1969-06-05, 07, 08 Fillmore West, San Francisco, CA\22 - Me and My Uncle.flac|Me and My Uncle
Z:\Grateful Dead\# Studio Albums #\Studio Albums - Live\2025 Enjoying the Ride\Enjoying the Ride Vol. 01 1969-06-05, 07, 08 Fillmore West, San Francisco, CA\23 - Cryptical Envelopment.flac|Cryptical Envelopment >
Z:\Grateful Dead\# Studio Albums #\Studio Albums - Live\2025 Enjoying the Ride\Enjoying the Ride Vol. 01 1969-06-05, 07, 08 Fillmore West, San Francisco, CA\24 - Drums.flac|Drums >
Z:\Grateful Dead\# Studio Albums #\Studio Albums - Live\2025 Enjoying the Ride\Enjoying the Ride Vol. 01 1969-06-05, 07, 08 Fillmore West, San Francisco, CA\25 - The Other One.flac|The Other One >
Z:\Grateful Dead\# Studio Albums #\Studio Albums - Live\2025 Enjoying the Ride\Enjoying the Ride Vol. 01 1969-06-05, 07, 08 Fillmore West, San Francisco, CA\26 - Cosmic Charlie.flac|Cosmic Charlie
Z:\Grateful Dead\# Studio Albums #\Studio Albums - Live\2025 Enjoying the Ride\Enjoying the Ride Vol. 02 1971-02-24, 20 Capitol Theatre, Port Chester, NY\01 - Casey Jones.flac|Casey Jones
Z:\Grateful Dead\# Studio Albums #\Studio Albums - Live\2025 Enjoying the Ride\Enjoying the Ride Vol. 02 1971-02-24, 20 Capitol Theatre, Port Chester, NY\02 - Me and My Uncle.flac|Me and My Uncle
Z:\Grateful Dead\# Studio Albums #\Studio Albums - Live\2025 Enjoying the Ride\Enjoying the Ride Vol. 02 1971-02-24, 20 Capitol Theatre, Port Chester, NY\03 - Cumberland Blues.flac|Cumberland Blues
Z:\Grateful Dead\# Studio Albums #\Studio Albums - Live\2025 Enjoying the Ride\Enjoying the Ride Vol. 02 1971-02-24, 20 Capitol Theatre, Port Chester, NY\04 - Next Time You See Me.flac|Next Time You See Me
Z:\Grateful Dead\# Studio Albums #\Studio Albums - Live\2025 Enjoying the Ride\Enjoying the Ride Vol. 02 1971-02-24, 20 Capitol Theatre, Port Chester, NY\05 - Bird Song.flac|Bird Song
Z:\Grateful Dead\# Studio Albums #\Studio Albums - Live\2025 Enjoying the Ride\Enjoying the Ride Vol. 02 1971-02-24, 20 Capitol Theatre, Port Chester, NY\06 - Me and Bobby McGee.flac|Me and Bobby McGee
Z:\Grateful Dead\# Studio Albums #\Studio Albums - Live\2025 Enjoying the Ride\Enjoying the Ride Vol. 02 1971-02-24, 20 Capitol Theatre, Port Chester, NY\07 - Bertha.flac|Bertha
Z:\Grateful Dead\# Studio Albums #\Studio Albums - Live\2025 Enjoying the Ride\Enjoying the Ride Vol. 02 1971-02-24, 20 Capitol Theatre, Port Chester, NY\08 - Hard to Handle.flac|Hard to Handle
Z:\Grateful Dead\# Studio Albums #\Studio Albums - Live\2025 Enjoying the Ride\Enjoying the Ride Vol. 02 1971-02-24, 20 Capitol Theatre, Port Chester, NY\09 - Loser.flac|Loser
Z:\Grateful Dead\# Studio Albums #\Studio Albums - Live\2025 Enjoying the Ride\Enjoying the Ride Vol. 02 1971-02-24, 20 Capitol Theatre, Port Chester, NY\10 - Playing in the Band.flac|Playing in the Band
Z:\Grateful Dead\# Studio Albums #\Studio Albums - Live\2025 Enjoying the Ride\Enjoying the Ride Vol. 02 1971-02-24, 20 Capitol Theatre, Port Chester, NY\11 - Good Lovin'.flac|Good Lovin'
Z:\Grateful Dead\# Studio Albums #\Studio Albums - Live\2025 Enjoying the Ride\Enjoying the Ride Vol. 02 1971-02-24, 20 Capitol Theatre, Port Chester, NY\12 - Sugar Magnolia.flac|Sugar Magnolia
Z:\Grateful Dead\# Studio Albums #\Studio Albums - Live\2025 Enjoying the Ride\Enjoying the Ride Vol. 02 1971-02-24, 20 Capitol Theatre, Port Chester, NY\13 - I'm A King Bee.flac|I'm A King Bee
Z:\Grateful Dead\# Studio Albums #\Studio Albums - Live\2025 Enjoying the Ride\Enjoying the Ride Vol. 02 1971-02-24, 20 Capitol Theatre, Port Chester, NY\14 - Greatest Story Ever Told.flac|Greatest Story Ever Told
Z:\Grateful Dead\# Studio Albums #\Studio Albums - Live\2025 Enjoying the Ride\Enjoying the Ride Vol. 02 1971-02-24, 20 Capitol Theatre, Port Chester, NY\15 - Johnny B. Goode.flac|Johnny B. Goode
Z:\Grateful Dead\# Studio Albums #\Studio Albums - Live\2025 Enjoying the Ride\Enjoying the Ride Vol. 02 1971-02-24, 20 Capitol Theatre, Port Chester, NY\16 - Deal.flac|Deal
Z:\Grateful Dead\# Studio Albums #\Studio Albums - Live\2025 Enjoying the Ride\Enjoying the Ride Vol. 02 1971-02-24, 20 Capitol Theatre, Port Chester, NY\17 - New Minglewood Blues.flac|New Minglewood Blues
Z:\Grateful Dead\# Studio Albums #\Studio Albums - Live\2025 Enjoying the Ride\Enjoying the Ride Vol. 02 1971-02-24, 20 Capitol Theatre, Port Chester, NY\18 - Truckin'.flac|Truckin' >
Z:\Grateful Dead\# Studio Albums #\Studio Albums - Live\2025 Enjoying the Ride\Enjoying the Ride Vol. 02 1971-02-24, 20 Capitol Theatre, Port Chester, NY\19 - Not Fade Away.flac|Not Fade Away >
Z:\Grateful Dead\# Studio Albums #\Studio Albums - Live\2025 Enjoying the Ride\Enjoying the Ride Vol. 02 1971-02-24, 20 Capitol Theatre, Port Chester, NY\20 - Goin' Down the Road Feeling Bad.flac|Goin' Down the Road Feeling Bad >
Z:\Grateful Dead\# Studio Albums #\Studio Albums - Live\2025 Enjoying the Ride\Enjoying the Ride Vol. 02 1971-02-24, 20 Capitol Theatre, Port Chester, NY\21 - Not Fade Away.flac|Not Fade Away >
Z:\Grateful Dead\# Studio Albums #\Studio Albums - Live\2025 Enjoying the Ride\Enjoying the Ride Vol. 02 1971-02-24, 20 Capitol Theatre, Port Chester, NY\22 - Turn On Your Lovelight.flac|Turn On Your Lovelight
Z:\Grateful Dead\# Studio Albums #\Studio Albums - Live\2025 Enjoying the Ride\Enjoying the Ride Vol. 02 1971-02-24, 20 Capitol Theatre, Port Chester, NY\23 - Hard to Handle.flac|Hard to Handle
Z:\Grateful Dead\# Studio Albums #\Studio Albums - Live\2025 Enjoying the Ride\Enjoying the Ride Vol. 02 1971-02-24, 20 Capitol Theatre, Port Chester, NY\24 - Cryptical Envelopment.flac|Cryptical Envelopment >
Z:\Grateful Dead\# Studio Albums #\Studio Albums - Live\2025 Enjoying the Ride\Enjoying the Ride Vol. 02 1971-02-24, 20 Capitol Theatre, Port Chester, NY\25 - Drums.flac|Drums >
Z:\Grateful Dead\# Studio Albums #\Studio Albums - Live\2025 Enjoying the Ride\Enjoying the Ride Vol. 02 1971-02-24, 20 Capitol Theatre, Port Chester, NY\26 - The Other One.flac|The Other One >
Z:\Grateful Dead\# Studio Albums #\Studio Albums - Live\2025 Enjoying the Ride\Enjoying the Ride Vol. 02 1971-02-24, 20 Capitol Theatre, Port Chester, NY\27 - Wharf Rat.flac|Wharf Rat
Z:\Grateful Dead\# Studio Albums #\Studio Albums - Live\2025 Enjoying the Ride\Enjoying the Ride Vol. 02 1971-02-24, 20 Capitol Theatre, Port Chester, NY\28 - Ripple.flac|Ripple
Z:\Grateful Dead\# Studio Albums #\Studio Albums - Live\2025 Enjoying the Ride\Enjoying the Ride Vol. 02 1971-02-24, 20 Capitol Theatre, Port Chester, NY\29 - Not Fade Away.flac|Not Fade Away >
Z:\Grateful Dead\# Studio Albums #\Studio Albums - Live\2025 Enjoying the Ride\Enjoying the Ride Vol. 02 1971-02-24, 20 Capitol Theatre, Port Chester, NY\30 - Goin' Down the Road Feeling Bad.flac|Goin' Down the Road Feeling Bad >
Z:\Grateful Dead\# Studio Albums #\Studio Albums - Live\2025 Enjoying the Ride\Enjoying the Ride Vol. 02 1971-02-24, 20 Capitol Theatre, Port Chester, NY\31 - Not Fade Away.flac|Not Fade Away >
Z:\Grateful Dead\# Studio Albums #\Studio Albums - Live\2025 Enjoying the Ride\Enjoying the Ride Vol. 02 1971-02-24, 20 Capitol Theatre, Port Chester, NY\32 - Turn On Your Lovelight.flac|Turn On Your Lovelight
Z:\Grateful Dead\# Studio Albums #\Studio Albums - Live\2025 Enjoying the Ride\Enjoying the Ride Vol. 03 1971-04-25, 27 Fillmore East, New York, NY\01 - Truckin'.flac|Truckin'
Z:\Grateful Dead\# Studio Albums #\Studio Albums - Live\2025 Enjoying the Ride\Enjoying the Ride Vol. 03 1971-04-25, 27 Fillmore East, New York, NY\02 - Loser.flac|Loser
Z:\Grateful Dead\# Studio Albums #\Studio Albums - Live\2025 Enjoying the Ride\Enjoying the Ride Vol. 03 1971-04-25, 27 Fillmore East, New York, NY\03 - Hard to Handle.flac|Hard to Handle
Z:\Grateful Dead\# Studio Albums #\Studio Albums - Live\2025 Enjoying the Ride\Enjoying the Ride Vol. 03 1971-04-25, 27 Fillmore East, New York, NY\04 - Me and Bobby McGee.flac|Me and Bobby McGee
Z:\Grateful Dead\# Studio Albums #\Studio Albums - Live\2025 Enjoying the Ride\Enjoying the Ride Vol. 03 1971-04-25, 27 Fillmore East, New York, NY\05 - Cold Rain and Snow.flac|Cold Rain and Snow
Z:\Grateful Dead\# Studio Albums #\Studio Albums - Live\2025 Enjoying the Ride\Enjoying the Ride Vol. 03 1971-04-25, 27 Fillmore East, New York, NY\06 - Ain't It Crazy.flac|Ain't It Crazy
Z:\Grateful Dead\# Studio Albums #\Studio Albums - Live\2025 Enjoying the Ride\Enjoying the Ride Vol. 03 1971-04-25, 27 Fillmore East, New York, NY\07 - Playing in the Band.flac|Playing in the Band
Z:\Grateful Dead\# Studio Albums #\Studio Albums - Live\2025 Enjoying the Ride\Enjoying the Ride Vol. 03 1971-04-25, 27 Fillmore East, New York, NY\08 - Friend of the Devil.flac|Friend of the Devil
Z:\Grateful Dead\# Studio Albums #\Studio Albums - Live\2025 Enjoying the Ride\Enjoying the Ride Vol. 03 1971-04-25, 27 Fillmore East, New York, NY\09 - Casey Jones.flac|Casey Jones
Z:\Grateful Dead\# Studio Albums #\Studio Albums - Live\2025 Enjoying the Ride\Enjoying the Ride Vol. 03 1971-04-25, 27 Fillmore East, New York, NY\10 - Morning Dew.flac|Morning Dew
Z:\Grateful Dead\# Studio Albums #\Studio Albums - Live\2025 Enjoying the Ride\Enjoying the Ride Vol. 03 1971-04-25, 27 Fillmore East, New York, NY\11 - Bertha.flac|Bertha
Z:\Grateful Dead\# Studio Albums #\Studio Albums - Live\2025 Enjoying the Ride\Enjoying the Ride Vol. 03 1971-04-25, 27 Fillmore East, New York, NY\12 - Good Lovin'.flac|Good Lovin'
Z:\Grateful Dead\# Studio Albums #\Studio Albums - Live\2025 Enjoying the Ride\Enjoying the Ride Vol. 03 1971-04-25, 27 Fillmore East, New York, NY\13 - Not Fade Away.flac|Not Fade Away >
Z:\Grateful Dead\# Studio Albums #\Studio Albums - Live\2025 Enjoying the Ride\Enjoying the Ride Vol. 03 1971-04-25, 27 Fillmore East, New York, NY\14 - Goin' Down the Road Feeling Bad.flac|Goin' Down the Road Feeling Bad >
Z:\Grateful Dead\# Studio Albums #\Studio Albums - Live\2025 Enjoying the Ride\Enjoying the Ride Vol. 03 1971-04-25, 27 Fillmore East, New York, NY\15 - Not Fade Away.flac|Not Fade Away >
Z:\Grateful Dead\# Studio Albums #\Studio Albums - Live\2025 Enjoying the Ride\Enjoying the Ride Vol. 03 1971-04-25, 27 Fillmore East, New York, NY\16 - Uncle John's Band.flac|Uncle John's Band
Z:\Grateful Dead\# Studio Albums #\Studio Albums - Live\2025 Enjoying the Ride\Enjoying the Ride Vol. 03 1971-04-25, 27 Fillmore East, New York, NY\17 - Truckin'.flac|Truckin'
Z:\Grateful Dead\# Studio Albums #\Studio Albums - Live\2025 Enjoying the Ride\Enjoying the Ride Vol. 03 1971-04-25, 27 Fillmore East, New York, NY\18 - Mama Tried.flac|Mama Tried
Z:\Grateful Dead\# Studio Albums #\Studio Albums - Live\2025 Enjoying the Ride\Enjoying the Ride Vol. 03 1971-04-25, 27 Fillmore East, New York, NY\19 - Bertha.flac|Bertha
Z:\Grateful Dead\# Studio Albums #\Studio Albums - Live\2025 Enjoying the Ride\Enjoying the Ride Vol. 03 1971-04-25, 27 Fillmore East, New York, NY\20 - Next Time You See Me.flac|Next Time You See Me
Z:\Grateful Dead\# Studio Albums #\Studio Albums - Live\2025 Enjoying the Ride\Enjoying the Ride Vol. 03 1971-04-25, 27 Fillmore East, New York, NY\21 - Cumberland Blues.flac|Cumberland Blues
Z:\Grateful Dead\# Studio Albums #\Studio Albums - Live\2025 Enjoying the Ride\Enjoying the Ride Vol. 03 1971-04-25, 27 Fillmore East, New York, NY\22 - Me and Bobby McGee.flac|Me and Bobby McGee
Z:\Grateful Dead\# Studio Albums #\Studio Albums - Live\2025 Enjoying the Ride\Enjoying the Ride Vol. 03 1971-04-25, 27 Fillmore East, New York, NY\23 - Loser.flac|Loser
Z:\Grateful Dead\# Studio Albums #\Studio Albums - Live\2025 Enjoying the Ride\Enjoying the Ride Vol. 03 1971-04-25, 27 Fillmore East, New York, NY\24 - Hard to Handle.flac|Hard to Handle
Z:\Grateful Dead\# Studio Albums #\Studio Albums - Live\2025 Enjoying the Ride\Enjoying the Ride Vol. 03 1971-04-25, 27 Fillmore East, New York, NY\25 - China Cat Sunflower.flac|China Cat Sunflower
Z:\Grateful Dead\# Studio Albums #\Studio Albums - Live\2025 Enjoying the Ride\Enjoying the Ride Vol. 03 1971-04-25, 27 Fillmore East, New York, NY\26 - I Know You Rider.flac|I Know You Rider
Z:\Grateful Dead\# Studio Albums #\Studio Albums - Live\2025 Enjoying the Ride\Enjoying the Ride Vol. 03 1971-04-25, 27 Fillmore East, New York, NY\27 - Casey Jones.flac|Casey Jones
Z:\Grateful Dead\# Studio Albums #\Studio Albums - Live\2025 Enjoying the Ride\Enjoying the Ride Vol. 03 1971-04-25, 27 Fillmore East, New York, NY\28 - Sugar Magnolia.flac|Sugar Magnolia
Z:\Grateful Dead\# Studio Albums #\Studio Albums - Live\2025 Enjoying the Ride\Enjoying the Ride Vol. 03 1971-04-25, 27 Fillmore East, New York, NY\29 - Deal.flac|Deal
Z:\Grateful Dead\# Studio Albums #\Studio Albums - Live\2025 Enjoying the Ride\Enjoying the Ride Vol. 03 1971-04-25, 27 Fillmore East, New York, NY\30 - Me and My Uncle.flac|Me and My Uncle
Z:\Grateful Dead\# Studio Albums #\Studio Albums - Live\2025 Enjoying the Ride\Enjoying the Ride Vol. 03 1971-04-25, 27 Fillmore East, New York, NY\31 - Bird Song.flac|Bird Song
Z:\Grateful Dead\# Studio Albums #\Studio Albums - Live\2025 Enjoying the Ride\Enjoying the Ride Vol. 03 1971-04-25, 27 Fillmore East, New York, NY\32 - Playing in the Band.flac|Playing in the Band
Z:\Grateful Dead\# Studio Albums #\Studio Albums - Live\2025 Enjoying the Ride\Enjoying the Ride Vol. 03 1971-04-25, 27 Fillmore East, New York, NY\33 - Dire Wolf.flac|Dire Wolf
Z:\Grateful Dead\# Studio Albums #\Studio Albums - Live\2025 Enjoying the Ride\Enjoying the Ride Vol. 04 1972-09-15, 16Boston Music Hall, Boston, MA\01 - Promised Land.flac|Promised Land
Z:\Grateful Dead\# Studio Albums #\Studio Albums - Live\2025 Enjoying the Ride\Enjoying the Ride Vol. 04 1972-09-15, 16Boston Music Hall, Boston, MA\02 - Sugaree.flac|Sugaree
Z:\Grateful Dead\# Studio Albums #\Studio Albums - Live\2025 Enjoying the Ride\Enjoying the Ride Vol. 04 1972-09-15, 16Boston Music Hall, Boston, MA\03 - Greatest Story Ever Told.flac|Greatest Story Ever Told
Z:\Grateful Dead\# Studio Albums #\Studio Albums - Live\2025 Enjoying the Ride\Enjoying the Ride Vol. 04 1972-09-15, 16Boston Music Hall, Boston, MA\04 - China Cat Sunflower.flac|China Cat Sunflower >
Z:\Grateful Dead\# Studio Albums #\Studio Albums - Live\2025 Enjoying the Ride\Enjoying the Ride Vol. 04 1972-09-15, 16Boston Music Hall, Boston, MA\05 - I Know You Rider.flac|I Know You Rider
Z:\Grateful Dead\# Studio Albums #\Studio Albums - Live\2025 Enjoying the Ride\Enjoying the Ride Vol. 04 1972-09-15, 16Boston Music Hall, Boston, MA\06 - Black Throated Wind.flac|Black Throated Wind
Z:\Grateful Dead\# Studio Albums #\Studio Albums - Live\2025 Enjoying the Ride\Enjoying the Ride Vol. 04 1972-09-15, 16Boston Music Hall, Boston, MA\07 - Tennessee Jed.flac|Tennessee Jed
Z:\Grateful Dead\# Studio Albums #\Studio Albums - Live\2025 Enjoying the Ride\Enjoying the Ride Vol. 04 1972-09-15, 16Boston Music Hall, Boston, MA\08 - El Paso.flac|El Paso
Z:\Grateful Dead\# Studio Albums #\Studio Albums - Live\2025 Enjoying the Ride\Enjoying the Ride Vol. 04 1972-09-15, 16Boston Music Hall, Boston, MA\09 - Loser.flac|Loser
Z:\Grateful Dead\# Studio Albums #\Studio Albums - Live\2025 Enjoying the Ride\Enjoying the Ride Vol. 04 1972-09-15, 16Boston Music Hall, Boston, MA\10 - Jack Straw.flac|Jack Straw
Z:\Grateful Dead\# Studio Albums #\Studio Albums - Live\2025 Enjoying the Ride\Enjoying the Ride Vol. 04 1972-09-15, 16Boston Music Hall, Boston, MA\11 - Friend of the Devil.flac|Friend of the Devil
Z:\Grateful Dead\# Studio Albums #\Studio Albums - Live\2025 Enjoying the Ride\Enjoying the Ride Vol. 04 1972-09-15, 16Boston Music Hall, Boston, MA\12 - Playing in the Band.flac|Playing in the Band
Z:\Grateful Dead\# Studio Albums #\Studio Albums - Live\2025 Enjoying the Ride\Enjoying the Ride Vol. 04 1972-09-15, 16Boston Music Hall, Boston, MA\13 - Casey Jones.flac|Casey Jones
Z:\Grateful Dead\# Studio Albums #\Studio Albums - Live\2025 Enjoying the Ride\Enjoying the Ride Vol. 04 1972-09-15, 16Boston Music Hall, Boston, MA\14 - He's Gone.flac|He's Gone
Z:\Grateful Dead\# Studio Albums #\Studio Albums - Live\2025 Enjoying the Ride\Enjoying the Ride Vol. 04 1972-09-15, 16Boston Music Hall, Boston, MA\15 - Me and My Uncle.flac|Me and My Uncle
Z:\Grateful Dead\# Studio Albums #\Studio Albums - Live\2025 Enjoying the Ride\Enjoying the Ride Vol. 04 1972-09-15, 16Boston Music Hall, Boston, MA\16 - Bird Song.flac|Bird Song
Z:\Grateful Dead\# Studio Albums #\Studio Albums - Live\2025 Enjoying the Ride\Enjoying the Ride Vol. 04 1972-09-15, 16Boston Music Hall, Boston, MA\17 - Mexicali Blues.flac|Mexicali Blues
Z:\Grateful Dead\# Studio Albums #\Studio Albums - Live\2025 Enjoying the Ride\Enjoying the Ride Vol. 04 1972-09-15, 16Boston Music Hall, Boston, MA\18 - Ramble on Rose.flac|Ramble on Rose
Z:\Grateful Dead\# Studio Albums #\Studio Albums - Live\2025 Enjoying the Ride\Enjoying the Ride Vol. 04 1972-09-15, 16Boston Music Hall, Boston, MA\19 - Truckin'.flac|Truckin' >
Z:\Grateful Dead\# Studio Albums #\Studio Albums - Live\2025 Enjoying the Ride\Enjoying the Ride Vol. 04 1972-09-15, 16Boston Music Hall, Boston, MA\20 - Drums.flac|Drums >
Z:\Grateful Dead\# Studio Albums #\Studio Albums - Live\2025 Enjoying the Ride\Enjoying the Ride Vol. 04 1972-09-15, 16Boston Music Hall, Boston, MA\21 - The Other One.flac|The Other One >
Z:\Grateful Dead\# Studio Albums #\Studio Albums - Live\2025 Enjoying the Ride\Enjoying the Ride Vol. 04 1972-09-15, 16Boston Music Hall, Boston, MA\22 - Morning Dew.flac|Morning Dew >
Z:\Grateful Dead\# Studio Albums #\Studio Albums - Live\2025 Enjoying the Ride\Enjoying the Ride Vol. 04 1972-09-15, 16Boston Music Hall, Boston, MA\23 - Dark Star.flac|Dark Star >
Z:\Grateful Dead\# Studio Albums #\Studio Albums - Live\2025 Enjoying the Ride\Enjoying the Ride Vol. 04 1972-09-15, 16Boston Music Hall, Boston, MA\24 - Brokedown Palace.flac|Brokedown Palace
Z:\Grateful Dead\# Studio Albums #\Studio Albums - Live\2025 Enjoying the Ride\Enjoying the Ride Vol. 05 1973-03-16 Nassau Veterans Memorial Coliseum, Uniondale, NY\01 - China Cat Sunflower.flac|China Cat Sunflower >
Z:\Grateful Dead\# Studio Albums #\Studio Albums - Live\2025 Enjoying the Ride\Enjoying the Ride Vol. 05 1973-03-16 Nassau Veterans Memorial Coliseum, Uniondale, NY\02 - I Know You Rider.flac|I Know You Rider
Z:\Grateful Dead\# Studio Albums #\Studio Albums - Live\2025 Enjoying the Ride\Enjoying the Ride Vol. 05 1973-03-16 Nassau Veterans Memorial Coliseum, Uniondale, NY\03 - Jack Straw.flac|Jack Straw
Z:\Grateful Dead\# Studio Albums #\Studio Albums - Live\2025 Enjoying the Ride\Enjoying the Ride Vol. 05 1973-03-16 Nassau Veterans Memorial Coliseum, Uniondale, NY\04 - Wave That Flag.flac|Wave That Flag
Z:\Grateful Dead\# Studio Albums #\Studio Albums - Live\2025 Enjoying the Ride\Enjoying the Ride Vol. 05 1973-03-16 Nassau Veterans Memorial Coliseum, Uniondale, NY\05 - Looks Like Rain.flac|Looks Like Rain
Z:\Grateful Dead\# Studio Albums #\Studio Albums - Live\2025 Enjoying the Ride\Enjoying the Ride Vol. 05 1973-03-16 Nassau Veterans Memorial Coliseum, Uniondale, NY\06 - Ramble on Rose.flac|Ramble on Rose
Z:\Grateful Dead\# Studio Albums #\Studio Albums - Live\2025 Enjoying the Ride\Enjoying the Ride Vol. 05 1973-03-16 Nassau Veterans Memorial Coliseum, Uniondale, NY\07 - Box of Rain.flac|Box of Rain
Z:\Grateful Dead\# Studio Albums #\Studio Albums - Live\2025 Enjoying the Ride\Enjoying the Ride Vol. 05 1973-03-16 Nassau Veterans Memorial Coliseum, Uniondale, NY\08 - Beat It on Down the Line.flac|Beat It on Down the Line
Z:\Grateful Dead\# Studio Albums #\Studio Albums - Live\2025 Enjoying the Ride\Enjoying the Ride Vol. 05 1973-03-16 Nassau Veterans Memorial Coliseum, Uniondale, NY\09 - They Love Each Other.flac|They Love Each Other
Z:\Grateful Dead\# Studio Albums #\Studio Albums - Live\2025 Enjoying the Ride\Enjoying the Ride Vol. 05 1973-03-16 Nassau Veterans Memorial Coliseum, Uniondale, NY\10 - El Paso.flac|El Paso
Z:\Grateful Dead\# Studio Albums #\Studio Albums - Live\2025 Enjoying the Ride\Enjoying the Ride Vol. 05 1973-03-16 Nassau Veterans Memorial Coliseum, Uniondale, NY\11 - Row Jimmy.flac|Row Jimmy
Z:\Grateful Dead\# Studio Albums #\Studio Albums - Live\2025 Enjoying the Ride\Enjoying the Ride Vol. 05 1973-03-16 Nassau Veterans Memorial Coliseum, Uniondale, NY\12 - Mexicali Blues.flac|Mexicali Blues
Z:\Grateful Dead\# Studio Albums #\Studio Albums - Live\2025 Enjoying the Ride\Enjoying the Ride Vol. 05 1973-03-16 Nassau Veterans Memorial Coliseum, Uniondale, NY\13 - Bird Song.flac|Bird Song
Z:\Grateful Dead\# Studio Albums #\Studio Albums - Live\2025 Enjoying the Ride\Enjoying the Ride Vol. 05 1973-03-16 Nassau Veterans Memorial Coliseum, Uniondale, NY\14 - Playing in the Band.flac|Playing in the Band
Z:\Grateful Dead\# Studio Albums #\Studio Albums - Live\2025 Enjoying the Ride\Enjoying the Ride Vol. 05 1973-03-16 Nassau Veterans Memorial Coliseum, Uniondale, NY\15 - Promised Land.flac|Promised Land >
Z:\Grateful Dead\# Studio Albums #\Studio Albums - Live\2025 Enjoying the Ride\Enjoying the Ride Vol. 05 1973-03-16 Nassau Veterans Memorial Coliseum, Uniondale, NY\16 - Bertha.flac|Bertha >
Z:\Grateful Dead\# Studio Albums #\Studio Albums - Live\2025 Enjoying the Ride\Enjoying the Ride Vol. 05 1973-03-16 Nassau Veterans Memorial Coliseum, Uniondale, NY\17 - Greatest Story Ever Told.flac|Greatest Story Ever Told
Z:\Grateful Dead\# Studio Albums #\Studio Albums - Live\2025 Enjoying the Ride\Enjoying the Ride Vol. 05 1973-03-16 Nassau Veterans Memorial Coliseum, Uniondale, NY\18 - Loser.flac|Loser
Z:\Grateful Dead\# Studio Albums #\Studio Albums - Live\2025 Enjoying the Ride\Enjoying the Ride Vol. 05 1973-03-16 Nassau Veterans Memorial Coliseum, Uniondale, NY\19 - Big River.flac|Big River
Z:\Grateful Dead\# Studio Albums #\Studio Albums - Live\2025 Enjoying the Ride\Enjoying the Ride Vol. 05 1973-03-16 Nassau Veterans Memorial Coliseum, Uniondale, NY\20 - Don't Ease Me In.flac|Don't Ease Me In
Z:\Grateful Dead\# Studio Albums #\Studio Albums - Live\2025 Enjoying the Ride\Enjoying the Ride Vol. 05 1973-03-16 Nassau Veterans Memorial Coliseum, Uniondale, NY\21 - Me and My Uncle.flac|Me and My Uncle
Z:\Grateful Dead\# Studio Albums #\Studio Albums - Live\2025 Enjoying the Ride\Enjoying the Ride Vol. 05 1973-03-16 Nassau Veterans Memorial Coliseum, Uniondale, NY\22 - Dark Star.flac|Dark Star >
Z:\Grateful Dead\# Studio Albums #\Studio Albums - Live\2025 Enjoying the Ride\Enjoying the Ride Vol. 05 1973-03-16 Nassau Veterans Memorial Coliseum, Uniondale, NY\23 - Truckin'.flac|Truckin' >
Z:\Grateful Dead\# Studio Albums #\Studio Albums - Live\2025 Enjoying the Ride\Enjoying the Ride Vol. 05 1973-03-16 Nassau Veterans Memorial Coliseum, Uniondale, NY\24 - Morning Dew.flac|Morning Dew
Z:\Grateful Dead\# Studio Albums #\Studio Albums - Live\2025 Enjoying the Ride\Enjoying the Ride Vol. 05 1973-03-16 Nassau Veterans Memorial Coliseum, Uniondale, NY\25 - Sugar Magnolia.flac|Sugar Magnolia
Z:\Grateful Dead\# Studio Albums #\Studio Albums - Live\2025 Enjoying the Ride\Enjoying the Ride Vol. 06 1977-03-20 Winterland, San Francisco, CA\01 - New Minglewood Blues.flac|New Minglewood Blues
Z:\Grateful Dead\# Studio Albums #\Studio Albums - Live\2025 Enjoying the Ride\Enjoying the Ride Vol. 06 1977-03-20 Winterland, San Francisco, CA\02 - Ramble on Rose.flac|Ramble on Rose
Z:\Grateful Dead\# Studio Albums #\Studio Albums - Live\2025 Enjoying the Ride\Enjoying the Ride Vol. 06 1977-03-20 Winterland, San Francisco, CA\03 - El Paso.flac|El Paso
Z:\Grateful Dead\# Studio Albums #\Studio Albums - Live\2025 Enjoying the Ride\Enjoying the Ride Vol. 06 1977-03-20 Winterland, San Francisco, CA\04 - Deal.flac|Deal
Z:\Grateful Dead\# Studio Albums #\Studio Albums - Live\2025 Enjoying the Ride\Enjoying the Ride Vol. 06 1977-03-20 Winterland, San Francisco, CA\05 - Cassidy.flac|Cassidy
